pl_name,p_det,src,w
TOI-237 c,0.037162176418495875,proxy_vmag,3.622450019732258
TOI-1749 b,0.02626107061467469,proxy_vmag,5.126147698839414
K2-415 b,0.7121545484973129,proxy_kepmag,0.18902937148197121
Kepler-777 b,0.7033506309483155,DR25_cdpp,0.19139547300749662
K2-147 b,0.35163744530959523,proxy_kepmag,0.3828321713063039
TOI-1452 b,0.12483120061230783,proxy_vmag,1.0784012814117023
Kepler-1152 b,0.8316936386883317,DR25_cdpp,0.16186023367063498
Kepler-327 d,0.9999993595807191,DR25_cdpp,0.13461821291257314
TOI-2096 b,0.029079785529542,proxy_vmag,4.629268209826245
TOI-269 b,0.7985761297325105,proxy_vmag,0.16857269042785622
K2-320 b,0.9993131280383822,proxy_kepmag,0.13471065567278684
K2-83 b,0.10671971688850124,proxy_kepmag,1.2614175770454914
TOI-2411 b,0.9416503491726215,proxy_vmag,0.1429597799424764
Kepler-560 b,0.9999999982917762,DR25_cdpp,0.13461812693043193
Kepler-186 e,0.9759989632117673,DR25_cdpp,0.1379285550237468
Kepler-42 b,1.0,DR25_cdpp,0.13461812670047404
Kepler-1646 b,0.9380978148617308,DR25_cdpp,0.1435011622112304
LHS 1815 b,0.04830901493854714,proxy_vmag,2.7866046714411143
LHS 475 b,0.2039261878368616,proxy_vmag,0.6601316296275144
LHS 1678 d,0.07013090675231168,proxy_vmag,1.919526396199586
K2-151 b,0.3083730799866562,proxy_kepmag,0.4365430559188214
Kepler-993 b,0.9999932687760912,DR25_cdpp,0.13461903285132654
TOI-4342 c,0.24381446695646825,proxy_vmag,0.552133465995311
Kepler-1761 b,0.998797025922625,DR25_cdpp,0.13478026386404426
TOI-5799 b,0.7120627712245661,proxy_vmag,0.18905373534550227
Kepler-446 b,0.9999999999999587,DR25_cdpp,0.1346181267004796
K2-28 b,0.9997528022597898,proxy_kepmag,0.13465141222529226
TOI-2285 b,0.05376830878933208,proxy_vmag,2.5036704655881423
TOI-912 b,0.76893992675254,proxy_vmag,0.17506975774948516
K2-71 b,0.24895331086361958,proxy_kepmag,0.5407364386257144
LHS 1903 d,0.7591718420884199,proxy_vmag,0.17732233894522553
TOI-1201 b,0.9965914179959374,proxy_vmag,0.1350785530254514
GJ 238 b,0.02202705423392532,proxy_vmag,6.111490227918892
Kepler-438 b,0.4461827240968459,DR25_cdpp,0.30171075532555713
K2-124 b,0.9428943297330775,proxy_kepmag,0.14277117006163656
K2-413 b,0.02,proxy_kepmag,6.730906335023702
TOI-6002 b,0.14954290647684823,proxy_vmag,0.9001973404958209
TIC 231949697 b,0.49889333491255156,proxy_vmag,0.26983348399326795
Kepler-296 c,0.9999824630967921,DR25_cdpp,0.1346204875269336
Kepler-1075 b,0.999997141970405,DR25_cdpp,0.13461851144416379
K2-404 b,0.40091084864456916,proxy_kepmag,0.3357807032551041
K2-104 b,0.11909329946019731,proxy_kepmag,1.1303585282349604
TOI-1752 b,0.050096451972128773,proxy_vmag,2.687178859999287
TOI-5716 b,0.02,proxy_vmag,6.730906335023702
Kepler-52 b,0.9999993003078667,DR25_cdpp,0.1346182208917842
EPIC 211822797 b,0.023902763352635463,proxy_kepmag,5.63190643334681
TOI-2018 b,0.9997233599354357,proxy_vmag,0.13465537777287506
TOI-5713 b,0.04035648025042631,proxy_vmag,3.3357251639667456
TOI-2267 b,0.03317543859005643,proxy_vmag,4.057764792921915
Kepler-691 b,0.999992902130453,DR25_cdpp,0.1346190822091581
TOI-5799 c,0.2818910137080703,proxy_vmag,0.4775538068052293
K2-117 c,0.38765275028027635,proxy_kepmag,0.34726472752519866
Kepler-505 b,0.9999999962136945,DR25_cdpp,0.1346181272101794
Kepler-1687 b,0.9294692987881887,DR25_cdpp,0.1448333224948739
EPIC 206042996 b,0.024528111420545808,proxy_kepmag,5.488320090869779
LHS 1903 e,0.05868697334794146,proxy_vmag,2.293833180020281
TOI-2266 b,0.03873082829606149,proxy_vmag,3.4757358058919507
TOI-2136 b,0.294189755117488,proxy_vmag,0.45758944476741814
TOI-4479 b,0.5561780888301899,proxy_vmag,0.24204140616833092
Kepler-353 c,0.9913488810563982,DR25_cdpp,0.13579288711863244
K2-326 b,0.22401275107722735,proxy_kepmag,0.6009395717570786
TOI-6000 b,0.02,proxy_vmag,6.730906335023702
TOI-1235 b,0.4917946626712856,proxy_vmag,0.27372831980173906
TOI-206 b,0.058910453227570665,proxy_vmag,2.285131404106588
K2-123 b,0.15150645589280246,proxy_kepmag,0.8885306299800343
Kepler-1388 c,0.9950071040817671,DR25_cdpp,0.13529363373209793
K2-322 b,0.1743878569906703,proxy_kepmag,0.7719466769276033
TOI-1749 d,0.11145826456102172,proxy_vmag,1.2077895455367749
Kepler-225 c,0.9996086951618951,DR25_cdpp,0.13467082404547462
K2-264 b,0.12824952992714886,proxy_kepmag,1.0496578566560268
K2-133 e,0.11947936089752036,proxy_kepmag,1.1267061163470609
K2-152 b,0.15630202234312215,proxy_kepmag,0.861269257316156
K2-332 b,0.2873195851734245,proxy_kepmag,0.46853097960314577
K2-323 b,0.06536535792071067,proxy_kepmag,2.0594720350765647
Kepler-231 c,0.9999814061209857,DR25_cdpp,0.13462062982017775
Kepler-369 c,0.9962539961254028,DR25_cdpp,0.1351243028625494
K2-384 b,0.09395413747019375,proxy_kepmag,1.4328067962220465
TOI-2768 b,0.9539135848590199,proxy_vmag,0.14112193057861674
K2-324 b,0.6907987074562763,proxy_kepmag,0.19487315949993236
TOI-1680 b,0.060949541308509464,proxy_vmag,2.208681539030374
TOI-904 b,0.5526034020319609,proxy_vmag,0.2436071262056547
Kepler-994 b,0.9999999999999951,DR25_cdpp,0.1346181267004747
TOI-1693 b,0.1603223249062564,proxy_vmag,0.8396717473950549
TOI-2081 b,0.07400847675360847,proxy_vmag,1.8189555116591478
TOI-4342 b,0.4339645206058983,proxy_vmag,0.31020537465256637
TOI-2427 b,0.9997395614379639,proxy_vmag,0.1346531955851058
Kepler-327 b,0.9998739746017572,DR25_cdpp,0.13463509414183072
K2-3 d,0.1165036127167462,proxy_kepmag,1.1554845687727249
K2-25 b,0.9999999999394706,proxy_kepmag,0.1346181267086224
TOI-406 c,0.044448732184314714,proxy_vmag,3.0286156676472933
Kepler-1321 c,0.999979297770256,DR25_cdpp,0.13462091365355686
Kepler-1203 b,0.9999714716511633,DR25_cdpp,0.13462196724291664
Kepler-988 b,0.9999986585280468,DR25_cdpp,0.13461830728715765
Kepler-737 b,0.999774841236515,DR25_cdpp,0.1346484439776252
Kepler-54 c,0.41360374872377736,DR25_cdpp,0.3254760797402199
K2-129 b,0.17108886698423817,proxy_kepmag,0.7868315985333865
Kepler-49 b,0.9999999995025217,DR25_cdpp,0.13461812676744364
K2-117 b,0.8934050584862573,proxy_kepmag,0.15067983488762035
Kepler-125 b,1.0,DR25_cdpp,0.13461812670047404
K2-18 b,0.9883559948724887,proxy_kepmag,0.13620408779717233
TOI-1749 c,0.08421019275239568,proxy_vmag,1.5985965867135998
TOI-237 b,0.03306881709608741,proxy_vmag,4.070847962578063
TOI-5489 b,0.05088403152260666,proxy_vmag,2.6455868898804953
TOI-756 b,0.6501528522412229,proxy_vmag,0.20705611955160258
Kepler-138 c,0.9999999999998137,DR25_cdpp,0.1346181267004991
Kepler-32 e,0.99792293543019,DR25_cdpp,0.1348983192198525
K2-321 b,0.9366590025898826,proxy_kepmag,0.14372159593646353
TOI-1266 c,0.1824056174509515,proxy_vmag,0.7380152463597927
TOI-5736 b,0.11086972026288297,proxy_vmag,1.2142010134172005
K2-343 c,0.11485588164112583,proxy_kepmag,1.1720612368907373
Kepler-844 b,0.9998326808690873,DR25_cdpp,0.1346406546577969
LHS 1678 b,0.05277382225318572,proxy_vmag,2.5508504207755722
Kepler-674 b,0.9999880877980323,DR25_cdpp,0.13461973031789043
GJ 3473 b,0.12839130680152086,proxy_vmag,1.0484987656413465
TOI-406.01,0.12198536798441957,proxy_vmag,1.103559622967797
TOI-2445 b,0.09612749648156209,proxy_vmag,1.400412281893711
TOI-1442 b,0.05531933166537153,proxy_vmag,2.4334734829188385
LTT 1445 A c,0.9999724166128565,proxy_vmag,0.13462184002680547
K2-22 b,0.9671168953475534,proxy_kepmag,0.1391953003282982
K2-264 c,0.11327678640492644,proxy_kepmag,1.1883999447094082
K2-384 c,0.09227555122297941,proxy_kepmag,1.458871010969914
Kepler-1229 b,0.300994369732073,DR25_cdpp,0.44724466713547817
TOI-1231 b,0.9991617452157515,proxy_vmag,0.13473106566085113
LHS 1478 b,0.7499478322053549,proxy_vmag,0.17950332132383864
TRAPPIST-1 b,0.9999999999994864,proxy_kepmag,0.13461812670054318
TRAPPIST-1 c,0.9999999998291673,proxy_kepmag,0.1346181267234712
TRAPPIST-1 d,0.9990435596476286,proxy_kepmag,0.13474700417262592
TRAPPIST-1 e,0.9998999825362582,proxy_kepmag,0.13463159221086649
TRAPPIST-1 f,0.9999830210813837,proxy_kepmag,0.13462041240950043
TRAPPIST-1 g,0.9999933157648092,proxy_kepmag,0.13461902652570848
TRAPPIST-1 h,0.8291592355183705,proxy_kepmag,0.16235497469471472
Kepler-1826 b,0.9999953679953745,DR25_cdpp,0.1346187502551479
K2-133 c,0.3869430072438757,proxy_kepmag,0.34790169141273375
TOI-1846 b,0.13926236773603803,proxy_vmag,0.9666511412159327
TOI-1238 c,0.38503383031999383,proxy_vmag,0.34962674991076925
TOI-1080 b,0.061372415127465815,proxy_vmag,2.1934630798035646
K2-5 c,0.11000841865836528,proxy_kepmag,1.2237074975010325
K2-239 b,0.09491166206069115,proxy_kepmag,1.4183517997439834
Kepler-1798 b,0.9919424948474072,DR25_cdpp,0.1357116238085784
K2-154 c,0.21152897472600463,proxy_kepmag,0.6364051396497624
TOI-2015 b,0.6105888858009868,proxy_vmag,0.22047261231078322
Kepler-901 b,0.999984654673295,DR25_cdpp,0.1346201924913089
Kepler-1712 b,0.9999999999936968,DR25_cdpp,0.13461812670132256
Kepler-568 b,0.9999999999985962,DR25_cdpp,0.134618126700663
K2-315 b,0.24405580749784328,proxy_kepmag,0.5515874753427602
TOI-833 b,0.2535638390052868,proxy_vmag,0.5309042773156123
TOI-5728 b,0.02,proxy_vmag,6.730906335023702
G 9-40 b,0.9997770667544179,proxy_kepmag,0.13464814424828292
Kepler-353 b,0.3982844191628478,DR25_cdpp,0.3379949609463189
GJ 3929 b,0.22544874630117098,proxy_vmag,0.5971118886624514
HD 260655 b,0.9997124060064801,proxy_vmag,0.1346568532026414
HD 260655 c,0.9999795950092586,proxy_vmag,0.13462087363815423
Kepler-296 d,0.9986228883477956,DR25_cdpp,0.13480376653813475
Kepler-658 b,0.9999967922343143,DR25_cdpp,0.13461855852526675
Kepler-1649 b,0.7135799953441945,DR25_cdpp,0.18865176655567698
K2-148 b,0.05707360442773649,proxy_kepmag,2.3586757495037873
K2-316 c,0.25706585169432405,proxy_kepmag,0.5236717588633589
TOI-2094 b,0.03845917086338181,proxy_vmag,3.500286763297027
Kepler-1741 b,0.993247976985796,DR25_cdpp,0.13553325032586416
Kepler-1089 b,0.9999997389332875,DR25_cdpp,0.134618161844795
LP 890-9 b,0.023498666003982958,proxy_vmag,5.728756120779649
LP 890-9 c,0.02,proxy_vmag,6.730906335023702
TOI-1075 b,0.7783768640749174,proxy_vmag,0.1729472353478344
Kepler-1805 b,0.9994005078770392,DR25_cdpp,0.13469887761657684
TOI-1448 b,0.0906403254957041,proxy_vmag,1.4851902391596583
TOI-2068 b,0.08283896849481454,proxy_vmag,1.625057978708423
TOI-1696 b,0.4556734873444886,proxy_vmag,0.29542672645929674
TOI-1224 b,0.3226055480853332,proxy_vmag,0.41728397883865864
TOI-700 b,0.02,proxy_vmag,6.730906335023702
TOI-700 c,0.6930518259923082,proxy_vmag,0.19423962487614613
TOI-700 d,0.02,proxy_vmag,6.730906335023702
TOI-700 e,0.02,proxy_vmag,6.730906335023702
LP 791-18 b,0.049268118965279654,proxy_vmag,2.7323577503606837
GJ 357 b,0.9798454822730711,proxy_vmag,0.13738709739027768
TOI-1801 b,0.7457658256905099,proxy_vmag,0.18050991620034365
GJ 806 b,0.9997666381431732,proxy_vmag,0.13464954876919571
LTT 3780 b,0.4867008442319662,proxy_vmag,0.2765931645606799
LTT 3780 c,0.8013109277402971,proxy_vmag,0.1679973678633064
LHS 1140 b,0.3074835608401226,proxy_vmag,0.43780593125910006
LHS 1140 c,0.3177235592428147,proxy_vmag,0.42369576565644124
GJ 1214 b,0.9999857677512307,proxy_vmag,0.1346200426464103
GJ 1132 b,0.7251210522775835,proxy_vmag,0.18564917716516785
TOI-2406 b,1.0,proxy_default,0.13461812670047404
TOI-776 b,0.5202892105131667,proxy_vmag,0.2587371100155984
TOI-776 c,0.578796755049798,proxy_vmag,0.2325827253279813
TOI-6255 b,0.7747210163320989,proxy_vmag,0.17376335979346588
L 168-9 b,0.9653751890640767,proxy_vmag,0.13944643308161378
GJ 341 b,0.2771194446341419,proxy_vmag,0.4857765462044691
TOI-6324 b,0.7537906256413212,proxy_vmag,0.1785882208152186
TOI-771 b,0.16994102927865332,proxy_vmag,0.7921461184028719
TOI-1468 b,0.7210677521264891,proxy_vmag,0.18669275710011152
TOI-1468 c,0.8554385221123071,proxy_vmag,0.15736738902997469
L 98-59 b,0.26535398838442215,proxy_vmag,0.5073152565751181
L 98-59 c,0.9711332149923602,proxy_vmag,0.13861962975031503
L 98-59 d,0.9939304138834864,proxy_vmag,0.1354401926131769
TOI-270 b,0.21376660804631023,proxy_vmag,0.6297434755165805
TOI-270 c,0.995017867813912,proxy_vmag,0.13529217017603376
TOI-270 d,0.7331827437441926,proxy_vmag,0.1836078765479542
TOI-1685 b,0.2331809719555025,proxy_vmag,0.5773118002362687
GJ 3090 b,0.9994543031427136,proxy_vmag,0.13469162749830266
LP 791-18 c,0.48551579309351506,proxy_vmag,0.27726827554411865
LP 791-18 d,0.02,proxy_vmag,6.730906335023702
AU Mic c,0.9999981302312984,proxy_vmag,0.13461837840570465
TOI-4336 A b,0.4508485246515157,proxy_vmag,0.29858837134828686
TOI-4336 A c,0.05341830038835985,proxy_vmag,2.520075062699076
TOI-2431 b,0.9995240792804518,proxy_vmag,0.13468222476179303
LHS 3844 b,0.7915574225456771,proxy_vmag,0.17006741755707036
GJ 367 b,0.8615754442821523,proxy_vmag,0.15624647567879005
TOI-260 b,0.923020398718954,proxy_vmag,0.1458452347177901
TOI-4438 b,0.7724568404041224,proxy_vmag,0.17427268380463373
Kepler-1663 b,0.9999999997555147,DR25_cdpp,0.1346181267333862
K2-149 b,0.04712171494293457,proxy_kepmag,2.8568172203303623
Kepler-445 d,0.5226729646251695,DR25_cdpp,0.2575570879144558
TOI-1695 b,0.2983975856774533,proxy_vmag,0.45113678247379235
Kepler-1388 e,0.8082898655503057,DR25_cdpp,0.1665468446877314
K2-43 c,0.4699130177780454,proxy_kepmag,0.28647456360542534
Kepler-732 b,0.9999999999969273,DR25_cdpp,0.13461812670088769
K2-49 b,0.14403056874173484,proxy_kepmag,0.9346496919127042
Kepler-26 b,0.9999999999990465,DR25_cdpp,0.1346181267006024
Kepler-52 c,0.9985441745646229,DR25_cdpp,0.1348143929227459
Kepler-1124 b,0.9993282431615433,DR25_cdpp,0.13470861813590587
TOI-2095 b,0.02151793256561223,proxy_vmag,6.256090183850052
Kepler-32 f,0.5635660484411107,DR25_cdpp,0.23886841138291326
Kepler-445 b,0.9982912249079119,DR25_cdpp,0.13484855254827266
Kepler-1649 c,0.47583137702954903,DR25_cdpp,0.28291141189731644
Kepler-296 f,0.6979718013694249,DR25_cdpp,0.1928704375110176
TOI-1238 b,0.07077364090838786,proxy_vmag,1.9020941267488125
K2-88 b,0.26179585556150536,proxy_kepmag,0.5142103048642317
Ross 176 b,0.7104949461680204,proxy_vmag,0.1894709137996304
K2-72 e,0.04091067768474471,proxy_kepmag,3.2905376864649725
TOI-1411 b,0.6447029182419011,proxy_vmag,0.20880644850744035
K2-257 b,0.040981074388586954,proxy_kepmag,3.2848852478588166
TOI-4364 b,0.16218340597549677,proxy_vmag,0.8300363769694947
TOI-1806.01,0.2544647252117944,proxy_vmag,0.5290247070136325
TOI-6008 b,0.02849485125979924,proxy_vmag,4.724296521961297
Kepler-120 c,0.9999847330720442,DR25_cdpp,0.13462018193709308
Kepler-296 e,0.5454729129228154,DR25_cdpp,0.24679158856696987
K2-325 b,0.2725423534318038,proxy_kepmag,0.49393470411254276
EPIC 206215704 b,0.11908459230303126,proxy_kepmag,1.1304411771248712
Kepler-296 b,0.9678745701255564,DR25_cdpp,0.13908633500207662
TOI-1634 b,0.6708371161118599,proxy_vmag,0.20067185232790086
K2-384 e,0.0843954897738707,proxy_kepmag,1.595086740549405
TOI-2267 c,0.040588100688311,proxy_vmag,3.31668948331063
Kepler-186 d,0.9994867804182722,DR25_cdpp,0.13468725083501165
Kepler-1410 b,0.4780064147039689,DR25_cdpp,0.28162410076409444
TOI-277 b,0.9976823119782152,proxy_vmag,0.13493085432531302
Kepler-1439 b,0.9565797887172307,DR25_cdpp,0.14072859189403986
EPIC 201170410.02,0.020427007093147608,proxy_kepmag,6.590203160287377
Kepler-446 c,0.9999780640907374,DR25_cdpp,0.13462107973626397
TOI-2453 b,0.8629917038875455,proxy_vmag,0.15599005887780334
Kepler-125 c,0.3676249302977168,DR25_cdpp,0.3661833450507698
Kepler-369 b,0.9990481738016305,DR25_cdpp,0.13474638183684184
KOI-4777.01,0.02,proxy_kepmag,6.730906335023702
TOI-663 d,0.06327877071070359,proxy_vmag,2.1273821407801687
Kepler-2000 c,0.45884372164207127,DR25_cdpp,0.29338556975066377
TOI-2096 c,0.09844006053553737,proxy_vmag,1.3675136521464875
Kepler-504 b,0.9999999999999967,DR25_cdpp,0.1346181267004745
TOI-663 c,0.20854959158481853,proxy_vmag,0.6454969567548826
TIC 153919886 b,0.3597298034539198,proxy_vmag,0.37422011022703094
K2-288 B b,0.8585782645315885,proxy_kepmag,0.15679191083869004
TOI-7009 b,0.9623441049974785,proxy_vmag,0.1398856458946426
K2-133 b,0.21394913091536297,proxy_kepmag,0.6292062329233213
TOI-7384 b,0.25254065350479155,proxy_vmag,0.5330552718234726
Kepler-327 c,0.9888350639516961,DR25_cdpp,0.13613809987936476
K2-72 c,0.037035142345644166,proxy_kepmag,3.6348753690238467
TOI-5489 c,0.029155550056560637,proxy_vmag,4.617238448230958
Kepler-42 d,0.9999999569301093,DR25_cdpp,0.1346181324984623
Kepler-225 b,0.93646867241181,DR25_cdpp,0.14375080626431894
TOI-1450 A b,0.09075850145953551,proxy_vmag,1.4832563840919437
Kepler-676 b,0.9999999997726357,DR25_cdpp,0.1346181267310814
TOI-6716 b,0.02864745192676945,proxy_vmag,4.699130905065972
TOI-663 b,0.3787198018002322,proxy_vmag,0.3554557381488139
TOI-1752 c,0.02085820373253798,proxy_vmag,6.4539654721309985
K2-91 b,0.3054951633790544,proxy_kepmag,0.4406555089497166
Kepler-120 b,0.9999999999999996,DR25_cdpp,0.1346181267004741
Kepler-303 c,0.9999775183022297,DR25_cdpp,0.13462115321255405
K2-125 b,0.08497382201872476,proxy_kepmag,1.5842305724557113
Kepler-974 b,0.9999999850762851,DR25_cdpp,0.13461812870947662
Kepler-1366 b,0.9608868699210088,DR25_cdpp,0.1400977897757522
TOI-1266 b,0.8581824299829014,proxy_vmag,0.1568642307244116
Kepler-1049 b,0.9999443458895461,DR25_cdpp,0.13462561916955323
K2-9 b,0.5430837643806973,proxy_kepmag,0.24787728068797107
LHS 1678 c,0.07259829636773005,proxy_vmag,1.8542876821598782
TOI-5720 b,0.04214545527242528,proxy_vmag,3.1941315102734533
Kepler-445 c,0.9999999961319537,DR25_cdpp,0.1346181272211832
Kepler-236 c,0.9996642419058909,DR25_cdpp,0.13466334100719698
K2-240 b,0.8374913723494865,proxy_kepmag,0.16073971761979858
TOI-654.01,0.524575746271955,proxy_vmag,0.25662285696045917
K2-69 b,0.21059360622016557,proxy_kepmag,0.6392317844623318
K2-95 b,0.8699532009313539,proxy_kepmag,0.15474180284221573
TOI-7166 b,0.11094947708085308,proxy_vmag,1.2133281764128796
Kepler-1652 b,0.9769826530109187,DR25_cdpp,0.13778967956657215
Kepler-1735 b,0.8357839221324742,DR25_cdpp,0.1610680980282565
Kepler-1729 b,1.0,DR25_cdpp,0.13461812670047404
K2-284 b,0.9967369797088711,proxy_kepmag,0.13505882639148553
Kepler-303 b,0.9999405085791634,DR25_cdpp,0.13462613580057456
Kepler-138 b,0.8568031019419529,DR25_cdpp,0.15711675925934523
K2-384 f,0.7986570144777405,proxy_kepmag,0.16855561806904534
Kepler-779 b,0.6271703929662683,DR25_cdpp,0.2146436250980909
Kepler-1650 b,0.9996673607554519,DR25_cdpp,0.1346629208727418
K2-416 b,0.05064179379545012,proxy_vmag,2.6582416737490986
K2-133 d,0.5980850544929792,proxy_kepmag,0.22508191048946247
Kepler-1350 b,0.9999997782297866,DR25_cdpp,0.13461815655477136
Kepler-1009 b,0.9997699424819428,DR25_cdpp,0.1346491037390889
TOI-5319 b,0.6675933066792201,proxy_vmag,0.20164690890940629
K2-384 d,0.1387895622034875,proxy_kepmag,0.9699441698872321
K2-148 c,0.140609860566135,proxy_kepmag,0.9573875271511078
K2-122 b,0.11426167832403347,proxy_kepmag,1.178156392195745
TOI-1470 c,0.1966323554573578,proxy_vmag,0.6846183904340589
K2-286 b,0.3500057596252258,proxy_kepmag,0.38461688986095127
Kepler-231 b,0.9999807195768565,DR25_cdpp,0.1346207222449628
TOI-4552 b,0.2658986945901165,proxy_vmag,0.5062759969844464
Kepler-61 b,0.9986371509454435,DR25_cdpp,0.13480184126239098
Kepler-1388 d,0.9962358658479561,DR25_cdpp,0.13512676196002285
Kepler-617 b,0.9999999885252487,DR25_cdpp,0.13461812824518357
K2-72 d,0.03395411134490988,proxy_kepmag,3.964707700137023
TOI-521 b,0.1634634753512676,proxy_vmag,0.823536428619252
K2-417 b,0.7117825891473452,proxy_vmag,0.18912815338983646
Kepler-1902 b,0.8715735641201637,DR25_cdpp,0.15445411866796163
KOI-1843.03,0.9990273993846766,DR25_cdpp,0.13474918383959075
K2-317 b,0.39336502121040107,proxy_kepmag,0.34222190444449857
K2-3 c,0.32418602723100415,proxy_kepmag,0.4152496264268344
GJ 1252 b,0.6297047815227976,proxy_vmag,0.21377974354098242
SPECULOOS-3 b,0.037621620959499086,proxy_vmag,3.578211764065001
TOI-1470 b,0.5970424580756621,proxy_vmag,0.22547496393198577
K2-343 b,0.09678075991097237,proxy_kepmag,1.3909595959393983
K2-345 b,0.07637804514212904,proxy_kepmag,1.7625238568225754
K2-354 b,0.1594119181429043,proxy_kepmag,0.8444671406550421
Kepler-249 b,0.9991047983976357,DR25_cdpp,0.13473874504093525
Kepler-1319 b,0.9999999775533795,DR25_cdpp,0.1346181297221961
Kepler-49 c,0.9999998416100704,DR25_cdpp,0.13461814802263303
TIC 88692598 b,0.1049613340731715,proxy_vmag,1.2825496921240345
TOI-904 c,0.12437156622679107,proxy_vmag,1.0823866803687139
Kepler-1074 b,0.9922423166096818,DR25_cdpp,0.13567061638777975
K2-89 b,0.04694446741059635,proxy_kepmag,2.8676036629204127
Kepler-54 b,0.9999736171652296,DR25_cdpp,0.13462167840197184
K2-400 b,0.07677143811630066,proxy_kepmag,1.7534923143753245
K2-146 c,0.8868325159825775,proxy_kepmag,0.15179656166680147
Gliese 12 b,0.06329517124665415,proxy_vmag,2.1268309106216394
TOI-1243 b,0.3597557133338546,proxy_vmag,0.3741931586102371
Kepler-732 c,0.9999999906858953,DR25_cdpp,0.13461812795432138
Kepler-1321 d,0.9999580670095465,DR25_cdpp,0.13462377187781502
K2-3 b,0.9927740412549644,proxy_kepmag,0.13559795190686436
Kepler-2000 b,0.9999999388692535,DR25_cdpp,0.1346181349297811
TOI-620 b,0.9999970201053874,proxy_vmag,0.13461852784949993
TOI-6086 b,0.06978387583136152,proxy_vmag,1.9290720828661025
TOI-5486 b,0.9987077237722094,proxy_vmag,0.13479231560562002
TOI-1467 b,0.5646669865530944,proxy_vmag,0.23840268672731443
TOI-2257 b,0.039967542547846784,proxy_vmag,3.368186236101886
K2-251 b,0.1808917814008618,proxy_kepmag,0.7441915031073528
Kepler-1948 b,0.9830751569818257,DR25_cdpp,0.1369357426483749
Kepler-26 c,0.9999999998899023,DR25_cdpp,0.1346181267152952
TOI-544 b,0.9997170871142754,proxy_vmag,0.1346562226810135
TOI-2095 c,0.020758641442988782,proxy_vmag,6.484919886023717
Kepler-236 b,0.9983555922774442,DR25_cdpp,0.13483985840494345
Kepler-705 b,0.9333228862469064,DR25_cdpp,0.14423532164929834
TOI-4559 b,0.16382032478986464,proxy_vmag,0.821742521101403
TOI-782 b,0.1959239914506366,proxy_vmag,0.6870936310747391
Kepler-1855 b,0.9999998630068675,DR25_cdpp,0.13461814514223544
K2-242 b,0.519720617651399,proxy_kepmag,0.2590201776269895
TOI-4529 b,0.4626246799442508,proxy_vmag,0.290987775915233
Kepler-446 d,0.9999994997119199,DR25_cdpp,0.13461819404835187
K2-154 b,0.3552855536990984,proxy_kepmag,0.378901211430865
K2-72 b,0.05257690674878379,proxy_kepmag,2.5604040827979677
Kepler-186 b,0.9977175922225353,DR25_cdpp,0.1349260830417915
Kepler-138 d,0.9999999999577551,DR25_cdpp,0.13461812670616097
Kepler-1651 b,0.9999999996972475,DR25_cdpp,0.13461812674123003
Kepler-1582 b,0.9883826110467578,DR25_cdpp,0.13620041995468252
TOI-1224 c,0.4804962395461505,proxy_vmag,0.28016478719506044
Kepler-32 d,0.9999981589924054,DR25_cdpp,0.13461837453392392
EPIC 228836835 b,0.354686868828268,proxy_kepmag,0.379540768298511
K2-146 b,0.891175215203415,proxy_kepmag,0.15105685661348514
K2-54 b,0.5350639194885348,proxy_kepmag,0.2515926075321149
TOI-1756 b,0.1189780926908921,proxy_vmag,1.1314530570784582
TOI-715 b,0.02,proxy_vmag,6.730906335023702
Kepler-1749 b,0.9991798232225357,DR25_cdpp,0.13472862799241303
Kepler-1350 c,0.9996893358545177,DR25_cdpp,0.13465996072210246
TOI-122 b,0.3018587198075994,proxy_vmag,0.4459640151733162
K2-83 c,0.08758418741082076,proxy_kepmag,1.537014051052809
LHS 1903 b,0.1654008092803242,proxy_vmag,0.8138903750605045
K2-148 d,0.07992073383523253,proxy_kepmag,1.6843955284245467
K2-4 b,0.07739435822567713,proxy_kepmag,1.739379068276992
Kepler-1455 b,0.5341210887544618,DR25_cdpp,0.252036718891582
TOI-1759 b,0.9642638791845234,proxy_vmag,0.1396071444824008
TOI-2459 b,0.9968789696549635,proxy_vmag,0.13503958935663737
K2-239 c,0.04692843816808332,proxy_kepmag,2.868583143941698
Wolf 327 b,0.39031385484118897,proxy_vmag,0.34489712581493553
Kepler-1388 b,0.9953478704652207,DR25_cdpp,0.13524731472781892
K2-153 b,0.11652708216288067,proxy_kepmag,1.1552518453376002
TOI-540 b,0.09480972685885947,proxy_vmag,1.4198767485204993
Kepler-32 b,0.9999991350253717,DR25_cdpp,0.13461824314183887
K2-316 b,0.17808632125194565,proxy_kepmag,0.7559150290382187
EPIC 206042996 c,0.032791455527037675,proxy_kepmag,4.1052806146246485
TOI-198 b,0.2534070978711505,proxy_vmag,0.5312326601401003
K2-137 b,0.26862202411335107,proxy_kepmag,0.5011432965886257
Kepler-186 c,0.9993075673767703,DR25_cdpp,0.13471140527220563
K2-26 b,0.5199551103811841,proxy_kepmag,0.2589033630264432
K2-5 b,0.08139167174741173,proxy_kepmag,1.6539545608332455
K2-413 c,0.02,proxy_kepmag,6.730906335023702
TOI-4527.01,0.7167798934495886,proxy_vmag,0.18780957436265167
Kepler-32 c,0.9998400789152295,DR25_cdpp,0.1346396584207018
TOI-2120 b,0.24415903695934407,proxy_vmag,0.551354266370611
K2-150 b,0.10824628650442965,proxy_kepmag,1.2436281284805573
TOI-4184 b,0.0924688918683115,proxy_vmag,1.4558206979725556
K2-318 b,0.041010871290632404,proxy_kepmag,3.28249857815684
Kepler-1308 b,0.6517368933928173,DR25_cdpp,0.20655287135837577
TOI-244 b,0.11031979381833618,proxy_vmag,1.220253610355273
TOI-1743 b,0.0802244917078058,proxy_vmag,1.6780178201786697
TOI-5388.01,0.16516937095405718,proxy_vmag,0.8150308130550359
Kepler-42 c,1.0,DR25_cdpp,0.13461812670047404
K2-239 d,0.0575697908751085,proxy_kepmag,2.3383466337842647
Kepler-1904 b,0.9050830677193306,DR25_cdpp,0.14873565919169265
Kepler-249 d,0.9999517839687294,DR25_cdpp,0.134624617765254
Kepler-1367 b,0.45722470643855273,DR25_cdpp,0.29442443683555763
TOI-2274 b,0.9734641591664611,proxy_vmag,0.1382877072903662
Kepler-249 c,0.9999974137272054,DR25_cdpp,0.13461847486057324
LHS 1903 c,0.5508228925552358,proxy_vmag,0.24439457495310024
TOI-2084 b,0.057616489877608985,proxy_vmag,2.3364513698497547
K2-240 c,0.19406464076169255,proxy_kepmag,0.6936767366383986
