pl_name,w,src
TOI-237 c,0.20541028487149013,sharpen_TESS_G
TOI-1749 b,2.2239471347882547,sharpen_TESS_G
K2-415 b,0.2569797094266987,sharpen_K2_G
Kepler-777 b,0.036523004650777784,unchanged
K2-147 b,1.4379164032662735,sharpen_K2_G
TOI-1452 b,0.21170163321393967,sharpen_TESS_G
Kepler-1152 b,0.03088694823464832,unchanged
Kepler-327 d,0.025688494816660187,unchanged
TOI-2096 b,0.3682619622817549,sharpen_TESS_G
TOI-269 b,0.19083236010936405,sharpen_TESS_G
K2-320 b,0.22448373369527028,sharpen_K2_G
K2-83 b,3.331927138404569,sharpen_K2_G
TOI-2411 b,0.1942958786077667,sharpen_TESS_G
Kepler-560 b,0.025688478409134484,unchanged
Kepler-186 e,0.026320190218971647,unchanged
Kepler-42 b,0.025688478365252808,unchanged
Kepler-1646 b,0.027383581923212476,unchanged
LHS 1815 b,0.531753305214991,unchanged
LHS 475 b,0.12596949238223037,unchanged
LHS 1678 d,0.36629325863387713,unchanged
K2-151 b,1.4065515424428519,sharpen_K2_G
Kepler-993 b,0.0256886512813165,unchanged
TOI-4342 c,0.21834715863841064,sharpen_TESS_G
Kepler-1761 b,0.025719418158582755,unchanged
TOI-5799 b,0.19082955599416865,sharpen_TESS_G
Kepler-446 b,0.02568847836525388,unchanged
K2-28 b,0.19101809039130715,sharpen_K2_G
TOI-2285 b,0.38152673398338177,sharpen_TESS_G
TOI-912 b,0.19084018021807406,sharpen_TESS_G
K2-71 b,2.4482738647464064,sharpen_K2_G
LHS 1903 d,0.03383750152611812,unchanged
TOI-1201 b,0.1908289689351895,sharpen_TESS_G
GJ 238 b,1.1662239577041718,unchanged
Kepler-438 b,0.05757389736962792,unchanged
K2-124 b,0.3745429167400048,sharpen_K2_G
K2-413 b,9.541240468458533,sharpen_K2_G
TOI-6002 b,0.2062210318782334,sharpen_TESS_G
TIC 231949697 b,0.05149092314443451,unchanged
Kepler-296 c,0.025688928869511917,unchanged
Kepler-1075 b,0.025688551783894054,unchanged
K2-404 b,1.4226301468009332,sharpen_K2_G
K2-104 b,4.3634753148429395,sharpen_K2_G
TOI-1752 b,0.6781750934065753,sharpen_TESS_G
TOI-5716 b,1.756965841081114,sharpen_TESS_G
Kepler-52 b,0.025688496339291628,unchanged
EPIC 211822797 b,9.541240468458533,sharpen_K2_G
TOI-2018 b,0.1908259174123896,sharpen_TESS_G
TOI-5713 b,0.29357770337990297,sharpen_TESS_G
TOI-2267 b,0.24391607559534648,sharpen_TESS_G
Kepler-691 b,0.025688660700015308,unchanged
TOI-5799 c,0.19143878698478564,sharpen_TESS_G
K2-117 c,1.207030490694381,sharpen_K2_G
Kepler-505 b,0.025688478462517247,unchanged
Kepler-1687 b,0.027637791155387927,unchanged
EPIC 206042996 b,9.541240468458533,sharpen_K2_G
LHS 1903 e,0.43772027930204865,unchanged
TOI-2266 b,0.19835809248366165,sharpen_TESS_G
TOI-2136 b,0.19088990308942036,sharpen_TESS_G
TOI-4479 b,0.19095993320018886,sharpen_TESS_G
Kepler-353 c,0.025912651798102336,unchanged
K2-326 b,3.6780800616340907,sharpen_K2_G
TOI-6000 b,3.0244366996693675,sharpen_TESS_G
TOI-1235 b,0.20223286735046292,sharpen_TESS_G
TOI-206 b,0.23399637387500075,sharpen_TESS_G
K2-123 b,3.3760776405324044,sharpen_K2_G
Kepler-1388 c,0.025817381865789978,unchanged
K2-322 b,3.122563047864963,sharpen_K2_G
TOI-1749 d,0.3005616272888894,sharpen_TESS_G
Kepler-225 c,0.02569853432606681,unchanged
K2-264 b,4.485247142915637,sharpen_K2_G
K2-133 e,3.4470078852453665,sharpen_K2_G
K2-152 b,3.2001607041227995,sharpen_K2_G
K2-332 b,2.5439344778596498,sharpen_K2_G
K2-323 b,5.971611307296258,sharpen_K2_G
Kepler-231 c,0.025688956022593096,unchanged
Kepler-369 c,0.025785069334888066,unchanged
K2-384 b,6.517239792776702,sharpen_K2_G
TOI-2768 b,0.19091696296275942,sharpen_TESS_G
K2-324 b,0.695862306922755,sharpen_K2_G
TOI-1680 b,0.20487733619352708,sharpen_TESS_G
TOI-904 b,0.19213286286497278,sharpen_TESS_G
Kepler-994 b,0.025688478365252947,unchanged
TOI-1693 b,0.19880666826981322,sharpen_TESS_G
TOI-2081 b,0.40531225667321513,sharpen_TESS_G
TOI-4342 b,0.1966474003942723,sharpen_TESS_G
TOI-2427 b,0.1908262647389299,sharpen_TESS_G
Kepler-327 b,0.025691716174015184,unchanged
K2-3 d,3.6913897608889625,sharpen_K2_G
K2-25 b,0.190824809747753,sharpen_K2_G
TOI-406 c,0.3191517672264693,sharpen_TESS_G
Kepler-1321 c,0.02568901018504356,unchanged
Kepler-1203 b,0.025689211236032298,unchanged
Kepler-988 b,0.025688512825672284,unchanged
Kepler-737 b,0.025694263653885784,unchanged
Kepler-54 c,0.06210891087065245,unchanged
K2-129 b,2.0163528041711083,sharpen_K2_G
Kepler-49 b,0.025688478378032276,unchanged
K2-117 b,0.34401641755076834,sharpen_K2_G
Kepler-125 b,0.025688478365252808,unchanged
K2-18 b,0.21571715147022283,sharpen_K2_G
TOI-1749 c,0.38874201206099895,sharpen_TESS_G
TOI-237 b,0.21620514810460711,sharpen_TESS_G
TOI-5489 b,0.3641479866793687,sharpen_TESS_G
TOI-756 b,0.19099899641929985,sharpen_TESS_G
Kepler-138 c,0.025688478365257603,unchanged
Kepler-32 e,0.025741946049349883,unchanged
K2-321 b,0.36990322421300176,sharpen_K2_G
TOI-1266 c,0.20364426668736232,sharpen_TESS_G
TOI-5736 b,0.3253810779553636,sharpen_TESS_G
K2-343 c,4.413492212283174,sharpen_K2_G
Kepler-844 b,0.02569277725841443,unchanged
LHS 1678 b,0.4867655452737672,unchanged
Kepler-674 b,0.025688784375240598,unchanged
GJ 3473 b,0.20007957707732066,unchanged
TOI-406.01,0.19686351453593323,sharpen_TESS_G
TOI-2445 b,0.19673257551715365,sharpen_TESS_G
TOI-1442 b,0.20337585224030488,sharpen_TESS_G
LTT 1445 A c,0.02568918696004213,unchanged
K2-22 b,0.4807892871178813,sharpen_K2_G
K2-264 c,4.872604411219475,sharpen_K2_G
K2-384 c,6.586569469574889,sharpen_K2_G
Kepler-1229 b,0.08534537834750579,unchanged
TOI-1231 b,0.19082480951492117,sharpen_TESS_G
LHS 1478 b,0.03425368707275448,unchanged
TRAPPIST-1 b,0.025688478365266,unchanged
TRAPPIST-1 c,0.02568847836964125,unchanged
TRAPPIST-1 d,0.025713071384308176,unchanged
TRAPPIST-1 e,0.0256910479187065,unchanged
TRAPPIST-1 f,0.02568891453524205,unchanged
TRAPPIST-1 g,0.02568865007423163,unchanged
TRAPPIST-1 h,0.030981357096255453,unchanged
Kepler-1826 b,0.02568859735495459,unchanged
K2-133 c,1.266759927690925,sharpen_K2_G
TOI-1846 b,0.2015791150115836,sharpen_TESS_G
TOI-1238 c,0.20064871570271667,sharpen_TESS_G
TOI-1080 b,0.20304291652675946,sharpen_TESS_G
K2-5 c,4.090171840448408,sharpen_K2_G
K2-239 b,3.0668185475539462,sharpen_K2_G
Kepler-1798 b,0.025897144742452572,unchanged
K2-154 c,2.7058939463817895,sharpen_K2_G
TOI-2015 b,0.1908248171378392,sharpen_TESS_G
Kepler-901 b,0.02568887256939508,unchanged
Kepler-1712 b,0.025688478365414727,unchanged
Kepler-568 b,0.02568847836528888,unchanged
K2-315 b,2.665451616062615,sharpen_K2_G
TOI-833 b,0.23895061660284347,sharpen_TESS_G
TOI-5728 b,2.946453333984756,sharpen_TESS_G
G 9-40 b,0.025694206458091173,unchanged
Kepler-353 b,0.06449782399032158,unchanged
GJ 3929 b,0.11394376232607772,unchanged
HD 260655 b,0.02569586834264644,unchanged
HD 260655 c,0.025689002549111984,unchanged
Kepler-296 d,0.025723903051885738,unchanged
Kepler-658 b,0.025688560768136557,unchanged
Kepler-1649 b,0.03599943739014432,unchanged
K2-148 b,7.447637297725107,sharpen_K2_G
K2-316 c,3.3389268029703407,sharpen_K2_G
TOI-2094 b,0.5444141675007604,sharpen_TESS_G
Kepler-1741 b,0.025863106656617105,unchanged
Kepler-1089 b,0.025688485071661167,unchanged
LP 890-9 b,1.093188794670246,unchanged
LP 890-9 c,1.284423918262641,unchanged
TOI-1075 b,0.19140069205082957,sharpen_TESS_G
Kepler-1805 b,0.025703887643424517,unchanged
TOI-1448 b,0.20861742339490072,sharpen_TESS_G
TOI-2068 b,0.339994208898901,sharpen_TESS_G
TOI-1696 b,0.19082481024346182,sharpen_TESS_G
TOI-1224 b,0.19109726663227908,sharpen_TESS_G
TOI-700 b,3.6980735032362455,sharpen_TESS_G
TOI-700 c,0.19084020709891014,sharpen_TESS_G
TOI-700 d,4.631686475076278,sharpen_TESS_G
TOI-700 e,5.831652500901413,sharpen_TESS_G
LP 791-18 b,0.5214016468409535,unchanged
GJ 357 b,0.026216866669283405,unchanged
TOI-1801 b,0.19160976632729393,sharpen_TESS_G
GJ 806 b,0.025694474475526613,unchanged
LTT 3780 b,0.05278083790010739,unchanged
LTT 3780 c,0.03205806569703788,unchanged
LHS 1140 b,0.08354423337320999,unchanged
LHS 1140 c,0.08085166371191518,unchanged
GJ 1214 b,0.02568884397527087,unchanged
GJ 1132 b,0.035426468842086535,unchanged
TOI-2406 b,0.19082480936917864,sharpen_TESS_G
TOI-776 b,0.19484072671252603,sharpen_TESS_G
TOI-776 c,0.19348287790017055,sharpen_TESS_G
TOI-6255 b,0.19082942911943843,sharpen_TESS_G
L 168-9 b,0.026609839010009743,unchanged
GJ 341 b,0.09269821682548193,unchanged
TOI-6324 b,0.19082524263893516,sharpen_TESS_G
TOI-771 b,0.1908908354856454,sharpen_TESS_G
TOI-1468 b,0.19139749028026196,sharpen_TESS_G
TOI-1468 c,0.190952021857514,sharpen_TESS_G
L 98-59 b,0.0968083371260188,unchanged
L 98-59 c,0.026452064421928875,unchanged
L 98-59 d,0.025845348936333237,unchanged
TOI-270 b,0.19557013658977357,sharpen_TESS_G
TOI-270 c,0.19082481023495731,sharpen_TESS_G
TOI-270 d,0.1908454222621485,sharpen_TESS_G
TOI-1685 b,0.19315300523207554,sharpen_TESS_G
GJ 3090 b,0.025702504140986935,unchanged
LP 791-18 c,0.052909665824825106,unchanged
LP 791-18 d,1.284423918262641,unchanged
AU Mic c,0.025688526396855458,unchanged
TOI-4336 A b,0.19083375102353703,sharpen_TESS_G
TOI-4336 A c,0.2284474446752106,sharpen_TESS_G
TOI-2431 b,0.19082526065284244,sharpen_TESS_G
LHS 3844 b,0.03245308253523509,unchanged
GJ 367 b,0.02981570393600986,unchanged
TOI-260 b,0.1924977273205662,sharpen_TESS_G
TOI-4438 b,0.19082548154545081,sharpen_TESS_G
Kepler-1663 b,0.025688478371533274,unchanged
K2-149 b,7.57731522320068,sharpen_K2_G
Kepler-445 d,0.04914828220295475,unchanged
TOI-1695 b,0.1958463605049216,sharpen_TESS_G
Kepler-1388 e,0.031781269888573216,unchanged
K2-43 c,1.0925776429547713,sharpen_K2_G
Kepler-732 b,0.025688478365331738,unchanged
K2-49 b,2.717376271734788,sharpen_K2_G
Kepler-26 b,0.02568847836527731,unchanged
Kepler-52 c,0.025725930829703456,unchanged
Kepler-1124 b,0.025705746376168626,unchanged
TOI-2095 b,1.7056278055387097,sharpen_TESS_G
Kepler-32 f,0.04558201906646104,unchanged
Kepler-445 b,0.02573244933373271,unchanged
Kepler-1649 c,0.05398651624366831,unchanged
Kepler-296 f,0.03680446447098847,unchanged
TOI-1238 b,0.589494197036391,sharpen_TESS_G
K2-88 b,1.017073445227189,sharpen_K2_G
Ross 176 b,0.03615575100681703,unchanged
K2-72 e,6.411159183513983,sharpen_K2_G
TOI-1411 b,0.20154294782080762,sharpen_TESS_G
K2-257 b,7.905498617455057,sharpen_K2_G
TOI-4364 b,0.1988068060845355,sharpen_TESS_G
TOI-1806.01,0.191442988698301,sharpen_TESS_G
TOI-6008 b,0.20147292598533573,sharpen_TESS_G
Kepler-120 c,0.025688870555388838,unchanged
Kepler-296 e,0.04709395784220681,unchanged
K2-325 b,1.0407698408733954,sharpen_K2_G
EPIC 206215704 b,6.687409191233312,sharpen_K2_G
Kepler-296 b,0.026541123362627872,unchanged
TOI-1634 b,0.19085097341015303,sharpen_TESS_G
K2-384 e,6.939291006963074,sharpen_K2_G
TOI-2267 c,0.2144989325787738,sharpen_TESS_G
Kepler-186 d,0.025701668965048757,unchanged
Kepler-1410 b,0.05374086534207242,unchanged
TOI-277 b,0.19082481211789645,sharpen_TESS_G
Kepler-1439 b,0.02685450672097196,unchanged
EPIC 201170410.02,9.541240468458533,sharpen_K2_G
Kepler-446 c,0.025689041877744477,unchanged
TOI-2453 b,0.19106765840963255,sharpen_TESS_G
Kepler-125 c,0.0698768670134784,unchanged
Kepler-369 b,0.025712952627200813,unchanged
KOI-4777.01,1.284423918262641,unchanged
TOI-663 d,0.39884096067472713,sharpen_TESS_G
Kepler-2000 c,0.055985245419335916,unchanged
TOI-2096 c,0.19300650101782268,sharpen_TESS_G
Kepler-504 b,0.025688478365252905,unchanged
TOI-663 c,0.202253961390049,sharpen_TESS_G
TIC 153919886 b,0.07141048119618319,unchanged
K2-288 B b,0.3854514375384978,sharpen_K2_G
TOI-7009 b,0.19086662971534823,sharpen_TESS_G
K2-133 b,2.1629397876141554,sharpen_K2_G
TOI-7384 b,0.19082527338204422,sharpen_TESS_G
Kepler-327 c,0.025978526957360883,unchanged
K2-72 c,6.96340913868459,sharpen_K2_G
TOI-5489 c,0.910772991782805,sharpen_TESS_G
Kepler-42 d,0.025688479471652825,unchanged
Kepler-225 b,0.027431220202053238,unchanged
TOI-1450 A b,0.27563274679905253,sharpen_TESS_G
Kepler-676 b,0.025688478371093462,unchanged
TOI-6716 b,0.25109366178695325,sharpen_TESS_G
TOI-663 b,0.19273722120039366,sharpen_TESS_G
TOI-1752 c,3.1091220908155623,sharpen_TESS_G
K2-91 b,0.8352040438131789,sharpen_K2_G
Kepler-120 b,0.025688478365252832,unchanged
Kepler-303 c,0.02568905589884353,unchanged
K2-125 b,3.893256890365251,sharpen_K2_G
Kepler-974 b,0.025688478748620347,unchanged
Kepler-1366 b,0.026734134027000058,unchanged
TOI-1266 b,0.19083380891488688,sharpen_TESS_G
Kepler-1049 b,0.025689908114236555,unchanged
K2-9 b,0.5428711838517594,sharpen_K2_G
LHS 1678 c,0.35384409346376006,unchanged
TOI-5720 b,0.42179240494243014,sharpen_TESS_G
Kepler-445 c,0.025688478464617043,unchanged
Kepler-236 c,0.02569710637671397,unchanged
K2-240 b,0.4605312611321962,sharpen_K2_G
TOI-654.01,0.19090453372638888,sharpen_TESS_G
K2-69 b,2.8960690465748478,sharpen_K2_G
K2-95 b,0.7208163881007977,sharpen_K2_G
TOI-7166 b,0.1931514349523959,sharpen_TESS_G
Kepler-1652 b,0.026293689336330226,unchanged
Kepler-1735 b,0.030735789101696935,unchanged
Kepler-1729 b,0.025688478365252808,unchanged
K2-284 b,0.22063182045948002,sharpen_K2_G
Kepler-303 b,0.025690006700252708,unchanged
Kepler-138 b,0.029981775634366426,unchanged
K2-384 f,1.0486597190359683,sharpen_K2_G
Kepler-779 b,0.040959328841650926,unchanged
Kepler-1650 b,0.025697026204636663,unchanged
K2-416 b,1.2559785561075358,sharpen_K2_G
K2-133 d,0.7708619374437151,sharpen_K2_G
Kepler-1350 b,0.025688484062193404,unchanged
Kepler-1009 b,0.02569438955274132,unchanged
TOI-5319 b,0.19098954883181626,sharpen_TESS_G
K2-384 d,5.158695948712128,sharpen_K2_G
K2-148 c,4.107174355540022,sharpen_K2_G
K2-122 b,3.8395463380906527,sharpen_K2_G
TOI-1470 c,0.1985740104529654,sharpen_TESS_G
K2-286 b,1.7574100650492344,sharpen_K2_G
Kepler-231 b,0.025688973659535097,unchanged
TOI-4552 b,0.19100006307102496,sharpen_TESS_G
Kepler-61 b,0.025723535661508944,unchanged
Kepler-1388 d,0.02578553859169465,unchanged
Kepler-617 b,0.025688478660021705,unchanged
K2-72 d,7.483345532594004,sharpen_K2_G
TOI-521 b,0.19682552821512805,sharpen_TESS_G
K2-417 b,0.19674458015219687,sharpen_K2_G
Kepler-1902 b,0.029473677751097032,unchanged
KOI-1843.03,0.025713487318841224,unchanged
K2-317 b,1.387739712969577,sharpen_K2_G
K2-3 c,1.602992223258866,sharpen_K2_G
GJ 1252 b,0.040794478808198156,unchanged
SPECULOOS-3 b,0.6828115777602276,unchanged
TOI-1470 b,0.19095171936721442,sharpen_TESS_G
K2-343 b,4.967012901908176,sharpen_K2_G
K2-345 b,4.888013360068805,sharpen_K2_G
K2-354 b,2.3855685879079234,sharpen_K2_G
Kepler-249 b,0.025711495337077745,unchanged
Kepler-1319 b,0.02568847894187236,unchanged
Kepler-49 c,0.02568848243404974,unchanged
TIC 88692598 b,0.2447423005060574,unchanged
TOI-904 c,0.2732445597170834,sharpen_TESS_G
Kepler-1074 b,0.025889319509195936,unchanged
K2-89 b,5.784331539242843,sharpen_K2_G
Kepler-54 b,0.02568915611801407,unchanged
K2-400 b,4.226184946596603,sharpen_K2_G
K2-146 c,0.2768979308835395,sharpen_K2_G
Gliese 12 b,0.40585210307983394,unchanged
TOI-1243 b,0.19156324368277075,sharpen_TESS_G
Kepler-732 c,0.02568847860451798,unchanged
Kepler-1321 d,0.02568955560514276,unchanged
K2-3 b,0.21729042649973604,sharpen_K2_G
Kepler-2000 b,0.02568847993560877,unchanged
TOI-620 b,0.19082480936918128,sharpen_TESS_G
TOI-6086 b,0.20278246903775152,sharpen_TESS_G
TOI-5486 b,0.1908248537075952,sharpen_TESS_G
TOI-1467 b,0.19222856209199918,sharpen_TESS_G
TOI-2257 b,0.4147768955622086,sharpen_TESS_G
K2-251 b,2.4788474940526686,sharpen_K2_G
Kepler-1948 b,0.02613073698670195,unchanged
Kepler-26 c,0.025688478368081063,unchanged
TOI-544 b,0.19082577524289668,sharpen_TESS_G
TOI-2095 c,1.8496974338413965,sharpen_TESS_G
Kepler-236 b,0.025730790275489284,unchanged
Kepler-705 b,0.027523677758028362,unchanged
TOI-4559 b,0.19603273779726266,sharpen_TESS_G
TOI-782 b,0.1923790392764593,sharpen_TESS_G
Kepler-1855 b,0.025688481884398418,unchanged
K2-242 b,0.5418103410548545,sharpen_K2_G
TOI-4529 b,0.19183648698649147,sharpen_TESS_G
Kepler-446 d,0.025688491216898753,unchanged
K2-154 b,1.7579080812292147,sharpen_K2_G
K2-72 b,5.202143489546535,sharpen_K2_G
Kepler-186 b,0.025747244075378747,unchanged
Kepler-138 d,0.025688478366338016,unchanged
Kepler-1651 b,0.025688478373030066,unchanged
Kepler-1582 b,0.02599041917385327,unchanged
TOI-1224 c,0.19086981566942404,sharpen_TESS_G
Kepler-32 d,0.025688525658023643,unchanged
EPIC 228836835 b,3.1899458783861205,sharpen_K2_G
K2-146 b,0.2738426516880552,sharpen_K2_G
K2-54 b,2.314833965664846,sharpen_K2_G
TOI-1756 b,0.41076318698045833,sharpen_TESS_G
TOI-715 b,0.6507736956668024,sharpen_TESS_G
Kepler-1749 b,0.025709564753222117,unchanged
Kepler-1350 c,0.025696461334455196,unchanged
TOI-122 b,0.19115878690754495,sharpen_TESS_G
K2-83 c,3.904092175189534,sharpen_K2_G
LHS 1903 b,0.15531047566832357,unchanged
K2-148 d,5.991034666629109,sharpen_K2_G
K2-4 b,5.037895361503283,sharpen_K2_G
Kepler-1455 b,0.04809485883651739,unchanged
TOI-1759 b,0.19082665268112944,sharpen_TESS_G
TOI-2459 b,0.19083389392733013,sharpen_TESS_G
K2-239 c,5.590395599966467,sharpen_K2_G
Wolf 327 b,0.06581492828560992,unchanged
Kepler-1388 b,0.025808543050628265,unchanged
K2-153 b,3.6589719132221257,sharpen_K2_G
TOI-540 b,0.19085712513904715,sharpen_TESS_G
Kepler-32 b,0.02568850058515405,unchanged
K2-316 b,4.278086492438936,sharpen_K2_G
EPIC 206042996 c,9.541240468458533,sharpen_K2_G
TOI-198 b,0.20617553157232688,sharpen_TESS_G
K2-137 b,2.9772717090061507,sharpen_K2_G
Kepler-186 c,0.025706278230921722,unchanged
K2-26 b,0.7311770668947324,sharpen_K2_G
K2-5 b,5.083359213220794,sharpen_K2_G
K2-413 c,9.541240468458533,sharpen_K2_G
TOI-4527.01,0.19242408629999788,sharpen_TESS_G
Kepler-32 c,0.025692587151660673,unchanged
TOI-2120 b,0.19087049662475267,sharpen_TESS_G
K2-150 b,3.458374068645502,sharpen_K2_G
TOI-4184 b,0.19082636446498927,sharpen_TESS_G
K2-318 b,7.994410335052955,sharpen_K2_G
Kepler-1308 b,0.03941541230161687,unchanged
TOI-244 b,0.20328571261765407,sharpen_TESS_G
TOI-1743 b,0.20794820150491938,sharpen_TESS_G
TOI-5388.01,0.1954266788946367,sharpen_TESS_G
Kepler-42 c,0.025688478365252808,unchanged
K2-239 d,4.702500769976589,sharpen_K2_G
Kepler-1904 b,0.028382453811652674,unchanged
Kepler-249 d,0.02568971702145206,unchanged
Kepler-1367 b,0.0561834870327707,unchanged
TOI-2274 b,0.19084028270307588,sharpen_TESS_G
Kepler-249 c,0.025688544802837374,unchanged
LHS 1903 c,0.046636548176284834,unchanged
TOI-2084 b,0.6276408878964983,sharpen_TESS_G
K2-240 c,2.5000338705671266,sharpen_K2_G
