kepid,kepler_name,host,rrmscdpp06p0,rrmscdpp12p0
7907423,Kepler-249 d,Kepler-249,169.577,138.496
6272413,Kepler-776 b,Kepler-776,145.799,110.114
10975146,Kepler-808 b,Kepler-808,96.524,79.3
10724369,Kepler-809 b,Kepler-809,103.85,82.239
10730034,Kepler-285 b,Kepler-285,164.544,146.944
10910878,Kepler-229 c,Kepler-229,209.797,173.21
8150320,Kepler-55 f,Kepler-55,218.895,192.438
8226994,Kepler-250 c,Kepler-250,173.134,136.305
9579641,Kepler-105 b,Kepler-105,39.216,34.386
10583066,Kepler-661 b,Kepler-661,217.585,167.469
5792202,Kepler-27 d,Kepler-27,264.106,244.501
8505670,Kepler-252 c,Kepler-252,166.761,162.653
8395660,Kepler-106 e,Kepler-106,47.72,41.477
8628973,Kepler-724 b,Kepler-724,124.103,97.706
2302548,Kepler-261 b,Kepler-261,100.703,103.205
6428700,Kepler-242 c,Kepler-242,186.266,165.869
8689031,Kepler-726 b,Kepler-726,126.43,98.285
8689373,Kepler-253 d,Kepler-253,168.71,130.323
12366084,Kepler-232 b,Kepler-232,186.809,147.539
3114167,Kepler-684 b,Kepler-684,206.966,152.58
9347899,Kepler-31 b,Kepler-31,131.94,107.49
10118816,Kepler-1735 b,Kepler-1735,197.608,161.469
10351231,Kepler-1738 b,Kepler-1738,147.895,108.183
8394721,Kepler-79 c,Kepler-79,90.377,82.878
3342970,Kepler-234 c,Kepler-234,209.668,162.046
9415172,Kepler-255 c,Kepler-255,163.099,125.944
5094751,Kepler-109 c,Kepler-109,32.476,28.348
9466668,Kepler-256 e,Kepler-256,131.823,111.793
3231341,Kepler-24 e,Kepler-24,153.675,141.933
9480189,Kepler-257 c,Kepler-257,185.107,166.908
8806072,Kepler-802 b,Kepler-802,130.581,112.506
9761882,Kepler-738 b,Kepler-738,150.983,109.415
3218908,Kepler-770 b,Kepler-770,103.388,79.178
7458762,Kepler-713 b,Kepler-713,111.062,83.952
5735762,Kepler-48 c,Kepler-48,57.103,49.75
12252424,Kepler-113 c,Kepler-113,58.209,46.265
5252423,Kepler-237 b,Kepler-237,200.35,160.288
7678434,Kepler-716 c,Kepler-716,180.41,151.725
2849805,Kepler-773 b,Kepler-773,53.374,43.591
10797460,Kepler-227 c,Kepler-227,176.019,155.209
3531558,Kepler-467 b,Kepler-467,35.727,28.763
7870390,Kepler-83 b,Kepler-83,269.278,216.846
4365645,Kepler-1671 b,Kepler-1671,73.565,67.065
11074178,Kepler-1001 c,Kepler-1001,193.323,170.643
9030537,Kepler-1674 b,Kepler-1674,187.403,151.147
7269493,Kepler-1027 b,Kepler-1027,46.25,45.142
8612275,Kepler-360 c,Kepler-360,160.062,167.657
11288051,Kepler-124 d,Kepler-124,66.434,48.99
11670125,Kepler-1206 b,Kepler-1206,271.252,229.477
5716932,Kepler-1830 b,Kepler-1830,70.09,73.495
11080405,Kepler-386 c,Kepler-386,165.862,126.121
7439316,Kepler-866 b,Kepler-866,208.901,159.637
8082001,Kepler-893 b,Kepler-893,119.5,89.445
10004519,Kepler-894 b,Kepler-894,136.516,99.853
11153121,Kepler-313 b,Kepler-313,90.196,75.232
2989404,Kepler-323 c,Kepler-323,38.03,31.36
4263293,Kepler-331 b,Kepler-331,346.11,342.711
8164012,Kepler-1106 b,Kepler-1106,99.788,81.641
8282651,Kepler-1136 b,Kepler-1136,189.985,151.403
7987866,Kepler-1832 b,Kepler-1832,93.279,70.666
5857540,Kepler-1242 b,Kepler-1242,236.757,194.774
12469800,Kepler-1856 b,Kepler-1856,229.369,195.065
11497958,Kepler-296 e,Kepler-296,279.193,222.007
5299459,Kepler-307 c,Kepler-307,105.583,94.646
6209677,Kepler-948 b,Kepler-948,92.051,68.458
3629967,Kepler-1775 b,Kepler-1775,65.566,58.162
6026438,Kepler-354 d,Kepler-354,202.497,166.012
7901948,Kepler-872 b,Kepler-872,133.012,101.702
12506770,Kepler-895 b,Kepler-895,319.755,247.122
10328393,Kepler-332 d,Kepler-332,78.042,71.307
9412760,Kepler-345 c,Kepler-345,100.585,97.812
7273277,Kepler-1035 b,Kepler-1035,42.231,34.133
2161536,Kepler-1798 b,Kepler-1798,305.2,248.158
7303287,Kepler-289 b,Kepler-289,114.598,133.425
7376983,Kepler-1987 d,Kepler-1987,204.057,172.002
11014932,Kepler-299 b,Kepler-299,128.163,94.422
7871954,Kepler-303 c,Kepler-303,108.878,89.308
4932442,Kepler-923 b,Kepler-923,66.342,51.602
10130039,Kepler-334 b,Kepler-334,47.227,45.75
9718066,Kepler-378 c,Kepler-378,43.104,40.356
5042210,Kepler-1838 b,Kepler-1838,34.64,30.732
8544992,Kepler-388 c,Kepler-388,121.72,96.841
5301750,Kepler-84 b,Kepler-84,133.982,109.628
9044228,Kepler-1039 b,Kepler-1039,96.336,82.366
11614617,Kepler-1041 b,Kepler-1041,95.252,72.997
8168187,Kepler-1142 b,Kepler-1142,80.295,60.934
9395719,Kepler-1250 b,Kepler-1250,161.691,117.884
5175024,Kepler-1279 b,Kepler-1279,71.592,64.365
7869917,Kepler-880 c,Kepler-880,83.048,91.202
5080636,Kepler-974 b,Kepler-974,124.324,109.416
10074466,Kepler-1776 b,Kepler-1776,54.673,43.997
8381204,Kepler-1119 b,Kepler-1119,123.217,97.255
6774537,Kepler-1120 b,Kepler-1120,157.724,128.11
11752906,Kepler-2000 c,Kepler-2000,276.401,223.168
6962977,Kepler-292 d,Kepler-292,205.204,153.698
11600889,Kepler-407 b,Kepler-407,41.307,37.169
11954842,Kepler-883 b,Kepler-883,44.756,34.56
10027323,Kepler-309 b,Kepler-309,150.484,116.681
4833421,Kepler-122 b,Kepler-122,69.919,51.745
8802693,Kepler-1045 b,Kepler-1045,191.879,165.753
6035124,Kepler-1081 b,Kepler-1081,66.639,59.149
6021193,Kepler-363 d,Kepler-363,58.339,46.933
6871071,Kepler-374 d,Kepler-374,84.896,63.378
4458082,Kepler-1181 b,Kepler-1181,112.963,126.414
11461433,Kepler-1222 b,Kepler-1222,84.394,71.002
11403389,Kepler-1251 b,Kepler-1251,126.271,109.995
9851662,Kepler-1252 b,Kepler-1252,111.787,88.618
6934291,Kepler-828 b,Kepler-828,131.406,110.485
6924203,Kepler-829 b,Kepler-829,143.164,107.551
9662811,Kepler-984 b,Kepler-984,62.801,56.668
6665512,Kepler-1048 b,Kepler-1048,178.614,154.87
8164257,Kepler-357 c,Kepler-357,187.386,148.824
8292840,Kepler-126 c,Kepler-126,20.99,21.91
7212184,Kepler-1255 b,Kepler-1255,120.054,87.043
11771430,Kepler-1861 b,Kepler-1861,68.076,59.814
9351316,Kepler-1086 c,Kepler-1086,240.121,226.034
2556650,Kepler-1124 b,Kepler-1124,334.908,273.152
5007345,Kepler-1225 b,Kepler-1225,83.85,63.404
7047207,Kepler-1260 b,Kepler-1260,105.342,84.51
7673841,Kepler-392 b,Kepler-392,46.715,35.397
10055126,Kepler-311 c,Kepler-311,62.05,47.317
5009743,Kepler-906 b,Kepler-906,60.796,48.388
8552719,Kepler-953 c,Kepler-953,30.709,26.133
6383785,Kepler-501 b,Kepler-501,114.61,92.891
9472000,Kepler-1790 b,Kepler-1790,70.232,58.856
7097965,Kepler-1791 b,Kepler-1791,62.791,63.452
11358389,Kepler-365 c,Kepler-365,98.062,76.743
10723367,Kepler-375 c,Kepler-375,178.677,132.957
9210387,Kepler-1837 b,Kepler-1837,138.738,103.662
8212002,Kepler-1285 b,Kepler-1285,34.068,35.221
10963065,Kepler-408 b,Kepler-408,15.248,14.956
10005788,Kepler-1022 b,Kepler-1022,183.139,156.503
8229458,Kepler-1152 b,Kepler-1152,165.136,150.388
7120108,Kepler-1825 b,Kepler-1825,120.089,107.375
11192235,Kepler-1826 b,Kepler-1826,211.785,170.941
8110767,Kepler-1685 b,Kepler-1685,240.57,208.596
9015738,Kepler-909 b,Kepler-909,33.776,35.432
5561278,Kepler-911 b,Kepler-911,35.58,31.818
8230616,Kepler-316 c,Kepler-316,169.505,137.85
8578780,Kepler-1784 b,Kepler-1784,208.148,182.581
11348997,Kepler-1089 b,Kepler-1089,185.89,150.648
6442377,Kepler-483 b,Kepler-483,48.799,39.417
11622600,Kepler-991 b,Kepler-991,155.56,122.418
7747425,Kepler-341 c,Kepler-341,90.661,68.646
4636578,Kepler-350 b,Kepler-350,92.609,92.304
7102316,Kepler-351 d,Kepler-351,223.426,164.259
9214942,Kepler-833 b,Kepler-833,213.709,174.265
9597806,Kepler-860 b,Kepler-860,186.829,162.247
5219234,Kepler-305 c,Kepler-305,276.745,218.902
6975129,Kepler-312 c,Kepler-312,83.389,103.782
10015937,Kepler-1767 b,Kepler-1767,181.829,142.04
10019065,Kepler-938 b,Kepler-938,125.993,103.232
10214162,Kepler-941 b,Kepler-941,154.883,113.994
8240797,Kepler-321 b,Kepler-321,47.182,46.094
10332883,Kepler-994 b,Kepler-994,106.105,92.845
4035640,Kepler-995 b,Kepler-995,171.705,159.853
9757613,Kepler-26 e,Kepler-26,183.853,155.664
9391208,Kepler-837 b,Kepler-837,127.815,99.192
6949061,Kepler-343 b,Kepler-343,63.895,48.622
2304320,Kepler-1064 b,Kepler-1064,70.212,56.098
3657758,Kepler-1065 b,Kepler-1065,303.797,304.004
9071593,Kepler-1162 c,Kepler-1162,147.546,108.078
1872821,Kepler-1828 b,Kepler-1828,157.015,123.839
9006449,Kepler-295 b,Kepler-295,83.188,64.146
11125797,Kepler-1482 b,Kepler-1482,95.465,95.454
9823519,Kepler-1350 c,Kepler-1350,321.821,263.088
11090556,Kepler-1398 b,Kepler-1398,56.523,44.834
10587105,Kepler-529 d,Kepler-529,61.57,49.169
9763612,Kepler-1507 b,Kepler-1507,69.716,77.638
11337566,Kepler-1298 b,Kepler-1298,31.578,28.385
5775129,Kepler-1691 b,Kepler-1691,110.53,82.434
5213404,Kepler-1508 b,Kepler-1508,87.585,66.294
9467404,Kepler-1323 b,Kepler-1323,29.096,23.25
7510820,Kepler-1461 b,Kepler-1461,207.498,169.519
6615511,Kepler-1463 b,Kepler-1463,175.004,128.89
4164922,Kepler-1698 b,Kepler-1698,82.048,95.148
1718958,Kepler-1934 b,Kepler-1934,69.361,76.775
11394027,Kepler-1664 b,Kepler-1664,54.459,44.742
6021275,Kepler-132 e,Kepler-132,24.267,19.569
7582689,Kepler-431 b,Kepler-431,31.617,25.959
3561464,Kepler-1487 b,Kepler-1487,123.226,138.94
2581316,Kepler-1514 b,Kepler-1514,37.115,38.287
9886361,Kepler-403 b,Kepler-403,40.263,33.582
7428736,Kepler-1358 b,Kepler-1358,122.249,124.411
4483138,Kepler-1384 b,Kepler-1384,177.521,154.777
9693006,Kepler-1385 b,Kepler-1385,39.842,32.358
7603200,Kepler-138 b,Kepler-138,46.671,45.23
8331612,Kepler-1915 b,Kepler-1915,398.528,389.56
3544595,Kepler-93 b,Kepler-93,14.007,12.182
10905239,Kepler-101 b,Kepler-101,58.043,43.38
7090524,Kepler-1386 b,Kepler-1386,115.108,90.705
11285870,Kepler-1429 b,Kepler-1429,115.28,88.259
8753657,Kepler-406 c,Kepler-406,31.891,24.112
4271474,Kepler-1469 b,Kepler-1469,326.535,329.141
11618601,Kepler-1894 b,Kepler-1894,164.407,127.89
7503885,Kepler-1494 b,Kepler-1494,161.476,121.265
11760860,Kepler-1525 b,Kepler-1525,36.47,30.289
8022489,Kepler-1311 d,Kepler-1311,53.774,45.671
10122538,Kepler-1388 c,Kepler-1388,377.455,316.539
10064256,Kepler-1692 b,Kepler-1692,96.618,83.497
8008067,Kepler-139 c,Kepler-139,47.045,40.236
11361646,Kepler-524 c,Kepler-524,72.366,58.536
6945786,Kepler-1909 b,Kepler-1909,189.088,148.703
11623629,Kepler-538 b,Kepler-538,25.472,25.62
3642289,Kepler-135 c,Kepler-135,37.781,30.067
6444896,Kepler-1649 c,Kepler-1649,593.399,436.498
8636333,Kepler-1475 b,Kepler-1475,139.909,116.226
9475552,Kepler-1315 c,Kepler-1315,128.39,106.539
10788461,Kepler-1530 d,Kepler-1530,86.576,86.531
4242692,Kepler-1531 b,Kepler-1531,50.904,44.908
11874577,Kepler-1875 b,Kepler-1875,126.301,94.171
7767162,Kepler-1375 b,Kepler-1375,93.218,101.611
11860395,Kepler-1504 b,Kepler-1504,197.592,149.021
3446746,Kepler-542 b,Kepler-542,64.563,56.314
9592705,Kepler-1714 b,Kepler-1714,30.172,28.11
10793172,Kepler-1693 b,Kepler-1693,87.347,64.647
7419318,Kepler-137 c,Kepler-137,45.799,37.319
10924562,Kepler-1422 b,Kepler-1422,172.785,136.992
6278762,Kepler-444 e,Kepler-444,30.08,29.86
7100673,Kepler-1542 b,Kepler-1542,40.873,35.564
5480640,Kepler-399 b,Kepler-399,117.256,96.386
11662184,Kepler-1348 b,Kepler-1348,92.293,68.393
10717241,Kepler-551 b,Kepler-551,140.95,123.167
9702006,Kepler-1953 b,Kepler-1953,192.228,169.032
7450747,Kepler-1949 b,Kepler-1949,126.08,97.2
7826620,Kepler-1579 b,Kepler-1579,183.285,170.584
3645438,Kepler-1600 c,Kepler-1600,248.701,183.994
11709124,Kepler-154 f,Kepler-154,107.87,85.546
6850504,Kepler-20 c,Kepler-20,44.025,39.886
4548011,Kepler-1581 b,Kepler-1581,33.604,28.418
6752002,Kepler-1945 b,Kepler-1945,85.785,74.972
6291033,Kepler-557 b,Kepler-557,96.179,72.963
11192998,Kepler-166 c,Kepler-166,106.585,87.684
8043638,Kepler-559 b,Kepler-559,95.355,74.485
5791986,Kepler-151 b,Kepler-151,123.316,108.513
11497977,Kepler-571 b,Kepler-571,95.201,71.435
10019643,Kepler-163 c,Kepler-163,85.285,70.161
3239945,Kepler-167 d,Kepler-167,81.991,64.773
10730070,Kepler-1590 b,Kepler-1590,78.12,68.18
10599206,Kepler-566 b,Kepler-566,121.562,99.657
5351250,Kepler-150 d,Kepler-150,149.729,140.657
5640085,Kepler-159 b,Kepler-159,176.246,178.952
3559935,Kepler-576 b,Kepler-576,145.258,127.304
10554999,Kepler-179 b,Kepler-179,113.658,90.464
10973664,Kepler-619 d,Kepler-619,146.554,152.953
8456679,Kepler-1990 c,Kepler-1990,40.026,35.081
5531694,Kepler-634 b,Kepler-634,46.909,35.634
4165473,Kepler-597 b,Kepler-597,93.703,85.485
8355239,Kepler-189 b,Kepler-189,113.804,88.611
9782691,Kepler-193 b,Kepler-193,104.239,93.659
5812960,Kepler-582 b,Kepler-582,178.518,173.482
6266741,Kepler-170 b,Kepler-170,83.413,65.115
8022244,Kepler-175 c,Kepler-175,123.375,99.125
6587002,Kepler-196 d,Kepler-196,68.973,52.84
6381846,Kepler-171 b,Kepler-171,159.697,138.274
8193178,Kepler-187 c,Kepler-187,86.069,67.85
12600735,Kepler-596 b,Kepler-596,81.266,63.05
3541946,Kepler-198 c,Kepler-198,87.405,87.725
10718726,Kepler-618 b,Kepler-618,116.212,94.113
9590976,Kepler-217 c,Kepler-217,46.481,36.959
2444412,Kepler-1710 b,Kepler-1710,64.061,60.728
9702072,Kepler-652 b,Kepler-652,65.0,59.629
10318874,Kepler-94 b,Kepler-94,60.358,53.109
6267535,Kepler-638 b,Kepler-638,59.103,45.958
9963524,Kepler-221 c,Kepler-221,118.698,130.248
6425957,Kepler-205 c,Kepler-205,63.328,53.805
6442340,Kepler-206 c,Kepler-206,46.428,36.046
6707835,Kepler-640 b,Kepler-640,57.417,46.62
7040629,Kepler-208 d,Kepler-208,52.945,44.686
7515212,Kepler-212 c,Kepler-212,46.394,40.337
8361905,Kepler-646 b,Kepler-646,56.121,42.073
8557374,Kepler-213 b,Kepler-213,53.776,41.27
9530945,Kepler-216 b,Kepler-216,72.937,65.411
9578686,Kepler-651 b,Kepler-651,63.307,48.424
5880320,Kepler-758 c,Kepler-758,106.482,108.017
10604335,Kepler-283 c,Kepler-283,244.492,211.617
10744335,Kepler-810 b,Kepler-810,200.896,151.638
10586208,Kepler-811 b,Kepler-811,62.957,46.478
10271806,Kepler-224 d,Kepler-224,264.441,254.398
10395381,Kepler-659 b,Kepler-659,160.757,126.381
5531576,Kepler-240 b,Kepler-240,210.884,175.153
8222813,Kepler-760 b,Kepler-760,118.461,91.152
3640905,Kepler-278 c,Kepler-278,54.444,43.116
10858691,Kepler-286 e,Kepler-286,154.363,121.888
10713616,Kepler-1667 b,Kepler-1667,51.188,38.577
10963242,Kepler-814 b,Kepler-814,99.826,74.731
5084942,Kepler-475 b,Kepler-475,67.972,58.991
4455231,Kepler-288 d,Kepler-288,135.529,104.934
10340423,Kepler-225 b,Kepler-225,255.43,206.323
8288947,Kepler-778 b,Kepler-778,184.313,142.837
6677841,Kepler-279 e,Kepler-279,116.188,124.893
6587280,Kepler-243 b,Kepler-243,149.612,131.57
8826878,Kepler-727 b,Kepler-727,158.008,136.591
1718189,Kepler-262 b,Kepler-262,92.619,68.795
12070811,Kepler-679 b,Kepler-679,197.767,149.221
6685526,Kepler-707 b,Kepler-707,148.816,134.91
6784235,Kepler-708 b,Kepler-708,157.839,124.261
2165002,Kepler-263 c,Kepler-263,273.406,229.146
10166274,Kepler-267 c,Kepler-267,262.943,213.025
6948054,Kepler-245 b,Kepler-245,205.373,185.672
9141746,Kepler-730 b,Kepler-730,156.746,117.688
10426656,Kepler-272 b,Kepler-272,112.529,83.922
10875245,Kepler-107 e,Kepler-107,37.795,31.122
6949607,Kepler-28 b,Kepler-28,145.26,135.389
10482160,Kepler-1739 b,Kepler-1739,98.36,76.472
7134976,Kepler-246 b,Kepler-246,138.105,122.059
9388479,Kepler-732 b,Kepler-732,152.797,129.304
8678594,Kepler-799 c,Kepler-799,146.28,119.351
7366258,Kepler-82 b,Kepler-82,135.467,113.309
3245969,Kepler-768 b,Kepler-768,282.734,220.593
4139816,Kepler-235 c,Kepler-235,275.456,218.063
7434875,Kepler-247 b,Kepler-247,149.733,126.295
8559644,Kepler-111 b,Kepler-111,58.825,53.383
4913852,Kepler-691 b,Kepler-691,240.718,197.053
11086270,Kepler-110 c,Kepler-110,36.85,28.594
7663691,Kepler-715 b,Kepler-715,149.957,119.697
5358241,Kepler-53 b,Kepler-53,140.199,105.763
9787239,Kepler-32 d,Kepler-32,238.0,192.383
9823457,Kepler-259 b,Kepler-259,133.386,103.802
5809890,Kepler-755 c,Kepler-755,84.038,72.391
1026957,Kepler-1731 b,Kepler-1731,62.699,66.929
6060203,Kepler-757 b,Kepler-757,107.021,87.568
3962243,Kepler-276 d,Kepler-276,178.411,131.545
9597058,Kepler-962 b,Kepler-962,88.443,99.199
11657891,Kepler-1028 b,Kepler-1028,83.933,64.658
8950568,Kepler-85 b,Kepler-85,158.793,138.334
12314973,Kepler-450 b,Kepler-450,40.817,46.443
10916600,Kepler-1293 b,Kepler-1293,53.2,50.83
8009350,Kepler-892 b,Kepler-892,221.9,173.62
5375194,Kepler-964 b,Kepler-964,104.602,117.409
7132798,Kepler-119 c,Kepler-119,70.22,55.109
9244756,Kepler-1779 b,Kepler-1779,232.582,217.461
3448130,Kepler-1786 b,Kepler-1786,110.623,100.141
9717943,Kepler-1169 b,Kepler-1169,44.13,45.853
11611600,Kepler-842 b,Kepler-842,123.634,95.027
11254382,Kepler-843 b,Kepler-843,198.422,163.421
4917596,Kepler-1032 b,Kepler-1032,221.289,202.323
9405595,Kepler-1797 b,Kepler-1797,173.863,156.414
3548044,Kepler-371 b,Kepler-371,66.368,50.326
11401767,Kepler-372 d,Kepler-372,96.785,71.444
10863608,Kepler-1210 b,Kepler-1210,146.447,106.64
11176127,Kepler-298 c,Kepler-298,193.446,149.484
7939330,Kepler-896 c,Kepler-896,188.146,141.435
9518318,Kepler-346 c,Kepler-346,158.134,135.083
2439243,Kepler-1172 b,Kepler-1172,294.023,223.935
7604328,Kepler-1245 b,Kepler-1245,186.437,153.694
11236244,Kepler-1246 b,Kepler-1246,140.406,111.144
2307415,Kepler-356 c,Kepler-356,53.854,49.161
3867615,Kepler-379 c,Kepler-379,58.343,47.991
11701407,Kepler-1214 b,Kepler-1214,189.955,155.168
6605493,Kepler-1686 b,Kepler-1686,56.889,44.894
11493431,Kepler-847 b,Kepler-847,137.818,114.601
5526527,Kepler-970 b,Kepler-970,199.107,221.301
9101496,Kepler-335 b,Kepler-335,80.441,76.878
11450414,Kepler-347 b,Kepler-347,91.818,68.41
10329835,Kepler-1075 b,Kepler-1075,162.54,137.285
10531955,Kepler-1141 b,Kepler-1141,35.164,32.531
11818607,Kepler-1839 b,Kepler-1839,118.822,96.402
5436013,Kepler-1841 b,Kepler-1841,83.609,63.256
7102227,Kepler-290 c,Kepler-290,176.433,137.523
9573539,Kepler-484 b,Kepler-484,67.054,73.168
11760231,Kepler-973 b,Kepler-973,62.521,57.869
12061969,Kepler-2001 c,Kepler-2001,275.684,233.248
6521045,Kepler-100 b,Kepler-100,26.055,22.956
6846911,Kepler-1842 b,Kepler-1842,94.314,71.832
10006581,Kepler-902 b,Kepler-902,100.938,76.249
9411166,Kepler-1016 c,Kepler-1016,135.866,100.837
4989057,Kepler-1017 b,Kepler-1017,104.476,86.693
9834040,Kepler-1044 b,Kepler-1044,158.799,135.983
10404582,Kepler-362 b,Kepler-362,84.235,67.746
9896018,Kepler-1859 c,Kepler-1859,128.709,104.867
4741126,Kepler-887 c,Kepler-887,51.975,44.611
7430034,Kepler-978 b,Kepler-978,65.421,59.213
8826168,Kepler-980 b,Kepler-980,69.942,56.753
5770074,Kepler-1675 b,Kepler-1675,74.637,66.211
12154526,Kepler-1047 b,Kepler-1047,51.611,40.23
12058147,Kepler-1082 b,Kepler-1082,50.259,37.263
8866137,Kepler-1083 b,Kepler-1083,195.975,145.913
9278725,Kepler-1148 b,Kepler-1148,201.673,182.314
11818872,Kepler-1860 b,Kepler-1860,72.981,64.614
7211469,Kepler-830 b,Kepler-830,91.621,68.51
9517393,Kepler-1085 b,Kepler-1085,137.974,109.972
5211199,Kepler-1800 b,Kepler-1800,43.143,33.723
4473226,Kepler-1682 b,Kepler-1682,255.354,230.708
6429812,Kepler-1227 b,Kepler-1227,69.16,53.864
10586004,Kepler-129 c,Kepler-129,31.204,26.966
7211221,Kepler-831 b,Kepler-831,50.633,39.717
5384079,Kepler-348 c,Kepler-348,49.397,53.804
10864531,Kepler-358 b,Kepler-358,188.818,165.913
10684670,Kepler-1189 b,Kepler-1189,106.017,91.154
7021681,Kepler-505 b,Kepler-505,156.033,127.05
3234598,Kepler-383 b,Kepler-383,153.622,122.232
6268648,Kepler-907 b,Kepler-907,22.69,18.115
7386827,Kepler-1765 b,Kepler-1765,130.358,119.627
7522911,Kepler-1670 b,Kepler-1670,176.585,133.727
8167996,Kepler-327 c,Kepler-327,158.235,130.247
6356207,Kepler-1059 b,Kepler-1059,220.582,207.24
6768394,Kepler-60 d,Kepler-60,66.102,53.426
4770617,Kepler-1154 b,Kepler-1154,127.696,101.515
10730703,Kepler-1191 b,Kepler-1191,163.176,144.19
9654468,Kepler-1684 b,Kepler-1684,220.276,192.579
7107802,Kepler-1231 b,Kepler-1231,99.613,75.004
6767840,Kepler-1262 b,Kepler-1262,142.893,113.391
8379705,Kepler-1847 b,Kepler-1847,216.486,187.757
12120307,Kepler-394 c,Kepler-394,121.821,93.679
5371776,Kepler-304 d,Kepler-304,154.217,145.338
9758089,Kepler-1996 b,Kepler-1996,137.406,112.382
8564674,Kepler-349 b,Kepler-349,150.625,168.007
9006186,Kepler-1130 d,Kepler-1130,38.747,39.357
9458343,Kepler-1156 b,Kepler-1156,71.216,55.737
9455556,Kepler-294 c,Kepler-294,238.438,203.176
7512982,Kepler-859 b,Kepler-859,254.05,208.815
9967771,Kepler-990 b,Kepler-990,90.112,72.535
8081187,Kepler-1025 b,Kepler-1025,53.729,43.826
9307509,Kepler-1794 b,Kepler-1794,200.012,156.301
11774991,Kepler-367 c,Kepler-367,62.634,65.853
5942808,Kepler-1814 b,Kepler-1814,203.3,167.907
10212441,Kepler-1199 b,Kepler-1199,41.657,32.404
11968463,Kepler-385 c,Kepler-385,144.435,111.331
9892816,Kepler-342 e,Kepler-342,49.232,45.249
9112931,Kepler-1161 b,Kepler-1161,269.284,210.934
8247771,Kepler-1200 b,Kepler-1200,198.214,163.582
9602613,Kepler-1994 b,Kepler-1994,25.223,20.787
9277896,Kepler-915 b,Kepler-915,52.824,47.717
12017109,Kepler-1679 b,Kepler-1679,188.353,165.059
6962109,Kepler-1134 b,Kepler-1134,194.084,141.669
3734418,Kepler-1164 b,Kepler-1164,116.248,116.704
8463346,Kepler-436 b,Kepler-436,384.892,319.494
8081905,Kepler-1292 b,Kepler-1292,207.497,155.719
8016691,Kepler-1456 b,Kepler-1456,193.164,167.045
7679812,Kepler-1931 b,Kepler-1931,40.931,39.787
6697756,Kepler-1351 b,Kepler-1351,76.706,63.591
9825174,Kepler-1377 b,Kepler-1377,174.925,134.78
9468551,Kepler-1399 b,Kepler-1399,151.966,111.627
5865654,Kepler-1423 b,Kepler-1423,96.52,81.061
6705026,Kepler-1483 b,Kepler-1483,75.493,56.837
3656121,Kepler-146 c,Kepler-146,83.017,75.126
9837661,Kepler-1321 b,Kepler-1321,476.468,372.11
9092504,Kepler-1322 c,Kepler-1322,184.547,142.857
8151055,Kepler-1460 b,Kepler-1460,197.332,149.606
8078502,Kepler-1919 b,Kepler-1919,241.436,180.826
6636320,Kepler-1892 b,Kepler-1892,206.332,164.91
9020114,Kepler-1901 b,Kepler-1901,116.972,90.079
4175630,Kepler-1405 b,Kepler-1405,328.0,284.689
6609270,Kepler-1902 b,Kepler-1902,229.662,196.049
7288444,Kepler-1924 b,Kepler-1924,125.058,95.04
8890150,Kepler-395 c,Kepler-395,269.917,222.675
8415200,Kepler-1328 b,Kepler-1328,53.363,40.689
10933561,Kepler-133 c,Kepler-133,42.156,34.485
5096590,Kepler-1424 b,Kepler-1424,66.132,62.193
6289257,Kepler-520 b,Kepler-520,38.553,35.15
11508644,Kepler-1426 b,Kepler-1426,118.642,87.832
11754430,Kepler-1488 b,Kepler-1488,52.48,41.98
9472074,Kepler-1873 b,Kepler-1873,193.76,162.039
4831728,Kepler-1330 b,Kepler-1330,108.181,81.791
9995402,Kepler-1361 b,Kepler-1361,78.469,65.409
10332213,Kepler-1885 b,Kepler-1885,105.596,83.866
11403530,Kepler-1412 b,Kepler-1412,41.828,31.519
7700622,Kepler-1716 b,Kepler-1716,50.47,46.785
9285265,Kepler-1491 b,Kepler-1491,154.4,112.715
5980208,Kepler-1331 b,Kepler-1331,157.955,141.552
6607357,Kepler-1365 c,Kepler-1365,48.954,37.365
8709688,Kepler-1893 b,Kepler-1893,136.742,111.029
9569711,Kepler-1912 b,Kepler-1912,56.197,65.574
12456601,Kepler-1334 b,Kepler-1334,164.246,125.817
10545066,Kepler-528 b,Kepler-528,76.923,65.361
10982872,Kepler-142 b,Kepler-142,53.219,46.542
4850961,Kepler-1551 b,Kepler-1551,148.597,114.348
6779260,Kepler-1313 b,Kepler-1313,68.543,84.89
10905911,Kepler-1339 b,Kepler-1339,33.623,27.956
3545135,Kepler-1689 b,Kepler-1689,28.738,23.174
8611257,Kepler-1389 b,Kepler-1389,125.46,108.953
9907129,Kepler-1436 b,Kepler-1436,118.893,92.76
8951205,Kepler-1940 b,Kepler-1940,148.767,109.574
6294819,Kepler-1368 b,Kepler-1368,185.727,136.291
7202957,Kepler-1869 b,Kepler-1869,27.805,33.273
9838468,Kepler-1391 b,Kepler-1391,63.637,52.774
5092266,Kepler-1896 b,Kepler-1896,168.608,128.781
8824737,Kepler-1917 b,Kepler-1917,151.139,121.121
10285631,Kepler-525 b,Kepler-525,65.602,55.747
10552611,Kepler-141 b,Kepler-141,66.846,58.822
5695396,Kepler-131 b,Kepler-131,33.385,34.669
8827575,Kepler-1992 b,Kepler-1992,68.422,59.526
2716801,Kepler-1419 b,Kepler-1419,265.457,194.094
8826007,Kepler-1450 b,Kepler-1450,168.838,138.389
8681833,Kepler-1372 b,Kepler-1372,158.057,128.222
5280587,Kepler-1451 b,Kepler-1451,220.555,226.256
11621223,Kepler-535 b,Kepler-535,50.761,45.537
9466429,Kepler-1345 b,Kepler-1345,62.384,48.145
3544640,Kepler-1914 b,Kepler-1914,238.556,182.938
11100383,Kepler-532 b,Kepler-532,84.574,87.426
5980783,Kepler-1889 b,Kepler-1889,171.1,128.097
7427764,Kepler-1595 b,Kepler-1595,207.603,191.654
10777591,Kepler-1637 b,Kepler-1637,49.591,38.546
4852528,Kepler-80 f,Kepler-80,144.767,124.1
8480582,Kepler-1702 b,Kepler-1702,186.361,139.594
10843590,Kepler-153 b,Kepler-153,108.889,90.466
8047428,Kepler-1621 b,Kepler-1621,121.547,97.429
10460984,Kepler-164 b,Kepler-164,86.741,76.713
7257966,Kepler-1946 b,Kepler-1946,221.952,171.428
9946525,Kepler-148 c,Kepler-148,189.431,158.378
5281113,Kepler-1602 b,Kepler-1602,56.081,51.505
4757437,Kepler-168 c,Kepler-168,99.017,74.817
11612280,Kepler-1587 b,Kepler-1587,67.407,52.263
7046035,Kepler-1603 b,Kepler-1603,140.638,111.528
10593535,Kepler-1568 b,Kepler-1568,63.507,49.47
10577994,Kepler-165 c,Kepler-165,133.009,105.044
8416523,Kepler-1604 b,Kepler-1604,96.852,75.7
5962262,Kepler-1966 b,Kepler-1966,111.886,91.232
9366617,Kepler-1570 b,Kepler-1570,78.956,60.073
7935997,Kepler-1629 b,Kepler-1629,73.002,83.294
3244792,Kepler-1592 b,Kepler-1592,147.478,119.721
10717220,Kepler-1644 b,Kepler-1644,159.606,160.045
9285568,Kepler-1575 b,Kepler-1575,139.182,102.727
11823054,Kepler-181 b,Kepler-181,119.477,94.288
5374854,Kepler-633 b,Kepler-633,54.53,41.619
9941859,Kepler-178 c,Kepler-178,81.916,60.488
10600261,Kepler-194 c,Kepler-194,113.986,93.604
12058931,Kepler-182 c,Kepler-182,123.784,95.49
4270253,Kepler-183 b,Kepler-183,118.199,89.189
8120608,Kepler-186 e,Kepler-186,136.067,114.27
8558011,Kepler-607 b,Kepler-607,81.62,60.618
7595157,Kepler-605 b,Kepler-605,68.768,54.307
10353968,Kepler-623 b,Kepler-623,159.379,139.416
10187017,Kepler-102 b,Kepler-102,31.447,32.148
9157634,Kepler-586 b,Kepler-586,87.682,70.452
8616637,Kepler-190 c,Kepler-190,98.155,88.403
4644604,Kepler-626 b,Kepler-626,61.822,47.187
5120087,Kepler-631 b,Kepler-631,72.416,74.828
6678383,Kepler-104 c,Kepler-104,29.898,22.743
5966154,Kepler-201 c,Kepler-201,37.828,29.688
6020753,Kepler-202 c,Kepler-202,83.42,67.49
9950612,Kepler-220 d,Kepler-220,44.957,41.747
6062088,Kepler-203 c,Kepler-203,88.652,82.284
6365156,Kepler-639 b,Kepler-639,46.974,35.593
10002866,Kepler-222 c,Kepler-222,173.752,172.963
8962094,Kepler-215 c,Kepler-215,50.139,38.928
10872983,Kepler-228 c,Kepler-228,186.318,136.247
6359320,Kepler-269 c,Kepler-269,220.187,187.118
10662202,Kepler-662 b,Kepler-662,175.649,163.345
8972058,Kepler-115 b,Kepler-115,57.281,50.571
5794379,Kepler-241 b,Kepler-241,178.259,145.747
8247638,Kepler-251 e,Kepler-251,138.594,112.358
8346392,Kepler-777 b,Kepler-777,319.534,265.378
11754553,Kepler-52 d,Kepler-52,202.819,191.285
6422070,Kepler-704 b,Kepler-704,166.92,123.522
8644288,Kepler-18 c,Kepler-18,54.657,43.532
8278371,Kepler-780 b,Kepler-780,51.728,41.505
10925104,Kepler-114 d,Kepler-114,75.296,66.4
6690082,Kepler-280 c,Kepler-280,81.261,63.599
12110942,Kepler-680 b,Kepler-680,149.22,113.341
6849310,Kepler-244 b,Kepler-244,163.603,128.799
12470844,Kepler-233 b,Kepler-233,213.282,170.065
10141900,Kepler-763 d,Kepler-763,207.0,164.474
8630788,Kepler-281 c,Kepler-281,191.302,144.277
8158127,Kepler-750 c,Kepler-750,89.573,67.267
10350571,Kepler-784 c,Kepler-784,63.271,53.706
3832474,Kepler-30 c,Kepler-30,261.46,236.49
7287995,Kepler-81 b,Kepler-81,164.336,152.617
9479273,Kepler-734 b,Kepler-734,81.381,60.965
9512687,Kepler-735 b,Kepler-735,183.838,153.467
3240158,Kepler-769 c,Kepler-769,134.124,114.372
3859628,Kepler-1740 b,Kepler-1740,187.73,142.759
8583696,Kepler-803 b,Kepler-803,58.55,44.868
8609450,Kepler-282 c,Kepler-282,117.312,87.451
8628758,Kepler-804 c,Kepler-804,56.694,45.682
9775938,Kepler-258 c,Kepler-258,145.845,126.449
3109930,Kepler-1736 b,Kepler-1736,122.876,93.868
2854914,Kepler-268 b,Kepler-268,71.087,59.926
3447722,Kepler-275 c,Kepler-275,188.292,142.572
6541920,Kepler-11 g,Kepler-11,56.576,43.09
5272878,Kepler-694 b,Kepler-694,117.871,93.394
3859079,Kepler-786 b,Kepler-786,157.925,131.215
3444588,Kepler-787 b,Kepler-787,296.588,235.979
3869014,Kepler-789 b,Kepler-789,124.593,99.845
10990917,Kepler-919 b,Kepler-919,119.758,98.102
8277797,Kepler-322 c,Kepler-322,83.62,80.105
7449136,Kepler-1002 b,Kepler-1002,33.555,35.338
3354846,Kepler-1241 b,Kepler-1241,303.214,258.414
7841925,Kepler-865 b,Kepler-865,81.911,61.17
6921944,Kepler-1105 b,Kepler-1105,231.896,207.764
11566256,Kepler-1831 b,Kepler-1831,218.555,179.819
12306058,Kepler-391 b,Kepler-391,59.958,46.381
11122894,Kepler-297 b,Kepler-297,86.853,71.715
9813499,Kepler-868 b,Kepler-868,196.952,147.642
9729691,Kepler-949 c,Kepler-949,121.779,111.174
3326377,Kepler-967 b,Kepler-967,124.116,117.662
10663396,Kepler-1069 b,Kepler-1069,47.048,40.377
11457726,Kepler-1070 b,Kepler-1070,70.584,62.738
3342794,Kepler-376 b,Kepler-376,63.297,48.288
5602588,Kepler-1211 b,Kepler-1211,210.081,161.521
4650733,Kepler-1762 b,Kepler-1762,128.98,105.857
8651389,Kepler-1768 b,Kepler-1768,71.721,72.614
11709244,Kepler-325 b,Kepler-325,181.725,172.564
8766650,Kepler-1008 b,Kepler-1008,65.341,66.227
8956206,Kepler-1071 b,Kepler-1071,226.593,209.991
3546060,Kepler-1110 b,Kepler-1110,268.708,206.674
10549023,Kepler-1112 b,Kepler-1112,120.72,114.353
5364071,Kepler-49 c,Kepler-49,173.129,149.571
12254909,Kepler-1213 b,Kepler-1213,56.87,46.332
8757824,Kepler-1275 b,Kepler-1275,97.31,92.993
7831264,Kepler-116 c,Kepler-116,64.97,58.998
7456001,Kepler-874 b,Kepler-874,102.146,82.871
5617854,Kepler-901 b,Kepler-901,115.579,94.027
11853878,Kepler-968 b,Kepler-968,140.276,144.259
9471268,Kepler-326 b,Kepler-326,89.734,96.631
4254466,Kepler-1113 b,Kepler-1113,110.223,88.422
5269467,Kepler-925 b,Kepler-925,197.395,154.329
10657406,Kepler-969 c,Kepler-969,81.617,85.555
9965957,Kepler-1011 b,Kepler-1011,164.855,155.266
9704384,Kepler-1012 b,Kepler-1012,60.122,57.609
10134152,Kepler-1787 b,Kepler-1787,96.745,84.845
12301181,Kepler-1076 b,Kepler-1076,53.897,45.518
9279354,Kepler-1788 b,Kepler-1788,208.023,187.003
6960913,Kepler-61 b,Kepler-61,133.644,110.056
8692861,Kepler-69 b,Kepler-69,54.133,40.455
11599038,Kepler-1751 b,Kepler-1751,161.752,120.933
5542466,Kepler-1756 b,Kepler-1756,191.063,152.306
5526717,Kepler-926 b,Kepler-926,84.992,77.893
6037581,Kepler-336 d,Kepler-336,77.607,81.689
4736569,Kepler-1042 b,Kepler-1042,208.323,182.942
10203349,Kepler-1144 b,Kepler-1144,100.947,75.265
8753896,Kepler-389 c,Kepler-389,239.877,192.761
8077137,Kepler-128 c,Kepler-128,27.476,25.324
9821454,Kepler-59 c,Kepler-59,69.557,52.39
7755636,Kepler-1015 b,Kepler-1015,78.57,93.089
7219825,Kepler-123 c,Kepler-123,62.29,46.256
12058204,Kepler-373 c,Kepler-373,108.438,85.404
7542813,Kepler-1180 b,Kepler-1180,105.721,79.009
4665571,Kepler-1834 c,Kepler-1834,154.23,127.633
9269042,Kepler-1221 b,Kepler-1221,176.64,148.356
10453588,Kepler-1253 b,Kepler-1253,35.724,27.372
11669125,Kepler-888 b,Kepler-888,45.787,39.489
10004738,Kepler-310 d,Kepler-310,79.82,67.077
10136549,Kepler-337 c,Kepler-337,40.55,31.993
10024701,Kepler-1046 b,Kepler-1046,72.964,78.859
10253547,Kepler-364 b,Kepler-364,61.081,47.343
11569782,Kepler-1150 b,Kepler-1150,127.476,116.44
7670943,Kepler-1713 b,Kepler-1713,20.705,19.294
11037511,Kepler-1281 b,Kepler-1281,214.714,169.565
10387742,Kepler-1998 b,Kepler-1998,34.635,27.982
5177104,Kepler-904 b,Kepler-904,83.974,69.208
4545187,Kepler-121 b,Kepler-121,106.308,83.355
5511081,Kepler-338 d,Kepler-338,35.129,28.147
10978763,Kepler-339 b,Kepler-339,114.494,109.533
9473078,Kepler-1087 b,Kepler-1087,41.876,35.995
12116380,Kepler-1123 b,Kepler-1123,121.043,93.436
3122913,Kepler-1845 b,Kepler-1845,388.309,317.716
6528464,Kepler-449 b,Kepler-449,22.284,19.683
9827149,Kepler-1282 b,Kepler-1282,153.582,117.478
12156347,Kepler-1687 b,Kepler-1687,207.928,171.971
10810838,Kepler-482 b,Kepler-482,65.191,53.192
5546761,Kepler-1125 b,Kepler-1125,111.377,83.21
5959719,Kepler-390 c,Kepler-390,61.435,48.962
6773862,Kepler-988 b,Kepler-988,150.723,125.75
7204981,Kepler-1127 b,Kepler-1127,127.268,94.215
5005121,Kepler-1811 b,Kepler-1811,128.533,103.625
11512246,Kepler-23 d,Kepler-23,52.179,41.092
4770365,Kepler-1669 c,Kepler-1669,407.398,326.086
4454934,Kepler-1155 b,Kepler-1155,97.457,75.886
11030475,Kepler-1813 b,Kepler-1813,186.87,173.089
6387542,Kepler-912 b,Kepler-912,170.158,135.174
4644952,Kepler-319 c,Kepler-319,99.778,108.935
11295426,Kepler-68 b,Kepler-68,16.917,14.42
7047363,Kepler-1236 b,Kepler-1236,228.923,186.621
7183745,Kepler-1266 b,Kepler-1266,199.03,153.907
6269070,Kepler-1288 b,Kepler-1288,83.172,93.552
8874090,Kepler-834 b,Kepler-834,262.218,211.846
10905746,Kepler-1651 b,Kepler-1651,108.712,117.895
6205228,Kepler-996 b,Kepler-996,91.756,68.883
11758544,Kepler-997 b,Kepler-997,35.064,36.065
8261920,Kepler-1802 c,Kepler-1802,315.243,298.774
6941084,Kepler-1204 b,Kepler-1204,160.009,142.893
9177629,Kepler-1848 b,Kepler-1848,78.087,68.388
8950853,Kepler-839 b,Kepler-839,59.064,49.158
9823487,Kepler-1753 b,Kepler-1753,204.783,171.883
5438099,Kepler-306 d,Kepler-306,160.132,123.161
9455325,Kepler-958 b,Kepler-958,77.425,78.541
6382217,Kepler-353 c,Kepler-353,224.67,180.887
8613535,Kepler-1165 c,Kepler-1165,91.881,75.413
5036705,Kepler-1238 b,Kepler-1238,135.714,109.494
6867555,Kepler-1239 b,Kepler-1239,157.269,120.595
4067925,Kepler-1897 b,Kepler-1897,305.2,233.178
6584273,Kepler-1457 b,Kepler-1457,75.345,60.565
10089911,Kepler-1543 b,Kepler-1543,142.791,143.467
10000941,Kepler-1558 b,Kepler-1558,80.053,88.747
10070468,Kepler-1297 b,Kepler-1297,93.752,70.74
11905011,Kepler-514 b,Kepler-514,37.606,37.143
7463685,Kepler-1884 b,Kepler-1884,119.84,88.005
9881662,Kepler-140 b,Kepler-140,45.921,41.367
3848275,Kepler-1403 b,Kepler-1403,203.608,162.116
7673192,Kepler-402 b,Kepler-402,59.755,62.105
11129258,Kepler-1381 b,Kepler-1381,208.322,195.523
9085563,Kepler-1486 b,Kepler-1486,151.965,115.535
9353742,Kepler-1523 b,Kepler-1523,107.288,83.631
4346178,Kepler-1304 b,Kepler-1304,171.488,151.288
9031209,Kepler-1467 b,Kepler-1467,281.679,315.5
9664142,Kepler-1305 b,Kepler-1305,197.767,152.918
8409295,Kepler-1489 b,Kepler-1489,126.656,97.574
6058816,Kepler-1927 b,Kepler-1927,49.396,39.988
6186964,Kepler-1366 b,Kepler-1366,266.635,217.483
7609553,Kepler-1387 b,Kepler-1387,114.285,105.296
11720424,Kepler-1432 b,Kepler-1432,162.02,121.686
10057494,Kepler-1443 b,Kepler-1443,60.507,74.79
11566064,Kepler-1717 b,Kepler-1717,108.104,124.107
5088536,Kepler-130 c,Kepler-130,27.314,23.255
5794570,Kepler-1312 c,Kepler-1312,81.413,105.335
9962455,Kepler-1336 b,Kepler-1336,67.853,51.382
12416661,Kepler-1434 b,Kepler-1434,40.326,36.282
8073705,Kepler-1445 b,Kepler-1445,40.085,32.991
9139084,Kepler-523 b,Kepler-523,82.611,98.799
9117416,Kepler-1921 c,Kepler-1921,54.276,47.504
5688683,Kepler-1939 b,Kepler-1939,90.605,93.278
6878240,Kepler-397 b,Kepler-397,205.468,157.305
8051946,Kepler-1416 b,Kepler-1416,76.058,56.983
10252275,Kepler-1907 c,Kepler-1907,105.907,91.014
11303322,Kepler-1472 b,Kepler-1472,101.178,85.234
5369827,Kepler-1870 b,Kepler-1870,82.32,94.863
6599975,Kepler-1501 b,Kepler-1501,61.077,52.426
4991208,Kepler-1393 b,Kepler-1393,75.577,69.248
1717722,Kepler-1977 b,Kepler-1977,301.91,233.311
8121310,Kepler-521 b,Kepler-521,56.697,52.99
5128673,Kepler-1316 b,Kepler-1316,94.341,78.248
7285757,Kepler-1986 b,Kepler-1986,181.241,134.431
11651712,Kepler-1479 b,Kepler-1479,65.484,49.909
2581554,Kepler-1521 b,Kepler-1521,94.836,114.475
3964109,Kepler-544 b,Kepler-544,57.398,43.258
11019987,Kepler-1421 b,Kepler-1421,40.611,34.797
10653179,Kepler-1453 b,Kepler-1453,241.939,235.766
11177676,Kepler-1454 b,Kepler-1454,148.0,125.267
5895158,Kepler-1532 b,Kepler-1532,186.078,218.761
5652893,Kepler-1347 b,Kepler-1347,57.17,44.857
5106313,Kepler-1694 b,Kepler-1694,107.062,85.156
5450893,Kepler-1890 b,Kepler-1890,40.105,36.32
10990886,Kepler-568 b,Kepler-568,120.807,100.814
6276791,Kepler-1958 b,Kepler-1958,177.82,145.644
8636600,Kepler-1959 b,Kepler-1959,121.092,121.062
3966801,Kepler-577 b,Kepler-577,139.155,104.51
5881120,Kepler-1943 b,Kepler-1943,60.686,46.725
4548098,Kepler-1982 b,Kepler-1982,51.911,58.568
6607644,Kepler-1559 b,Kepler-1559,82.51,63.98
7610663,Kepler-1560 b,Kepler-1560,93.76,105.1
6508221,Kepler-152 b,Kepler-152,69.498,52.015
3745690,Kepler-157 b,Kepler-157,79.888,61.673
9216775,Kepler-1612 b,Kepler-1612,113.434,91.838
7977197,Kepler-162 c,Kepler-162,70.213,52.559
9589524,Kepler-563 b,Kepler-563,105.843,84.235
11904151,Kepler-10 c,Kepler-10,22.879,19.932
9828127,Kepler-1564 b,Kepler-1564,116.693,93.042
5644412,Kepler-1565 b,Kepler-1565,328.263,356.505
10189546,Kepler-549 d,Kepler-549,167.586,147.822
3847138,Kepler-556 b,Kepler-556,84.416,69.948
12302530,Kepler-155 c,Kepler-155,109.992,97.603
7098355,Kepler-558 b,Kepler-558,112.297,87.191
1724719,Kepler-1569 b,Kepler-1569,94.254,85.785
5689351,Kepler-169 c,Kepler-169,102.077,97.992
8573193,Kepler-1591 b,Kepler-1591,94.849,75.333
2438264,Kepler-156 c,Kepler-156,114.288,94.521
11509504,Kepler-1573 b,Kepler-1573,124.666,92.156
3217264,Kepler-149 d,Kepler-149,79.43,62.555
10669994,Kepler-1594 b,Kepler-1594,92.753,73.19
8015907,Kepler-585 b,Kepler-585,87.06,84.581
8017703,Kepler-174 c,Kepler-174,75.853,59.106
8367113,Kepler-606 b,Kepler-606,94.824,71.072
9020160,Kepler-191 d,Kepler-191,123.982,112.264
6501635,Kepler-600 b,Kepler-600,140.68,134.157
7445445,Kepler-184 c,Kepler-184,87.11,70.885
9146018,Kepler-192 b,Kepler-192,75.721,60.61
9957627,Kepler-1723 b,Kepler-1723,81.086,68.677
6786037,Kepler-603 c,Kepler-603,101.623,77.385
10676824,Kepler-1724 b,Kepler-1724,116.226,95.83
12068975,Kepler-197 c,Kepler-197,26.386,21.187
5709725,Kepler-598 c,Kepler-598,109.602,86.216
9958962,Kepler-616 d,Kepler-616,146.264,140.94
5113822,Kepler-199 b,Kepler-199,84.271,80.703
6422155,Kepler-172 b,Kepler-172,133.771,111.311
7941200,Kepler-1709 b,Kepler-1709,33.196,32.464
8037145,Kepler-176 e,Kepler-176,115.783,104.885
9964801,Kepler-654 b,Kepler-654,58.269,45.028
9965439,Kepler-655 b,Kepler-655,54.405,47.044
8711794,Kepler-463 b,Kepler-463,39.888,31.588
6685609,Kepler-207 d,Kepler-207,57.023,54.636
8480285,Kepler-647 b,Kepler-647,58.146,43.415
8802165,Kepler-648 b,Kepler-648,84.407,75.848
8878187,Kepler-650 b,Kepler-650,53.826,40.976
9450647,Kepler-465 b,Kepler-465,34.784,30.549
9458613,Kepler-33 d,Kepler-33,63.487,47.776
5456651,Kepler-239 b,Kepler-239,144.697,115.517
6037187,Kepler-759 b,Kepler-759,90.43,76.465
3839488,Kepler-794 b,Kepler-794,57.127,47.284
4077526,Kepler-58 b,Kepler-58,149.369,119.987
10272442,Kepler-657 b,Kepler-657,162.099,134.308
10538176,Kepler-284 c,Kepler-284,180.227,136.255
10794087,Kepler-1743 b,Kepler-1743,31.648,24.751
6032497,Kepler-698 b,Kepler-698,143.798,107.016
11507101,Kepler-672 b,Kepler-672,118.183,87.3
6276477,Kepler-701 b,Kepler-701,127.522,108.671
8280511,Kepler-271 c,Kepler-271,49.774,38.088
11853255,Kepler-674 b,Kepler-674,200.595,165.817
11918099,Kepler-675 b,Kepler-675,162.57,127.91
8883593,Kepler-728 b,Kepler-728,191.414,148.966
1871056,Kepler-264 b,Kepler-264,57.801,50.871
6693640,Kepler-798 b,Kepler-798,67.752,52.257
10468940,Kepler-273 b,Kepler-273,126.019,107.171
10337517,Kepler-783 c,Kepler-783,75.059,64.406
10122255,Kepler-765 b,Kepler-765,94.871,71.214
7135852,Kepler-1729 b,Kepler-1729,206.134,170.081
9406990,Kepler-733 b,Kepler-733,151.65,113.213
2716853,Kepler-752 b,Kepler-752,272.885,198.086
8564587,Kepler-57 b,Kepler-57,116.553,98.937
4476123,Kepler-689 b,Kepler-689,211.904,160.701
8822366,Kepler-805 b,Kepler-805,35.966,29.733
7825899,Kepler-248 b,Kepler-248,171.6,152.114
5956342,Kepler-265 b,Kepler-265,158.4,141.704
11046025,Kepler-1759 b,Kepler-1759,118.247,105.951
11460462,Kepler-1104 b,Kepler-1104,39.492,42.759
9209624,Kepler-387 b,Kepler-387,59.965,47.02
1849702,Kepler-1854 b,Kepler-1854,101.799,84.679
11177543,Kepler-1760 b,Kepler-1760,102.411,84.632
11337372,Kepler-920 b,Kepler-920,174.004,136.331
6205897,Kepler-1029 b,Kepler-1029,81.524,66.491
7948784,Kepler-1778 b,Kepler-1778,116.696,95.64
9347009,Kepler-1030 b,Kepler-1030,222.634,182.997
8804845,Kepler-1067 c,Kepler-1067,98.837,97.343
4140813,Kepler-1795 b,Kepler-1795,262.517,221.017
5601258,Kepler-1805 b,Kepler-1805,147.273,129.657
4275721,Kepler-825 c,Kepler-825,85.874,68.148
7668663,Kepler-1005 b,Kepler-1005,48.002,39.809
3937519,Kepler-495 b,Kepler-495,104.013,79.21
2693736,Kepler-1034 b,Kepler-1034,159.122,121.017
9656252,Kepler-1068 b,Kepler-1068,221.635,186.952
11560897,Kepler-430 c,Kepler-430,59.248,46.842
9086251,Kepler-1833 b,Kepler-1833,39.249,37.062
4484336,Kepler-1857 b,Kepler-1857,90.019,72.797
7265298,Kepler-355 c,Kepler-355,115.032,84.507
8041216,Kepler-500 b,Kepler-500,76.655,65.322
11187837,Kepler-1663 b,Kepler-1663,200.014,159.379
9753154,Kepler-1244 b,Kepler-1244,56.7,64.001
9832208,Kepler-1858 b,Kepler-1858,226.068,200.416
12418724,Kepler-873 b,Kepler-873,134.94,106.655
7549209,Kepler-875 b,Kepler-875,126.147,94.929
3967760,Kepler-317 c,Kepler-317,251.493,230.699
8226050,Kepler-1010 b,Kepler-1010,114.896,93.305
8142942,Kepler-1782 b,Kepler-1782,83.643,77.728
8494542,Kepler-1807 b,Kepler-1807,65.085,48.766
7259298,Kepler-1278 b,Kepler-1278,61.505,47.599
9527915,Kepler-478 b,Kepler-478,69.492,55.991
5856571,Kepler-971 b,Kepler-971,130.263,161.249
4249725,Kepler-120 b,Kepler-120,129.506,107.985
11193263,Kepler-848 b,Kepler-848,70.425,55.642
7382313,Kepler-1220 b,Kepler-1220,143.951,136.391
11356260,Kepler-851 b,Kepler-851,130.221,104.358
11043167,Kepler-852 b,Kepler-852,81.041,69.697
6034945,Kepler-927 b,Kepler-927,132.589,128.213
6152974,Kepler-118 c,Kepler-118,165.741,144.42
6932987,Kepler-293 b,Kepler-293,166.79,138.001
11666881,Kepler-480 b,Kepler-480,49.206,39.496
6310636,Kepler-929 b,Kepler-929,101.337,83.42
6287313,Kepler-1147 b,Kepler-1147,152.352,120.772
9390653,Kepler-504 b,Kepler-504,117.098,97.108
10874215,Kepler-1820 b,Kepler-1820,215.47,175.913
5438757,Kepler-903 c,Kepler-903,84.947,64.065
9886661,Kepler-905 b,Kepler-905,65.994,53.693
4157325,Kepler-416 b,Kepler-416,115.464,101.003
5972334,Kepler-487 d,Kepler-487,116.549,89.442
9072190,Kepler-1018 b,Kepler-1018,111.02,82.044
10190777,Kepler-1019 b,Kepler-1019,69.468,65.548
9839821,Kepler-1052 b,Kepler-1052,150.17,151.314
9003401,Kepler-1823 b,Kepler-1823,46.92,38.778
5978559,Kepler-1824 b,Kepler-1824,99.226,74.217
7626370,Kepler-932 b,Kepler-932,76.038,63.237
7045496,Kepler-1021 b,Kepler-1021,166.25,163.966
4370527,Kepler-1128 b,Kepler-1128,255.426,219.375
7815744,Kepler-933 b,Kepler-933,190.355,153.026
6696580,Kepler-359 d,Kepler-359,188.458,138.79
11308499,Kepler-366 c,Kepler-366,108.472,80.512
12401863,Kepler-1193 b,Kepler-1193,57.286,43.383
12453581,Kepler-1234 b,Kepler-1234,306.201,218.208
9269281,Kepler-1748 b,Kepler-1748,192.316,144.853
9895006,Kepler-936 b,Kepler-936,88.102,67.402
8978528,Kepler-329 c,Kepler-329,206.3,163.6
7918992,Kepler-1091 b,Kepler-1091,137.669,119.503
8681734,Kepler-1198 b,Kepler-1198,106.134,81.558
9529744,Kepler-320 b,Kepler-320,56.261,46.89
3098810,Kepler-1773 b,Kepler-1773,47.694,40.747
3120355,Kepler-1094 b,Kepler-1094,149.965,117.262
7778767,Kepler-1267 b,Kepler-1267,258.265,189.373
9150827,Kepler-1749 b,Kepler-1749,140.426,118.553
9391506,Kepler-838 b,Kepler-838,126.206,96.724
9589323,Kepler-861 b,Kepler-861,184.435,146.868
6803202,Kepler-1711 b,Kepler-1711,46.512,36.954
9726659,Kepler-862 b,Kepler-862,182.859,148.881
10854546,Kepler-1099 b,Kepler-1099,140.872,115.139
8591173,Kepler-1804 b,Kepler-1804,155.609,153.674
6200235,Kepler-1205 b,Kepler-1205,182.999,186.765
8013439,Kepler-381 c,Kepler-381,18.446,16.705
9011825,Kepler-1269 b,Kepler-1269,62.306,52.782
4915638,Kepler-1291 b,Kepler-1291,208.578,163.437
11465950,Kepler-1862 b,Kepler-1862,225.989,170.759
12206313,Kepler-401 b,Kepler-401,51.52,40.8
5209845,Kepler-1378 b,Kepler-1378,331.289,279.607
3328080,Kepler-1898 b,Kepler-1898,47.071,36.764
6153407,Kepler-1911 b,Kepler-1911,46.725,54.102
6063220,Kepler-99 b,Kepler-99,56.223,51.599
9447166,Kepler-1459 b,Kepler-1459,100.237,78.533
8644365,Kepler-1485 b,Kepler-1485,46.157,36.768
9995771,Kepler-1509 b,Kepler-1509,144.756,106.136
6198182,Kepler-1864 b,Kepler-1864,37.269,38.908
6880517,Kepler-1462 b,Kepler-1462,304.903,247.475
7742408,Kepler-1697 b,Kepler-1697,68.106,60.771
4673628,Kepler-1935 b,Kepler-1935,94.527,71.778
6933567,Kepler-1301 b,Kepler-1301,131.733,98.159
7605093,Kepler-1356 b,Kepler-1356,172.803,128.901
12785320,Kepler-515 b,Kepler-515,46.773,38.936
3632089,Kepler-1464 c,Kepler-1464,85.272,70.585
12735830,Kepler-1465 b,Kepler-1465,107.811,84.613
8263545,Kepler-1878 b,Kepler-1878,211.138,162.168
12352520,Kepler-1904 b,Kepler-1904,302.709,231.376
9527334,Kepler-461 b,Kepler-461,101.244,118.823
8554701,Kepler-1466 b,Kepler-1466,64.477,49.719
5906694,Kepler-1938 b,Kepler-1938,228.805,262.01
6436029,Kepler-1359 b,Kepler-1359,239.974,206.345
12405333,Kepler-1409 b,Kepler-1409,215.271,193.102
5965819,Kepler-1468 c,Kepler-1468,104.847,77.871
8494410,Kepler-1516 b,Kepler-1516,90.443,73.585
5562090,Kepler-1309 b,Kepler-1309,233.583,172.653
9244508,Kepler-1360 b,Kepler-1360,90.494,78.735
5780930,Kepler-1492 b,Kepler-1492,120.716,113.357
8036287,Kepler-1537 b,Kepler-1537,118.828,115.703
11714231,Kepler-1431 b,Kepler-1431,146.362,115.67
6586746,Kepler-1335 b,Kepler-1335,165.111,141.904
8733898,Kepler-446 c,Kepler-446,351.595,252.656
9716391,Kepler-1413 b,Kepler-1413,272.359,213.804
6929841,Kepler-1414 b,Kepler-1414,148.074,135.424
6265792,Kepler-1338 b,Kepler-1338,52.946,41.021
10591855,Kepler-1367 b,Kepler-1367,208.455,165.967
7749773,Kepler-1882 b,Kepler-1882,37.453,32.461
10363115,Kepler-1929 b,Kepler-1929,37.255,30.5
11241912,Kepler-1473 b,Kepler-1473,43.645,33.126
5784777,Kepler-1529 b,Kepler-1529,271.33,332.531
7050989,Kepler-136 b,Kepler-136,31.46,31.434
3353050,Kepler-541 b,Kepler-541,60.713,50.159
7534267,Kepler-1441 b,Kepler-1441,81.198,64.376
8081239,Kepler-1476 b,Kepler-1476,137.92,101.913
11074541,Kepler-531 b,Kepler-531,55.546,50.407
7769819,Kepler-1342 b,Kepler-1342,201.132,168.567
12164564,Kepler-1343 b,Kepler-1343,205.211,157.76
7216284,Kepler-1420 b,Kepler-1420,177.094,130.405
11244682,Kepler-1699 b,Kepler-1699,174.357,216.153
5088400,Kepler-1556 b,Kepler-1556,204.592,207.041
11455428,Kepler-1480 b,Kepler-1480,135.671,139.477
8780959,Kepler-1518 c,Kepler-1518,70.466,62.698
11624249,Kepler-536 b,Kepler-536,65.713,50.995
9956082,Kepler-1557 b,Kepler-1557,132.236,100.885
5175986,Kepler-1320 b,Kepler-1320,254.313,238.525
8885643,Kepler-1346 b,Kepler-1346,96.036,80.162
7019524,Kepler-1376 b,Kepler-1376,97.862,80.754
8417078,Kepler-1619 b,Kepler-1619,45.58,34.839
12404305,Kepler-573 b,Kepler-573,78.547,59.327
10525049,Kepler-1948 b,Kepler-1948,73.616,63.366
4381429,Kepler-1608 b,Kepler-1608,266.82,196.376
6184894,Kepler-1627 b,Kepler-1627,289.797,343.899
10407482,Kepler-1577 b,Kepler-1577,158.135,158.176
12834874,Kepler-574 b,Kepler-574,117.136,91.961
9883606,Kepler-1598 b,Kepler-1598,84.458,82.489
7440748,Kepler-161 c,Kepler-161,101.972,90.791
2557816,Kepler-575 b,Kepler-575,119.699,90.095
7778621,Kepler-1967 b,Kepler-1967,67.379,58.494
5444548,Kepler-545 b,Kepler-545,68.374,55.003
5868793,Kepler-1582 b,Kepler-1582,620.893,489.281
5003670,Kepler-1962 b,Kepler-1962,125.18,104.007
7908367,Kepler-1642 b,Kepler-1642,123.536,121.345
12505503,Kepler-1563 b,Kepler-1563,71.825,59.378
5095082,Kepler-1951 b,Kepler-1951,70.893,53.49
11718389,Kepler-1956 b,Kepler-1956,194.177,152.493
10329196,Kepler-1605 b,Kepler-1605,43.282,34.757
5371777,Kepler-1589 b,Kepler-1589,110.205,82.52
11650401,Kepler-1614 b,Kepler-1614,276.061,212.242
5774349,Kepler-599 b,Kepler-599,136.838,111.918
10388286,Kepler-617 b,Kepler-617,125.66,102.699
10965008,Kepler-591 b,Kepler-591,88.651,70.117
5978361,Kepler-1722 b,Kepler-1722,121.878,98.499
7350067,Kepler-1646 b,Kepler-1646,675.154,714.18
6665695,Kepler-601 b,Kepler-601,90.973,73.93
4832837,Kepler-621 b,Kepler-621,129.171,112.122
8806123,Kepler-177 b,Kepler-177,117.092,90.333
10656823,Kepler-195 b,Kepler-195,130.592,112.715
5686174,Kepler-622 b,Kepler-622,149.48,127.441
11656721,Kepler-594 b,Kepler-594,105.48,77.972
4478168,Kepler-624 b,Kepler-624,54.88,43.089
4563268,Kepler-625 c,Kepler-625,61.833,57.311
5020319,Kepler-1725 b,Kepler-1725,69.031,80.128
8625925,Kepler-609 b,Kepler-609,109.192,81.65
9279669,Kepler-612 b,Kepler-612,111.732,81.979
9597345,Kepler-218 c,Kepler-218,62.035,49.07
9884104,Kepler-219 b,Kepler-219,68.657,61.736
6347299,Kepler-204 c,Kepler-204,81.077,73.691
7509886,Kepler-211 c,Kepler-211,75.925,85.767
4914423,Kepler-103 c,Kepler-103,30.312,25.047
10854555,Kepler-664 b,Kepler-664,213.543,180.839
5436502,Kepler-238 c,Kepler-238,115.401,92.6
8561063,Kepler-42 c,Kepler-42,143.028,107.105
4072526,Kepler-819 b,Kepler-819,170.376,141.34
3442055,Kepler-795 b,Kepler-795,47.07,35.913
4043190,Kepler-796 b,Kepler-796,62.871,51.858
10358759,Kepler-29 b,Kepler-29,168.746,122.915
6383821,Kepler-797 b,Kepler-797,97.6,79.008
1865042,Kepler-746 b,Kepler-746,64.089,50.217
10330115,Kepler-781 b,Kepler-781,259.643,220.257
9334289,Kepler-254 c,Kepler-254,233.002,191.643
8125580,Kepler-749 b,Kepler-749,245.738,180.839
7303253,Kepler-711 b,Kepler-711,143.683,109.233
8547140,Kepler-801 b,Kepler-801,164.916,139.693
7373451,Kepler-712 c,Kepler-712,219.157,175.716
2574338,Kepler-1733 b,Kepler-1733,197.237,154.118
2584163,Kepler-754 b,Kepler-754,181.661,134.877
9605514,Kepler-1666 b,Kepler-1666,151.352,133.981
9710326,Kepler-737 b,Kepler-737,187.254,156.346
2837111,Kepler-771 b,Kepler-771,122.471,96.28
4725681,Kepler-236 b,Kepler-236,243.606,214.468
3348082,Kepler-274 b,Kepler-274,154.582,117.432
8742590,Kepler-1742 b,Kepler-1742,92.913,78.736
7685981,Kepler-717 b,Kepler-717,184.602,146.698
3732821,Kepler-790 b,Kepler-790,153.885,120.371
8832512,Kepler-963 b,Kepler-963,160.395,169.432
8107225,Kepler-499 b,Kepler-499,86.164,68.391
10489206,Kepler-125 b,Kepler-125,155.073,141.715
12256520,Kepler-1166 b,Kepler-1166,106.613,86.925
9636135,Kepler-864 c,Kepler-864,182.53,140.756
11337141,Kepler-1761 b,Kepler-1761,173.963,146.703
11337833,Kepler-921 b,Kepler-921,126.956,103.472
5695524,Kepler-1774 b,Kepler-1774,69.539,60.138
9650808,Kepler-344 c,Kepler-344,137.733,100.622
10480915,Kepler-1785 b,Kepler-1785,70.014,53.381
9532052,Kepler-67 b,Kepler-67,287.576,258.197
4650674,Kepler-824 b,Kepler-824,110.136,91.696
6786348,Kepler-947 b,Kepler-947,178.522,137.767
8591693,Kepler-1796 b,Kepler-1796,107.705,84.284
9696358,Kepler-1274 b,Kepler-1274,33.728,30.682
7690844,Kepler-871 b,Kepler-871,209.796,170.861
11601584,Kepler-324 d,Kepler-324,82.551,65.542
7094486,Kepler-1009 b,Kepler-1009,235.952,205.652
9364290,Kepler-382 c,Kepler-382,115.024,87.419
3102384,Kepler-454 b,Kepler-454,24.881,20.445
5374403,Kepler-1277 b,Kepler-1277,71.441,57.36
9941066,Kepler-898 b,Kepler-898,232.386,184.84
5470739,Kepler-899 b,Kepler-899,179.571,138.309
10022908,Kepler-900 b,Kepler-900,127.497,104.828
9904006,Kepler-361 c,Kepler-361,61.985,58.411
9945370,Kepler-1175 b,Kepler-1175,202.232,149.41
12454461,Kepler-1248 b,Kepler-1248,46.503,41.154
11288505,Kepler-846 b,Kepler-846,176.291,125.093
11037335,Kepler-300 b,Kepler-300,71.889,55.231
8426567,Kepler-1013 b,Kepler-1013,146.039,142.263
8233702,Kepler-1116 b,Kepler-1116,146.048,113.613
4142847,Kepler-1143 c,Kepler-1143,225.436,184.863
8410415,Kepler-1817 b,Kepler-1817,146.863,113.633
6936909,Kepler-291 b,Kepler-291,199.502,153.922
11389771,Kepler-301 c,Kepler-301,122.238,110.48
10028140,Kepler-1757 b,Kepler-1757,165.421,131.919
7449541,Kepler-1078 b,Kepler-1078,165.221,123.248
10289119,Kepler-1219 b,Kepler-1219,49.611,43.261
2441495,Kepler-479 b,Kepler-479,63.236,51.15
11764462,Kepler-884 b,Kepler-884,55.297,49.2
9909735,Kepler-318 b,Kepler-318,105.717,127.131
10464050,Kepler-981 b,Kepler-981,145.615,140.678
9763348,Kepler-982 b,Kepler-982,73.539,84.297
8804397,Kepler-983 b,Kepler-983,45.68,38.567
10857519,Kepler-1084 b,Kepler-1084,38.957,41.472
3749978,Kepler-1183 b,Kepler-1183,247.785,181.365
11125613,Kepler-1254 c,Kepler-1254,178.92,155.573
11402995,Kepler-481 b,Kepler-481,55.166,41.489
10024051,Kepler-1228 b,Kepler-1228,96.582,71.3
9229657,Kepler-1257 b,Kepler-1257,167.984,128.359
10028535,Kepler-1259 b,Kepler-1259,162.681,142.792
7220429,Kepler-931 b,Kepler-931,85.72,67.544
7286173,Kepler-986 b,Kepler-986,61.139,51.342
4056616,Kepler-1053 b,Kepler-1053,65.791,63.128
11495458,Kepler-1190 b,Kepler-1190,125.977,117.484
8611832,Kepler-384 b,Kepler-384,53.239,40.271
5621586,Kepler-1836 b,Kepler-1836,178.368,132.424
8004903,Kepler-1286 b,Kepler-1286,183.767,137.861
7703955,Kepler-315 b,Kepler-315,144.32,115.403
4149450,Kepler-1772 b,Kepler-1772,50.815,37.864
8750043,Kepler-1055 b,Kepler-1055,85.026,98.606
6226290,Kepler-1057 b,Kepler-1057,260.162,237.519
9336200,Kepler-1153 b,Kepler-1153,260.042,238.891
6343170,Kepler-1230 b,Kepler-1230,191.874,151.719
7955580,Kepler-934 b,Kepler-934,158.944,131.707
5088591,Kepler-955 b,Kepler-955,167.327,196.11
2438513,Kepler-1777 b,Kepler-1777,155.708,153.16
11360805,Kepler-1232 b,Kepler-1232,136.966,109.089
9845898,Kepler-1233 b,Kepler-1233,99.349,74.494
10068659,Kepler-1287 b,Kepler-1287,109.798,84.378
11401755,Kepler-36 c,Kepler-36,30.802,26.383
6543893,Kepler-913 c,Kepler-913,259.412,218.666
11923284,Kepler-1061 b,Kepler-1061,87.803,94.8
8505920,Kepler-1090 c,Kepler-1090,147.421,128.952
8099138,Kepler-1196 b,Kepler-1196,113.802,90.714
9034103,Kepler-832 b,Kepler-832,204.473,152.468
9264949,Kepler-835 b,Kepler-835,196.896,145.871
10213902,Kepler-940 b,Kepler-940,150.838,113.137
9489524,Kepler-352 b,Kepler-352,71.331,77.579
6105462,Kepler-1093 c,Kepler-1093,54.491,42.379
9022166,Kepler-368 c,Kepler-368,54.301,44.514
8959839,Kepler-1159 b,Kepler-1159,81.535,61.273
8561231,Kepler-1202 b,Kepler-1202,201.428,171.684
8025596,Kepler-1290 b,Kepler-1290,181.555,132.86
10686864,Kepler-917 b,Kepler-917,286.314,248.059
9872283,Kepler-960 b,Kepler-960,87.979,81.286
5959753,Kepler-496 b,Kepler-496,118.887,97.418
9836149,Kepler-66 b,Kepler-66,174.444,181.883
10670119,Kepler-369 c,Kepler-369,204.427,173.358
5174858,Kepler-1852 b,Kepler-1852,173.246,146.493
6497146,Kepler-438 b,Kepler-438,140.157,122.042
5272233,Kepler-400 c,Kepler-400,77.448,78.402
3323887,Kepler-9 b,Kepler-9,116.782,108.386
6129524,Kepler-1379 b,Kepler-1379,189.71,141.99
11194032,Kepler-533 b,Kepler-533,74.379,67.528
5520547,Kepler-1401 b,Kepler-1401,107.474,84.053
5213230,Kepler-1923 b,Kepler-1923,86.07,65.64
12021625,Kepler-1404 b,Kepler-1404,243.61,194.181
12406807,Kepler-1903 b,Kepler-1903,172.702,127.334
11963206,Kepler-1357 b,Kepler-1357,158.69,124.468
3852655,Kepler-1406 b,Kepler-1406,55.548,47.279
6103377,Kepler-1407 b,Kepler-1407,138.124,106.9
10881457,Kepler-1510 b,Kepler-1510,179.858,138.651
4472818,Kepler-1524 b,Kepler-1524,73.234,87.015
6226908,Kepler-1546 b,Kepler-1546,186.025,156.923
9070666,Kepler-1408 b,Kepler-1408,30.693,24.843
12404954,Kepler-537 b,Kepler-537,69.145,63.907
6196457,Kepler-92 b,Kepler-92,31.469,29.09
8895758,Kepler-1427 b,Kepler-1427,156.743,119.089
7517261,Kepler-1511 b,Kepler-1511,82.23,77.079
5436338,Kepler-1880 b,Kepler-1880,219.421,181.178
3728432,Kepler-1526 b,Kepler-1526,256.065,212.579
10922659,Kepler-1916 b,Kepler-1916,186.828,144.157
8751796,Kepler-1435 b,Kepler-1435,45.672,42.125
5773121,Kepler-1932 b,Kepler-1932,163.933,153.906
6964929,Kepler-1340 b,Kepler-1340,100.343,84.176
8738775,Kepler-1498 b,Kepler-1498,109.001,80.788
11568987,Kepler-534 b,Kepler-534,64.013,58.677
6345732,Kepler-1370 c,Kepler-1370,65.391,58.13
6356692,Kepler-1888 b,Kepler-1888,32.143,26.759
5978170,Kepler-1910 b,Kepler-1910,179.432,138.516
5185897,Kepler-398 b,Kepler-398,53.337,48.079
11547513,Kepler-134 b,Kepler-134,40.842,38.482
7091432,Kepler-1477 b,Kepler-1477,124.807,98.688
3559860,Kepler-1980 b,Kepler-1980,227.118,170.224
8884274,Kepler-1374 b,Kepler-1374,354.45,326.586
8801316,Kepler-1394 b,Kepler-1394,31.705,27.215
3234843,Kepler-405 b,Kepler-405,275.987,208.877
10471515,Kepler-1395 b,Kepler-1395,39.266,38.368
8760040,Kepler-1396 b,Kepler-1396,89.423,75.682
10098844,Kepler-1397 b,Kepler-1397,86.268,65.458
11127479,Kepler-1349 b,Kepler-1349,23.501,21.451
6029239,Kepler-518 b,Kepler-518,48.494,48.439
10989274,Kepler-1645 b,Kepler-1645,112.349,92.547
6937529,Kepler-1597 b,Kepler-1597,72.695,57.069
9100953,Kepler-1610 b,Kepler-1610,201.242,148.582
4078311,Kepler-1944 b,Kepler-1944,196.069,147.728
6026924,Kepler-1580 b,Kepler-1580,46.148,39.453
9021075,Kepler-1968 b,Kepler-1968,232.242,174.465
6221385,Kepler-1641 b,Kepler-1641,89.51,83.083
11671579,Kepler-1611 b,Kepler-1611,90.942,67.701
9701962,Kepler-1617 b,Kepler-1617,52.687,39.651
3833007,Kepler-555 b,Kepler-555,78.341,58.799
5340644,Kepler-580 b,Kepler-580,173.534,144.983
6879171,Kepler-1947 b,Kepler-1947,66.93,74.021
5308537,Kepler-1955 b,Kepler-1955,41.137,36.282
9897364,Kepler-1562 b,Kepler-1562,143.04,120.206
5340878,Kepler-1566 b,Kepler-1566,97.716,81.413
10604592,Kepler-1957 b,Kepler-1957,122.825,103.09
8845205,Kepler-560 b,Kepler-560,166.539,135.558
10934674,Kepler-567 b,Kepler-567,132.032,120.362
10123064,Kepler-565 b,Kepler-565,157.3,138.734
12459913,Kepler-620 b,Kepler-620,113.434,85.742
6451936,Kepler-173 c,Kepler-173,93.734,88.994
10266615,Kepler-587 b,Kepler-587,151.444,127.411
11090765,Kepler-593 b,Kepler-593,98.492,83.868
8934495,Kepler-1721 b,Kepler-1721,107.597,84.718
10513530,Kepler-589 b,Kepler-589,119.816,90.933
8344004,Kepler-188 c,Kepler-188,109.628,82.553
4827723,Kepler-629 b,Kepler-629,61.944,63.773
5786676,Kepler-1665 b,Kepler-1665,75.434,68.488
9873254,Kepler-653 b,Kepler-653,50.103,38.415
7447200,Kepler-210 c,Kepler-210,95.09,98.93
7764367,Kepler-644 b,Kepler-644,75.955,64.967
8161561,Kepler-645 b,Kepler-645,66.174,54.672
8805348,Kepler-649 b,Kepler-649,46.42,36.123
9002278,Kepler-62 b,Kepler-62,63.719,52.511
6362874,Kepler-775 b,Kepler-775,48.565,38.587
3660924,Kepler-793 b,Kepler-793,122.338,93.569
8030148,Kepler-474 b,Kepler-474,50.836,38.422
10386984,Kepler-658 b,Kepler-658,190.925,151.872
10987985,Kepler-665 b,Kepler-665,210.847,180.217
4243911,Kepler-821 b,Kepler-821,140.962,120.63
10984090,Kepler-466 c,Kepler-466,35.185,28.155
10526549,Kepler-660 b,Kepler-660,133.534,102.174
8414716,Kepler-721 b,Kepler-721,162.085,125.925
8490993,Kepler-722 b,Kepler-722,185.283,155.556
7295235,Kepler-743 b,Kepler-743,41.127,42.489
8351704,Kepler-779 b,Kepler-779,184.719,146.962
8240904,Kepler-266 b,Kepler-266,199.933,169.122
4180280,Kepler-472 b,Kepler-472,74.575,62.848
8349582,Kepler-95 b,Kepler-95,37.672,32.662
1725016,Kepler-748 b,Kepler-748,212.289,160.521
10157458,Kepler-764 b,Kepler-764,139.035,103.393
7109675,Kepler-46 b,Kepler-46,201.041,173.178
2721030,Kepler-766 b,Kepler-766,240.575,174.39
8612847,Kepler-800 b,Kepler-800,206.422,162.467
3940418,Kepler-1728 b,Kepler-1728,172.003,144.929
9513865,Kepler-736 b,Kepler-736,194.282,154.04
8804283,Kepler-1991 b,Kepler-1991,91.12,69.333
7455287,Kepler-54 c,Kepler-54,266.388,231.885
5021899,Kepler-692 b,Kepler-692,189.841,148.195
6131236,Kepler-1734 b,Kepler-1734,131.529,95.328
3116412,Kepler-772 b,Kepler-772,75.175,56.31
3749134,Kepler-792 b,Kepler-792,131.719,99.025
6604328,Kepler-945 b,Kepler-945,209.898,168.168
11499228,Kepler-1103 b,Kepler-1103,90.013,87.564
5706595,Kepler-370 b,Kepler-370,127.642,95.23
8611781,Kepler-1135 b,Kepler-1135,79.294,60.582
5514383,Kepler-506 b,Kepler-506,34.794,43.03
9635606,Kepler-1853 b,Kepler-1853,148.235,136.291
4055304,Kepler-1107 b,Kepler-1107,107.445,107.309
8495415,Kepler-1208 b,Kepler-1208,260.064,194.204
12024120,Kepler-507 b,Kepler-507,31.136,27.221
11547505,Kepler-922 b,Kepler-922,64.885,51.928
7047922,Kepler-1006 b,Kepler-1006,70.027,53.897
9353314,Kepler-1007 b,Kepler-1007,122.042,112.922
11342416,Kepler-1209 b,Kepler-1209,34.391,31.712
11129738,Kepler-844 b,Kepler-844,225.384,174.049
11401182,Kepler-845 b,Kepler-845,101.299,81.276
6751874,Kepler-1174 b,Kepler-1174,88.99,66.903
12602568,Kepler-897 b,Kepler-897,151.663,111.32
5706966,Kepler-333 c,Kepler-333,115.993,101.483
8257205,Kepler-1038 b,Kepler-1038,136.991,110.18
9661979,Kepler-1681 b,Kepler-1681,95.363,77.605
9992325,Kepler-1140 b,Kepler-1140,190.701,137.671
9818462,Kepler-878 b,Kepler-878,124.22,103.812
12266636,Kepler-879 b,Kepler-879,87.391,67.736
5195172,Kepler-1763 b,Kepler-1763,53.386,45.488
8380709,Kepler-1249 b,Kepler-1249,144.434,114.068
9824805,Kepler-881 b,Kepler-881,113.861,82.104
6774880,Kepler-1077 b,Kepler-1077,107.296,79.525
10328458,Kepler-1146 b,Kepler-1146,210.0,168.545
9334893,Kepler-1178 b,Kepler-1178,83.87,80.463
7691260,Kepler-882 b,Kepler-882,79.351,69.263
5357545,Kepler-1809 b,Kepler-1809,93.644,79.309
10583761,Kepler-1179 b,Kepler-1179,93.478,82.436
11656246,Kepler-885 b,Kepler-885,42.732,37.361
7808587,Kepler-886 b,Kepler-886,59.775,47.424
6616218,Kepler-314 c,Kepler-314,46.641,48.457
9735426,Kepler-979 b,Kepler-979,169.28,142.37
5202905,Kepler-340 c,Kepler-340,42.3,28.933
5631630,Kepler-1051 b,Kepler-1051,71.933,77.024
10010440,Kepler-1184 b,Kepler-1184,129.975,116.72
3219995,Kepler-1187 b,Kepler-1187,139.137,130.769
7304449,Kepler-1650 b,Kepler-1650,227.537,181.597
3967326,Kepler-1792 b,Kepler-1792,228.431,228.921
11179076,Kepler-1261 b,Kepler-1261,220.945,175.797
8492026,Kepler-1054 b,Kepler-1054,76.416,61.977
6041734,Kepler-1129 b,Kepler-1129,199.155,199.49
8478994,Kepler-37 c,Kepler-37,19.695,19.128
8007644,Kepler-1192 b,Kepler-1192,208.619,152.785
8631504,Kepler-1846 b,Kepler-1846,68.311,53.276
8883329,Kepler-393 b,Kepler-393,54.35,49.0
7802719,Kepler-1157 b,Kepler-1157,96.891,76.611
5534941,Kepler-1827 b,Kepler-1827,46.371,36.099
11121752,Kepler-380 c,Kepler-380,65.945,54.721
5599774,Kepler-1195 b,Kepler-1195,264.278,197.13
8081899,Kepler-1235 b,Kepler-1235,56.046,42.674
9880190,Kepler-1263 b,Kepler-1263,113.321,89.929
9896558,Kepler-937 b,Kepler-937,126.436,97.812
11410904,Kepler-1131 b,Kepler-1131,182.884,190.62
9451706,Kepler-127 d,Kepler-127,29.958,31.452
8685497,Kepler-914 b,Kepler-914,54.025,40.288
8242434,Kepler-942 b,Kepler-942,54.836,52.736
10454632,Kepler-992 b,Kepler-992,62.288,61.119
8367644,Kepler-993 b,Kepler-993,305.5,253.029
7620413,Kepler-1098 b,Kepler-1098,88.82,66.557
9401997,Kepler-916 b,Kepler-916,166.024,136.296
10709622,Kepler-1102 b,Kepler-1102,136.939,104.777
7286911,Kepler-1133 b,Kepler-1133,117.996,97.628
8126558,Kepler-1815 b,Kepler-1815,232.72,194.549
12505654,Kepler-1829 b,Kepler-1829,152.649,115.308
5339567,Kepler-1240 b,Kepler-1240,81.857,61.144
11074835,Kepler-1270 b,Kepler-1270,71.538,56.062
11821363,Kepler-1754 b,Kepler-1754,235.398,176.154
5768816,Kepler-1458 b,Kepler-1458,130.885,129.464
9785921,Kepler-1997 b,Kepler-1997,221.975,219.303
6364582,Kepler-1505 b,Kepler-1505,38.642,31.29
6118370,Kepler-1506 b,Kepler-1506,183.448,151.739
2717158,Kepler-1922 b,Kepler-1922,166.62,124.685
2715695,Kepler-1899 b,Kepler-1899,331.916,247.66
6779726,Kepler-1918 b,Kepler-1918,225.56,222.297
7175184,Kepler-144 b,Kepler-144,34.525,35.027
8430964,Kepler-1900 b,Kepler-1900,158.505,124.19
8030339,Kepler-1534 b,Kepler-1534,243.834,194.911
4914566,Kepler-1300 b,Kepler-1300,41.585,36.356
5184911,Kepler-1324 b,Kepler-1324,152.915,145.811
6587105,Kepler-1325 b,Kepler-1325,128.138,96.308
11135308,Kepler-1352 b,Kepler-1352,39.836,29.481
6937402,Kepler-1380 b,Kepler-1380,159.684,117.139
11244137,Kepler-1402 b,Kepler-1402,84.408,62.577
3733628,Kepler-543 b,Kepler-543,74.957,75.394
3969687,Kepler-1382 b,Kepler-1382,49.565,41.877
3831053,Kepler-1719 b,Kepler-1719,57.252,44.355
3440118,Kepler-1928 b,Kepler-1928,106.948,131.165
9893318,Kepler-1307 b,Kepler-1307,146.679,116.701
5953297,Kepler-1688 b,Kepler-1688,94.837,95.05
3642335,Kepler-1410 b,Kepler-1410,226.234,185.242
2692377,Kepler-98 b,Kepler-98,59.447,56.286
11572193,Kepler-1428 b,Kepler-1428,100.502,114.193
3629330,Kepler-1495 b,Kepler-1495,176.463,141.059
9885417,Kepler-1446 b,Kepler-1446,55.908,60.31
9761615,Kepler-1528 b,Kepler-1528,95.332,74.779
7877978,Kepler-1874 b,Kepler-1874,130.979,107.7
5445681,Kepler-1417 b,Kepler-1417,57.418,43.173
9230021,Kepler-1497 b,Kepler-1497,151.296,114.132
11259686,Kepler-512 b,Kepler-512,46.967,46.166
10397751,Kepler-1371 b,Kepler-1371,66.009,54.478
12055539,Kepler-1448 b,Kepler-1448,135.485,119.154
12056139,Kepler-1449 b,Kepler-1449,147.536,110.142
5688790,Kepler-1439 b,Kepler-1439,314.643,246.464
4138951,Kepler-1373 b,Kepler-1373,82.911,68.848
3120904,Kepler-1452 b,Kepler-1452,56.063,49.132
12066569,Kepler-1455 b,Kepler-1455,342.715,285.61
4947556,Kepler-1930 b,Kepler-1930,127.978,157.963
8890783,Kepler-561 b,Kepler-561,120.24,105.767
7133294,Kepler-1607 b,Kepler-1607,66.643,56.343
11444514,Kepler-1596 b,Kepler-1596,164.798,131.055
8439323,Kepler-1942 b,Kepler-1942,119.697,107.046
9898017,Kepler-1960 b,Kepler-1960,115.333,88.181
7703882,Kepler-1954 b,Kepler-1954,184.501,140.728
10858832,Kepler-552 b,Kepler-552,98.778,91.852
8773015,Kepler-1586 b,Kepler-1586,39.072,29.775
5461440,Kepler-581 b,Kepler-581,93.016,70.003
7103919,Kepler-1950 b,Kepler-1950,118.681,115.568
8653134,Kepler-1643 b,Kepler-1643,242.393,298.314
4633570,Kepler-158 b,Kepler-158,123.701,103.416
5551240,Kepler-1626 b,Kepler-1626,155.895,162.041
8037038,Kepler-1631 b,Kepler-1631,169.312,143.113
5177859,Kepler-1576 b,Kepler-1576,96.674,119.95
9570741,Kepler-613 b,Kepler-613,116.208,96.126
9631762,Kepler-615 b,Kepler-615,106.358,96.437
11073351,Kepler-592 b,Kepler-592,96.666,74.125
6838050,Kepler-583 b,Kepler-583,141.226,112.016
10454313,Kepler-588 b,Kepler-588,98.717,74.366
11669239,Kepler-180 c,Kepler-180,82.58,61.34
2571238,Kepler-19 b,Kepler-19,29.562,25.322
10843431,Kepler-1999 b,Kepler-1999,376.692,279.048
7033671,Kepler-641 b,Kepler-641,57.928,43.843
11250587,Kepler-464 b,Kepler-464,41.458,36.056
8738735,Kepler-214 c,Kepler-214,69.436,62.844
10973814,Kepler-287 b,Kepler-287,96.815,77.735
10964440,Kepler-813 b,Kepler-813,88.783,68.278
10601284,Kepler-226 c,Kepler-226,158.142,125.959
11018648,Kepler-230 c,Kepler-230,121.421,91.535
8107380,Kepler-476 b,Kepler-476,60.947,46.374
10265898,Kepler-656 b,Kepler-656,168.104,137.348
11153539,Kepler-666 b,Kepler-666,195.434,152.123
8410727,Kepler-270 c,Kepler-270,73.133,62.838
12066335,Kepler-231 c,Kepler-231,216.157,188.922
6863998,Kepler-709 b,Kepler-709,168.609,146.045
7118364,Kepler-710 b,Kepler-710,111.371,82.966
3641726,Kepler-1727 b,Kepler-1727,163.934,122.328
9766437,Kepler-739 b,Kepler-739,153.564,122.679
9825625,Kepler-741 b,Kepler-741,108.67,79.629
5956656,Kepler-756 b,Kepler-756,184.727,164.649
9875711,Kepler-742 b,Kepler-742,149.307,117.552
3438507,Kepler-788 b,Kepler-788,167.834,130.429
10879038,Kepler-918 b,Kepler-918,144.787,120.345
6869184,Kepler-944 b,Kepler-944,214.734,184.542
8680979,Kepler-330 c,Kepler-330,154.22,124.741
11852982,Kepler-1712 b,Kepler-1712,128.904,114.879
1996180,Kepler-1271 b,Kepler-1271,88.683,78.149
3728701,Kepler-1272 b,Kepler-1272,96.994,70.376
11768142,Kepler-1652 b,Kepler-1652,254.339,194.976
6124512,Kepler-1296 b,Kepler-1296,93.377,69.146
6183511,Kepler-1855 b,Kepler-1855,259.08,212.124
8676148,Kepler-1273 b,Kepler-1273,269.274,242.943
6851425,Kepler-477 b,Kepler-477,55.675,44.796
12254792,Kepler-869 b,Kepler-869,156.522,124.853
11253711,Kepler-1031 b,Kepler-1031,66.298,57.967
8543100,Kepler-1033 b,Kepler-1033,196.569,147.807
9415108,Kepler-1108 b,Kepler-1108,147.937,136.88
4262581,Kepler-1109 b,Kepler-1109,84.061,63.476
9649706,Kepler-1072 b,Kepler-1072,65.909,53.228
9351920,Kepler-1111 b,Kepler-1111,113.985,98.912
11705004,Kepler-1806 b,Kepler-1806,267.934,227.228
10909127,Kepler-1138 b,Kepler-1138,168.973,139.504
9221517,Kepler-1173 b,Kepler-1173,73.969,64.664
7375348,Kepler-508 b,Kepler-508,23.721,22.02
10094670,Kepler-1677 b,Kepler-1677,75.439,69.954
3128552,Kepler-1073 d,Kepler-1073,141.746,119.276
8973129,Kepler-1176 b,Kepler-1176,148.288,117.154
10813132,Kepler-1215 b,Kepler-1215,112.805,96.943
6946199,Kepler-1744 b,Kepler-1744,128.235,96.129
7663405,Kepler-876 b,Kepler-876,181.801,142.395
9765975,Kepler-877 b,Kepler-877,79.757,60.03
12254378,Kepler-1217 b,Kepler-1217,185.635,146.113
7779077,Kepler-1770 b,Kepler-1770,169.215,176.346
8218379,Kepler-1014 b,Kepler-1014,113.468,98.44
11403339,Kepler-1117 b,Kepler-1117,80.204,68.173
8494617,Kepler-1218 b,Kepler-1218,53.093,40.036
11032227,Kepler-850 b,Kepler-850,141.484,104.616
3338885,Kepler-975 b,Kepler-975,109.433,89.405
6776401,Kepler-977 b,Kepler-977,124.847,114.095
6061773,Kepler-1783 b,Kepler-1783,71.082,78.273
9304101,Kepler-1079 b,Kepler-1079,43.106,36.889
10617017,Kepler-1121 b,Kepler-1121,35.761,36.538
5963582,Kepler-1843 b,Kepler-1843,53.59,42.83
7287415,Kepler-1745 b,Kepler-1745,111.007,81.458
12159249,Kepler-889 b,Kepler-889,46.722,40.749
6198999,Kepler-928 b,Kepler-928,178.087,155.928
9955598,Kepler-409 b,Kepler-409,14.389,13.697
9641481,Kepler-1122 b,Kepler-1122,125.244,98.673
8481129,Kepler-1223 b,Kepler-1223,113.544,98.044
4860678,Kepler-1758 b,Kepler-1758,133.398,99.068
6803855,Kepler-930 b,Kepler-930,64.716,49.111
10600955,Kepler-1151 b,Kepler-1151,111.299,92.713
11718144,Kepler-1821 b,Kepler-1821,99.473,77.233
12120484,Kepler-1226 b,Kepler-1226,91.513,77.061
5546691,Kepler-1283 b,Kepler-1283,126.31,94.056
11126381,Kepler-1673 b,Kepler-1673,84.912,88.236
5383248,Kepler-96 b,Kepler-96,30.562,33.819
10468885,Kepler-1284 b,Kepler-1284,202.649,173.558
4278221,Kepler-908 b,Kepler-908,54.507,67.443
2832589,Kepler-1978 b,Kepler-1978,280.967,247.113
7810483,Kepler-1676 b,Kepler-1676,48.139,40.085
9973109,Kepler-1056 b,Kepler-1056,120.64,96.219
6922710,Kepler-1088 b,Kepler-1088,40.112,42.959
5125347,Kepler-1812 b,Kepler-1812,195.863,173.74
11133306,Kepler-509 b,Kepler-509,22.55,17.899
10187159,Kepler-989 b,Kepler-989,114.916,99.549
4544907,Kepler-1060 b,Kepler-1060,100.738,76.964
2990873,Kepler-1194 b,Kepler-1194,83.702,64.99
9838949,Kepler-935 b,Kepler-935,126.714,105.238
4173026,Kepler-1801 c,Kepler-1801,206.625,211.489
7033233,Kepler-1197 b,Kepler-1197,151.183,139.574
8947520,Kepler-1264 b,Kepler-1264,141.72,127.664
2985767,Kepler-1063 b,Kepler-1063,33.458,29.674
9411412,Kepler-1096 b,Kepler-1096,161.543,145.854
10965588,Kepler-1132 b,Kepler-1132,196.955,163.302
6206214,Kepler-1158 b,Kepler-1158,61.631,53.055
5629538,Kepler-1201 b,Kepler-1201,108.194,87.237
8235924,Kepler-1203 b,Kepler-1203,116.414,89.139
5807769,Kepler-1289 b,Kepler-1289,89.696,66.35
9549648,Kepler-999 b,Kepler-999,44.462,46.442
8491277,Kepler-498 b,Kepler-498,86.656,71.344
11811193,Kepler-1163 b,Kepler-1163,29.497,24.244
8570333,Kepler-1237 b,Kepler-1237,191.373,152.539
7629518,Kepler-863 b,Kepler-863,153.458,117.111
12784167,Kepler-1522 b,Kepler-1522,90.51,68.276
4735826,Kepler-1972 b,Kepler-1972,25.775,23.946
2995392,Kepler-1484 b,Kepler-1484,196.318,151.576
5905822,Kepler-1876 b,Kepler-1876,20.759,16.879
1995519,Kepler-1299 b,Kepler-1299,286.024,215.698
2442448,Kepler-1354 b,Kepler-1354,94.465,72.683
6071903,Kepler-519 b,Kepler-519,59.628,66.861
6842682,Kepler-1303 b,Kepler-1303,102.169,82.201
4141376,Kepler-1655 b,Kepler-1655,19.416,17.119
12008872,Kepler-1327 b,Kepler-1327,72.142,53.774
6716545,Kepler-1383 b,Kepler-1383,63.685,49.978
9650989,Kepler-1905 b,Kepler-1905,150.736,129.575
7455981,Kepler-1425 b,Kepler-1425,51.518,39.126
7983117,Kepler-1988 b,Kepler-1988,33.061,29.251
10018233,Kepler-1306 b,Kepler-1306,125.505,96.613
7659389,Kepler-1872 b,Kepler-1872,347.052,319.993
11189311,Kepler-1442 b,Kepler-1442,56.563,69.283
7131760,Kepler-1490 b,Kepler-1490,184.946,172.814
8231667,Kepler-1926 b,Kepler-1926,231.233,203.013
6755944,Kepler-1547 b,Kepler-1547,47.967,36.229
3426367,Kepler-1308 b,Kepler-1308,133.773,113.3
4143755,Kepler-510 b,Kepler-510,29.394,23.249
3756264,Kepler-1906 b,Kepler-1906,133.883,99.685
8424002,Kepler-1512 b,Kepler-1512,94.577,109.02
5513012,Kepler-1310 b,Kepler-1310,114.134,99.64
8095441,Kepler-1332 b,Kepler-1332,74.622,66.133
11414465,Kepler-1363 b,Kepler-1363,191.283,174.935
11565924,Kepler-1364 b,Kepler-1364,73.414,75.593
7676423,Kepler-1430 b,Kepler-1430,171.266,138.705
3433668,Kepler-1493 b,Kepler-1493,68.653,73.643
11075737,Kepler-97 b,Kepler-97,42.05,37.415
11137180,Kepler-1895 b,Kepler-1895,202.112,182.237
6587796,Kepler-1444 b,Kepler-1444,61.969,74.1
3745559,Kepler-1920 b,Kepler-1920,136.606,146.829
9027909,Kepler-1496 b,Kepler-1496,88.046,64.01
6697605,Kepler-1985 b,Kepler-1985,224.572,211.561
4385148,Kepler-1886 b,Kepler-1886,234.437,184.391
9714550,Kepler-1695 b,Kepler-1695,88.01,65.321
12156174,Kepler-1447 b,Kepler-1447,128.207,101.929
4645174,Kepler-1500 b,Kepler-1500,85.898,62.87
3955817,Kepler-1553 b,Kepler-1553,134.949,103.151
10908248,Kepler-1440 b,Kepler-1440,70.048,52.178
6368230,Kepler-1478 b,Kepler-1478,136.717,100.408
10714072,Kepler-1541 b,Kepler-1541,106.921,112.579
6619815,Kepler-1696 b,Kepler-1696,155.156,115.774
9730163,Kepler-445 c,Kepler-445,1252.02,931.064
11453592,Kepler-1319 b,Kepler-1319,91.902,77.652
5966322,Kepler-517 b,Kepler-517,38.664,35.543
4857058,Kepler-1983 b,Kepler-1983,117.013,101.538
10290666,Kepler-526 b,Kepler-526,44.008,34.264
7269974,Kepler-160 b,Kepler-160,93.789,72.653
11465651,Kepler-1941 b,Kepler-1941,114.626,94.618
10220837,Kepler-1963 b,Kepler-1963,68.466,58.168
11513486,Kepler-1969 b,Kepler-1969,216.195,186.332
4454752,Kepler-578 b,Kepler-578,118.514,121.331
2831055,Kepler-1601 b,Kepler-1601,73.14,62.503
11519187,Kepler-1964 b,Kepler-1964,247.842,186.154
2857607,Kepler-1965 b,Kepler-1965,73.405,62.405
9183378,Kepler-1571 b,Kepler-1571,108.771,101.214
9872831,Kepler-1572 b,Kepler-1572,61.715,46.802
8087812,Kepler-1952 b,Kepler-1952,57.643,46.25
11611275,Kepler-1574 b,Kepler-1574,117.702,88.517
6761777,Kepler-1615 b,Kepler-1615,92.644,73.979
9607164,Kepler-614 b,Kepler-614,98.186,77.345
9076513,Kepler-611 b,Kepler-611,85.489,64.038
5866724,Kepler-65 c,Kepler-65,23.558,24.2
8008206,Kepler-185 c,Kepler-185,110.432,89.728
5121511,Kepler-632 b,Kepler-632,54.905,45.723
5941160,Kepler-200 b,Kepler-200,86.478,76.621
7115785,Kepler-209 c,Kepler-209,72.204,62.999
5613330,Kepler-635 b,Kepler-635,52.294,45.801
10854768,Kepler-812 b,Kepler-812,76.272,67.242
4466677,Kepler-822 b,Kepler-822,110.619,86.379
4135665,Kepler-823 b,Kepler-823,123.011,93.447
11391957,Kepler-668 b,Kepler-668,191.317,170.838
3632418,Kepler-21 b,Kepler-21,23.929,24.81
7626506,Kepler-112 b,Kepler-112,55.988,44.294
11460018,Kepler-671 b,Kepler-671,146.409,106.795
2854698,Kepler-260 b,Kepler-260,119.592,121.827
10154388,Kepler-744 b,Kepler-744,53.509,42.643
1432789,Kepler-745 b,Kepler-745,173.483,133.986
11923270,Kepler-676 b,Kepler-676,290.605,228.983
6435936,Kepler-705 b,Kepler-705,275.936,243.861
8229696,Kepler-761 b,Kepler-761,113.544,92.049
9077124,Kepler-729 b,Kepler-729,192.287,150.812
12404086,Kepler-681 b,Kepler-681,180.931,135.98
2713049,Kepler-683 b,Kepler-683,150.918,119.996
8174625,Kepler-751 b,Kepler-751,142.595,121.288
2715135,Kepler-753 b,Kepler-753,152.29,139.808
4049131,Kepler-687 b,Kepler-687,183.506,159.896
8700771,Kepler-806 b,Kepler-806,26.267,21.324
3114811,Kepler-774 b,Kepler-774,57.428,53.756
4061149,Kepler-1741 b,Kepler-1741,283.698,232.918
10682541,Kepler-663 b,Kepler-663,353.623,304.774
3962357,Kepler-791 b,Kepler-791,111.978,93.022
7870032,Kepler-961 b,Kepler-961,112.654,116.412
8689793,Kepler-1003 b,Kepler-1003,64.006,46.763
10489345,Kepler-1167 b,Kepler-1167,303.606,254.629
11461844,Kepler-1207 b,Kepler-1207,95.31,80.608
9153570,Kepler-1295 b,Kepler-1295,296.804,265.615
8197343,Kepler-946 b,Kepler-946,165.316,132.731
10329469,Kepler-1168 b,Kepler-1168,165.071,128.517
4136466,Kepler-826 b,Kepler-826,57.581,47.128
4857213,Kepler-1680 b,Kepler-1680,86.012,80.434
7960980,Kepler-1170 b,Kepler-1170,310.551,255.647
3661886,Kepler-377 c,Kepler-377,73.775,58.174
7289317,Kepler-1243 b,Kepler-1243,122.568,103.154
12020218,Kepler-870 b,Kepler-870,159.2,120.214
10153855,Kepler-1037 b,Kepler-1037,123.049,124.451
11075429,Kepler-1137 b,Kepler-1137,49.932,45.393
11824786,Kepler-1212 b,Kepler-1212,144.259,116.474
5350244,Kepler-1276 b,Kepler-1276,48.64,52.188
5183357,Kepler-924 b,Kepler-924,66.065,51.976
6862721,Kepler-1781 b,Kepler-1781,251.368,247.25
4144576,Kepler-1139 b,Kepler-1139,99.294,94.122
9837685,Kepler-1247 b,Kepler-1247,211.797,167.878
9573685,Kepler-1074 b,Kepler-1074,131.514,111.687
9364609,Kepler-1114 b,Kepler-1114,71.714,58.386
12121570,Kepler-1816 b,Kepler-1816,111.735,91.68
8321314,Kepler-1683 b,Kepler-1683,144.325,128.074
9395024,Kepler-1216 b,Kepler-1216,126.33,101.161
9026749,Kepler-1280 b,Kepler-1280,68.159,56.058
5289854,Kepler-308 b,Kepler-308,191.562,142.019
6342333,Kepler-1789 b,Kepler-1789,99.486,78.658
8260902,Kepler-1118 b,Kepler-1118,136.869,106.65
7457296,Kepler-1145 b,Kepler-1145,150.457,117.526
4248120,Kepler-1808 b,Kepler-1808,164.897,136.108
5342473,Kepler-1818 b,Kepler-1818,86.917,67.382
11336883,Kepler-853 b,Kepler-853,41.255,41.97
10384798,Kepler-1043 b,Kepler-1043,123.643,97.478
11360571,Kepler-1080 b,Kepler-1080,89.838,100.272
9963265,Kepler-1819 b,Kepler-1819,170.289,146.572
8892157,Kepler-1149 b,Kepler-1149,102.14,75.318
8042453,Kepler-1182 b,Kepler-1182,128.539,94.905
2142522,Kepler-1224 b,Kepler-1224,56.712,57.445
8559152,Kepler-1256 b,Kepler-1256,53.656,41.956
2718778,Kepler-1844 b,Kepler-1844,248.189,185.029
10525027,Kepler-1049 b,Kepler-1049,79.546,69.702
11069176,Kepler-1050 b,Kepler-1050,77.042,79.378
10132832,Kepler-1186 b,Kepler-1186,141.545,106.962
6062929,Kepler-1822 b,Kepler-1822,175.624,131.361
7504778,Kepler-1188 b,Kepler-1188,130.986,98.213
8073806,Kepler-1835 b,Kepler-1835,206.62,150.421
11752632,Kepler-1258 b,Kepler-1258,64.636,48.498
10676014,Kepler-954 b,Kepler-954,74.577,84.263
9651234,Kepler-1020 b,Kepler-1020,75.803,64.364
10027247,Kepler-1229 b,Kepler-1229,192.311,165.572
7215603,Kepler-910 b,Kepler-910,28.554,28.614
11298298,Kepler-956 b,Kepler-956,69.214,73.298
11656918,Kepler-1023 b,Kepler-1023,96.783,76.594
5705819,Kepler-1793 b,Kepler-1793,251.624,211.548
3118797,Kepler-1024 b,Kepler-1024,282.356,201.851
10158729,Kepler-1092 b,Kepler-1092,90.306,68.687
10059645,Kepler-1265 b,Kepler-1265,195.765,158.08
10080248,Kepler-939 b,Kepler-939,148.375,108.133
5940165,Kepler-1062 b,Kepler-1062,176.565,156.806
6047072,Kepler-1095 b,Kepler-1095,86.116,69.331
7672097,Kepler-1160 b,Kepler-1160,201.543,156.004
7515762,Kepler-1268 b,Kepler-1268,122.764,89.57
5942949,Kepler-1849 b,Kepler-1849,234.448,192.803
7879433,Kepler-1850 b,Kepler-1850,77.844,65.154
9271752,Kepler-836 b,Kepler-836,94.351,74.015
11413812,Kepler-998 b,Kepler-998,84.188,62.781
4813563,Kepler-1026 b,Kepler-1026,134.356,119.148
9790806,Kepler-1066 b,Kepler-1066,107.361,130.205
8165946,Kepler-1100 b,Kepler-1100,69.566,60.119
9225395,Kepler-1101 b,Kepler-1101,130.259,101.87
9205907,Kepler-1851 b,Kepler-1851,158.665,119.46
11657614,Kepler-1481 b,Kepler-1481,179.909,185.391
9076971,Kepler-1400 b,Kepler-1400,226.941,190.241
7584650,Kepler-1863 b,Kepler-1863,56.507,42.367
9898447,Kepler-1877 b,Kepler-1877,33.52,31.008
8360640,Kepler-1891 b,Kepler-1891,118.079,127.103
10337258,Kepler-527 b,Kepler-527,75.943,88.556
6211812,Kepler-1865 b,Kepler-1865,146.166,108.273
7047824,Kepler-1353 b,Kepler-1353,173.192,153.963
11521793,Kepler-143 c,Kepler-143,67.1,52.338
11962284,Kepler-1302 b,Kepler-1302,131.594,100.705
3346154,Kepler-1871 b,Kepler-1871,106.354,78.951
11283615,Kepler-1355 b,Kepler-1355,224.707,194.033
5530112,Kepler-1937 b,Kepler-1937,74.301,65.237
8547429,Kepler-1866 b,Kepler-1866,78.493,60.285
6197215,Kepler-1879 b,Kepler-1879,39.592,33.677
8880123,Kepler-1925 b,Kepler-1925,140.281,104.908
7762723,Kepler-1867 b,Kepler-1867,49.975,40.167
10842192,Kepler-1329 b,Kepler-1329,306.071,252.436
7347246,Kepler-1411 b,Kepler-1411,181.773,134.775
4736644,Kepler-1470 b,Kepler-1470,121.655,100.033
11499192,Kepler-1433 b,Kepler-1433,105.084,78.025
9881077,Kepler-1337 b,Kepler-1337,215.03,183.502
10585738,Kepler-1415 b,Kepler-1415,185.537,137.834
4814502,Kepler-1933 b,Kepler-1933,86.91,107.538
5688910,Kepler-1369 b,Kepler-1369,157.964,126.151
10880507,Kepler-1390 b,Kepler-1390,98.426,76.502
11455181,Kepler-1437 b,Kepler-1437,151.467,110.205
8183288,Kepler-437 b,Kepler-437,89.402,78.314
11810124,Kepler-1471 c,Kepler-1471,160.222,120.504
3942670,Kepler-147 c,Kepler-147,70.715,53.836
8617363,Kepler-1887 b,Kepler-1887,225.275,166.477
9642292,Kepler-1392 b,Kepler-1392,186.116,139.194
6263593,Kepler-1418 b,Kepler-1418,230.284,200.427
5440317,Kepler-1438 b,Kepler-1438,101.133,75.202
9349757,Kepler-1474 b,Kepler-1474,155.68,133.578
6265665,Kepler-1499 b,Kepler-1499,82.348,88.139
11015108,Kepler-530 b,Kepler-530,65.799,58.334
8620402,Kepler-1913 b,Kepler-1913,130.776,111.757
4282191,Kepler-1502 b,Kepler-1502,106.042,90.882
7288306,Kepler-1503 b,Kepler-1503,191.364,145.792
9272070,Kepler-1555 b,Kepler-1555,143.046,110.138
6690836,Kepler-1317 b,Kepler-1317,167.281,147.617
10001368,Kepler-1344 b,Kepler-1344,66.337,54.67
11802615,Kepler-513 b,Kepler-513,42.726,32.468
10155434,Kepler-1720 b,Kepler-1720,104.448,85.627
9009036,Kepler-1616 b,Kepler-1616,57.643,52.651
11015323,Kepler-569 b,Kepler-569,76.304,58.437
10526887,Kepler-1578 b,Kepler-1578,136.005,100.675
11134879,Kepler-570 b,Kepler-570,94.664,91.458
7838675,Kepler-1561 b,Kepler-1561,169.807,206.621
4545570,Kepler-1961 b,Kepler-1961,202.095,158.747
11176166,Kepler-1639 b,Kepler-1639,95.227,71.746
10063208,Kepler-1583 b,Kepler-1583,35.741,27.714
7596240,Kepler-1584 b,Kepler-1584,97.589,71.714
8507475,Kepler-1585 b,Kepler-1585,263.809,255.698
9412623,Kepler-1618 b,Kepler-1618,76.53,80.586
10615440,Kepler-1622 b,Kepler-1622,58.721,56.095
10722485,Kepler-1588 b,Kepler-1588,58.326,43.69
4847534,Kepler-579 b,Kepler-579,74.681,56.011
4473613,Kepler-1623 b,Kepler-1623,174.084,172.101
12061222,Kepler-572 b,Kepler-572,108.847,88.104
7747457,Kepler-1613 b,Kepler-1613,71.6,61.371
7119481,Kepler-604 b,Kepler-604,96.744,71.926
6707833,Kepler-602 b,Kepler-602,81.088,60.342
8565266,Kepler-608 b,Kepler-608,90.011,70.858
4656049,Kepler-627 b,Kepler-627,74.774,57.968
7124613,Kepler-642 b,Kepler-642,84.466,105.592
9266431,Kepler-1726 b,Kepler-1726,69.797,68.473
