hostname,teff,prot,age_gyr,age_lo,age_hi,censored,gyro_ok
EPIC 201595106,5679.0,28.0,2.9278557114228456,2.8136272545090177,2.9819639278557117,True,True
EPIC 249893012,5430.0,41.0,2.513026052104208,1.845691382765531,2.8737474949899795,False,True
GJ 9827,4236.0,28.16,2.7715430861723442,2.476953907815631,2.9398797595190382,False,True
HD 109833,5881.0,5.111,0.3607214428857715,0.24649298597194388,0.49298597194388777,False,True
HD 110082,6200.0,2.34,0.13827655310621242,0.04809619238476954,0.2344689378757515,False,True
HD 110113,5732.0,20.8,2.753507014028056,2.4889779559118237,2.9278557114228456,False,True
HD 183579,5784.0,24.8,2.5190380761523046,1.8697394789579158,2.8737474949899795,False,True
HD 18599,5145.0,8.73,0.5711422845691383,0.43887775551102204,0.7034068136272544,False,True
HD 207496,4819.0,12.36,1.2084168336673347,0.9559118236472945,1.3707414829659317,False,True
HD 213885,5978.0,18.58,2.7955911823647295,2.5190380761523046,2.945891783567134,False,True
HD 23472,4684.0,40.1,2.9639278557114226,2.8977955911823647,2.9939879759519035,True,True
HD 235088,5075.0,12.17,1.2024048096192383,1.0581162324649298,1.3346693386773547,False,True
HD 35843,5666.0,25.49,2.8977955911823647,2.74749498997996,2.975951903807615,True,True
HD 39091,5998.0,18.3,2.8136272545090177,2.5551102204408815,2.9519038076152304,True,True
HD 5278,6203.0,16.8,,,,False,False
HD 60779,6081.0,19.0,2.633266533066132,2.0440881763527052,2.909819639278557,False,True
HD 63433,5553.0,6.4,0.3787575150300601,0.24649298597194388,0.4749498997995992,False,True
HD 73344,6252.6,9.088,,,,False,False
HD 73583,4511.0,12.2,0.9438877755511023,0.6372745490981964,1.2324649298597194,False,True
HIP 113103,4930.0,9.92,0.6973947895791583,0.5110220440881763,0.9018036072144288,False,True
HIP 94235,5991.0,2.24,0.08416833667334668,0.02404809619238477,0.1623246492985972,False,True
HR 858,6354.0,6.7,,,,False,False
K2-102,4695.0,11.5,0.9138276553106213,0.6312625250501002,1.1783567134268538,False,True
K2-111,5775.0,29.2,2.9398797595190382,2.849699398797595,2.9879759519038074,True,True
K2-131,5120.0,9.194,0.6432865731462926,0.5050100200400801,0.7875751503006012,False,True
K2-141,4570.0,15.17,1.4669338677354709,0.7394789579158316,2.0501002004008013,False,True
K2-155,4258.0,34.8,2.458917835671343,1.6232464929859718,2.8557114228456912,False,True
K2-185,5788.0,17.35,2.338677354709419,1.7615230460921845,2.783567134268537,False,True
K2-19,5350.0,18.36,2.098196392785571,1.8937875751503004,2.350701402805611,False,True
K2-233,4796.0,9.754,0.5470941883767534,0.37274549098196397,0.7875751503006012,False,True
K2-268,5106.0,24.87,2.6753507014028055,2.374749498997996,2.903807615230461,False,True
K2-331,5994.0,9.98,1.7434869739478958,1.2024048096192383,2.4228456913827654,False,True
K2-339,4857.0,11.13,0.9258517034068137,0.6553106212424848,1.1663326653306612,False,True
K2-350,5789.0,8.22,0.7274549098196392,0.6072144288577155,0.9438877755511023,False,True
K2-351,5769.0,25.23,2.879759519038076,2.6993987975951903,2.969939879759519,True,True
K2-352,5791.0,17.59,2.5370741482965933,2.1703406813627253,2.8376753507014025,False,True
K2-36,4916.0,17.13,1.8697394789579158,1.7314629258517034,2.0260521042084165,False,True
K2-370,5662.0,13.55,1.5631262525050098,1.3466933867735469,1.905811623246493,False,True
KOI-7368,5241.0,2.606,0.08416833667334668,0.02404809619238477,0.24649298597194388,False,True
KOI-7913 A,4324.0,3.387,0.09619238476953908,0.030060120240480964,0.3246492985971944,False,True
Kepler-102,4909.0,27.95,2.723446893787575,2.4168336673346693,2.9218436873747495,False,True
Kepler-103,6047.0,20.8,2.8917835671342687,2.729458917835671,2.975951903807615,True,True
Kepler-1643,4916.0,5.106,0.0721442885771543,0.018036072144288574,0.22244488977955912,False,True
Kepler-1928,5720.0,4.69,0.22244488977955912,0.13226452905811623,0.312625250501002,False,True
Kepler-21,6305.0,13.42,,,,False,False
Kepler-78,5058.0,12.92,1.3226452905811623,1.190380761523046,1.4488977955911824,False,True
Kepler-970,4290.0,9.23,0.20440881763527055,0.1442885771543086,0.3426853707414829,False,True
TIC 150070085,5999.0,2.886,0.13226452905811623,0.04208416833667334,0.2344689378757515,False,True
TIC 434398831,5638.0,1.75,0.0721442885771543,0.02404809619238477,0.19839679358717432,False,True
TOI-1052,6146.0,12.8,2.44689378757515,1.7434869739478958,2.8557114228456912,False,True
TOI-1062,5328.0,21.8,2.5070140280561124,2.1523046092184366,2.8196392785571143,False,True
TOI-1117,5635.0,40.0,2.9639278557114226,2.903807615230461,2.9939879759519035,True,True
TOI-1246,5151.0,38.0,2.6933867735470938,2.2905811623246493,2.9218436873747495,False,True
TOI-1260,4227.0,30.63,2.783567134268537,2.49498997995992,2.945891783567134,False,True
TOI-1347,5464.0,16.1,1.8156312625250501,1.6232464929859718,2.062124248496994,False,True
TOI-1416,4884.0,17.6,1.9298597194388776,1.785571142284569,2.0861723446893787,False,True
TOI-1533,5146.0,20.02,2.2484969939879758,2.056112224448898,2.482965931863727,False,True
TOI-1774,5746.0,25.0,2.903807615230461,2.753507014028056,2.975951903807615,True,True
TOI-1803,4687.0,13.659,1.4368737474949898,1.256513026052104,1.5811623246492987,False,True
TOI-1860,5752.0,4.43,0.20440881763527055,0.11422845691382766,0.29458917835671344,False,True
TOI-201,6423.0,53.0,,,,False,False
TOI-2048,5185.0,7.97,0.45691382765531063,0.312625250501002,0.5711422845691383,False,True
TOI-2093,4426.0,43.8,2.9639278557114226,2.909819639278557,2.9939879759519035,True,True
TOI-2134,4580.0,48.94,,,,False,False
TOI-2260,5534.0,8.45,0.6432865731462926,0.5591182364729459,0.7274549098196392,False,True
TOI-2322,4664.0,21.28,2.410821643286573,2.2064128256513027,2.657314629258517,False,True
TOI-2458,6005.0,8.9,1.5090180360721441,0.7454909819639279,2.374749498997996,False,True
TOI-251,5875.0,3.84,0.19238476953907815,0.08416833667334668,0.3066132264529058,False,True
TOI-262,5310.0,67.0,,,,False,False
TOI-283,5213.0,30.0,2.6212424849699394,2.164328657314629,2.8977955911823647,False,True
TOI-286,5152.0,36.0,2.2545090180360723,1.3046092184368738,2.7955911823647295,False,True
TOI-332,5251.0,35.6,2.8136272545090177,2.5490981963927855,2.9519038076152304,True,True
TOI-3493,5844.0,37.4,2.9639278557114226,2.903807615230461,2.9939879759519035,True,True
TOI-4010,4960.0,37.7,2.2665330661322645,1.2745490981963927,2.7955911823647295,False,True
TOI-421,5291.0,39.6,2.9639278557114226,2.8977955911823647,2.9939879759519035,True,True
TOI-431,4850.0,30.5,2.9218436873747495,2.801603206412825,2.9819639278557117,True,True
TOI-444,5225.0,13.0,1.2685370741482966,0.7935871743486973,1.7134268537074147,False,True
TOI-4495,6210.0,10.2,,,,False,False
TOI-451,5490.0,5.1,0.18036072144288576,0.0781563126252505,0.2885771543086172,False,True
TOI-5076,4780.0,57.0,,,,False,False
TOI-5398,6000.0,7.34,1.100200400801603,0.7094188376753506,1.8817635270541082,False,True
TOI-5624,5327.0,20.0,2.3266533066132267,2.098196392785571,2.603206412825651,False,True
TOI-5734,4750.0,11.09,0.8597194388777555,0.6072144288577155,1.100200400801603,False,True
TOI-712,4622.0,12.454,1.100200400801603,0.7575150300601202,1.3346693386773547,False,True
TOI-763,5450.0,27.0,2.1883767535070136,1.2865731462925851,2.765531062124248,False,True
TOI-815,4869.0,15.3,1.653306613226453,1.4789579158316633,1.8336673346693386,False,True
TOI-836,4552.0,21.987,2.5551102204408815,2.3266533066132267,2.8076152304609217,False,True
TOI-908,5626.0,21.932,2.2484969939879758,1.4669338677354709,2.7775551102204408,False,True
