hostname,vtan,has_rv,W,vtot
AU Mic,21.042367653410146,True,-8.809959119147697,22.146035439885964
EPIC 201170410,20.62820335197881,False,,
EPIC 206042996,23.280094533127244,False,,
EPIC 206215704,24.240205886304853,False,,
EPIC 211822797,33.44419615505015,True,-10.647773147880958,47.166202033734855
EPIC 228836835,76.80486175262088,True,16.52981563172385,79.2397967301524
G 9-40,47.970243729937906,True,15.237309262470763,50.00099020700702
GJ 1132,67.69133292236447,True,-10.505024092640479,76.05426929210716
GJ 1214,65.79224454074117,True,-46.3706305540729,69.04028983399472
GJ 1252,125.81131190192954,True,-31.591882174437213,126.04013854583405
GJ 238,64.37836077936541,True,-26.68054697333959,69.5267625205039
GJ 3090,14.56758672816801,True,-14.071817825368804,22.036605408552163
GJ 341,42.58073388410924,True,-28.11954473009497,58.14401996786082
GJ 3473,71.81551825458126,True,-66.50868687187757,71.84897958952574
GJ 357,44.72633770906289,True,-37.358593221914255,56.81398941887958
GJ 367,33.21483521897327,True,-28.35595000856955,57.90013818033338
GJ 3929,26.17184463282235,True,15.00833986194203,28.022190124967786
GJ 806,29.26086063906562,True,-10.228959452041641,38.482864527022066
Gliese 12,40.39020667248888,True,-30.74235792502237,65.09137854288163
HD 260655,39.605816800148276,True,-29.925102449642566,70.76675885449546
K2-104,32.487521765873865,True,-9.693469021467173,46.69269675867003
K2-117,10.39146969080989,True,7.481677323530967,10.39252965218328
K2-122,19.79676691641015,True,-19.192152379839346,24.919374507129888
K2-123,46.07040339898483,True,-3.999084445664931,51.76686799190127
K2-124,21.221046190240628,True,5.089900281512277,37.025975655043766
K2-125,43.78524553141152,True,-27.92939108855781,47.53007603986196
K2-129,41.44795145841467,True,-15.786747228015722,45.31546987080324
K2-133,68.31465196525073,True,15.981777786200421,118.1303563586966
K2-137,37.29899647389481,True,-12.223135500558152,39.05247629439303
K2-146,49.664701761577994,True,3.57239192262938,65.87871436341943
K2-147,65.10081676494836,True,0.3045497680802312,69.42491814612063
K2-148,26.814973392386545,True,-8.116368902234631,26.85118485636574
K2-149,22.810885935510044,True,-12.46267340366643,23.817057251352832
K2-150,25.821551969020724,True,-8.605670426086217,26.12055432800404
K2-151,20.565325160614897,True,35.57040954748175,53.562343682363384
K2-152,47.70042289886399,True,-15.811720637321004,48.32232658517261
K2-153,52.49667991220863,True,33.38726504834867,72.89163088055065
K2-154,21.399933063695304,True,1.159844854388339,25.349214594517996
K2-18,28.074900107941488,True,-12.681091958756134,28.077693198849943
K2-22,31.66323130388119,False,,
K2-239,6.27600144977881,True,-19.34247560891936,22.06343788362183
K2-240,25.93963640460018,True,-1.8176790185277871,25.96878612481905
K2-242,4.409285246616062,True,-3.7735097143384086,4.895301837414706
K2-25,26.258642773310527,True,-2.852349819144989,50.315714258154635
K2-251,14.57538784194636,True,-8.82869631106492,14.743805265180328
K2-257,16.976116662751934,True,6.109265587350002,21.45156243655597
K2-26,56.30483116383833,True,-30.940256171319177,110.07899938764707
K2-264,33.968913540477566,False,,
K2-28,95.68376048198355,False,,
K2-284,26.421585494487843,True,-5.5529317613019264,31.628928733998354
K2-286,43.67785911147031,True,-45.13069152750454,46.89041613441541
K2-288 B,65.12726303285456,True,-12.544572342456629,97.73787110447475
K2-3,25.482792516584148,True,23.21249978902259,39.547429039546444
K2-315,37.96260002183364,False,,
K2-316,34.56852345677063,True,-20.512027294709295,35.268274897578245
K2-317,51.48048677156755,False,,
K2-318,49.81759301308084,True,2.8872005287258737,49.860831793106215
K2-320,35.36207262009753,False,,
K2-321,43.94461157545616,True,-40.002014580206954,62.75565519929579
K2-322,9.660429315484727,True,-2.5851725674132937,10.471467551080174
K2-323,11.48249597542593,True,7.399608176587966,21.192443090640243
K2-324,11.673930929443078,True,-19.028328855392708,19.40481717477502
K2-325,22.534618329227044,False,,
K2-326,30.629075081221664,True,5.735041335123148,34.42448754371458
K2-332,11.204084422367908,False,,
K2-343,9.182500382672185,True,26.443614440099495,54.90247583276424
K2-345,45.58108779120307,True,-14.494815380455373,59.967694785220935
K2-354,7.200319984228118,True,-6.150807596815246,10.446526937255399
K2-384,46.16241184952195,True,-2.4121244089709664,46.350929130824255
K2-4,26.550422238302982,True,6.43225380122359,32.03737664350989
K2-400,22.865614921597142,True,-5.728472785809108,22.98204795737845
K2-404,18.312113699393684,True,48.97623826899928,71.13896720649424
K2-413,32.75307053810227,True,-35.37793897924347,45.20486997070118
K2-415,51.39740508246995,True,-14.5810190766958,56.285663402863726
K2-416,61.530229147096975,True,-21.990621739882275,62.426881246708824
K2-417,87.52744770896741,True,-56.24974750005169,89.4076390956007
K2-43,25.16529676617945,True,-13.856157197833971,25.686632699520015
K2-49,23.982809775890804,False,,
K2-5,33.53005554682055,True,13.038053399928526,33.58487644000937
K2-54,9.098524106333445,True,-16.26335797010421,21.91538505402277
K2-69,32.99374604396608,True,-8.041492167905282,36.242233988574824
K2-71,75.80674522898266,True,-42.51924116208116,76.39483408216626
K2-72,66.03100472907325,True,6.62843209073746,78.75741349673574
K2-83,26.544587696886797,True,-21.79718766118251,26.581262844472878
K2-88,28.579423418433826,True,-25.53375025033882,28.706077393904625
K2-89,39.351318014502866,True,6.510304742267617,42.7878550221495
K2-9,67.94438422701879,True,-42.877098640302314,76.827930931488
K2-91,29.386382749732245,True,-16.25458200660593,37.67944254410605
K2-95,32.291424669778934,False,,
KOI-4777,11.393037645220545,False,,
Kepler-1009,30.192441472562418,True,0.5357609901549284,64.20245043955656
Kepler-1049,22.1651858696138,True,-28.813388268476906,35.42094040799163
Kepler-1074,35.68831131453061,True,-21.064244944415606,49.09499728292251
Kepler-1075,40.000834696078584,False,,
Kepler-1089,35.65578277928741,False,,
Kepler-1124,8.835709180397817,False,,
Kepler-1152,32.81792674338421,True,-9.513271046510255,41.819941830814415
Kepler-120,21.95953703227691,True,4.052608315950329,41.580788519392684
Kepler-1203,16.077517494532774,True,-17.81780003111847,23.18399288918831
Kepler-1229,27.901159634548904,False,,
Kepler-125,9.195743042220238,True,-1.67456418712364,33.05137236657422
Kepler-1308,33.81039165176367,False,,
Kepler-1319,66.71420173390024,True,-14.874231713719679,89.56466513691244
Kepler-1321,78.50628757960702,False,,
Kepler-1350,39.92917520396951,False,,
Kepler-1366,19.996015723823845,False,,
Kepler-1367,37.97671522545893,False,,
Kepler-138,9.706842485990288,True,0.22013673399040057,38.49442503126282
Kepler-1388,36.98203773007839,False,,
Kepler-1439,44.815988178759035,False,,
Kepler-1455,15.978469576686656,False,,
Kepler-1582,45.12346252477716,False,,
Kepler-1646,10.93839508858294,True,-8.60850030338709,16.34002266212534
Kepler-1649,74.03588955224635,False,,
Kepler-1650,32.55148489638871,False,,
Kepler-1651,15.672211454431292,True,0.2335540099721377,16.736531049821245
Kepler-1663,64.88469088633684,False,,
Kepler-1687,9.986213206136174,False,,
Kepler-1712,14.913821825393695,True,-11.95149006183725,15.67636469351253
Kepler-1729,15.733450316324731,False,,
Kepler-1735,35.25604151743897,True,-26.386187795684563,35.2686689715395
Kepler-1741,14.969816113613044,False,,
Kepler-1749,23.013902231964625,True,-18.897945787972258,46.17600456863284
Kepler-1761,18.207003320420544,True,-27.664933538351846,51.34873385442578
Kepler-1798,23.850035984840744,False,,
Kepler-1805,7.263718147915646,True,-6.3757909571114935,28.758711226949195
Kepler-1826,80.0330029111004,False,,
Kepler-1855,30.681791364344928,True,20.727303245257712,75.49845620836818
Kepler-186,4.099893987606024,True,-12.050645120619683,61.10192247364392
Kepler-1902,5.029689756355876,False,,
Kepler-1904,29.847998635055777,False,,
Kepler-1948,24.308698919414148,True,6.722758576725101,25.07996089791241
Kepler-2000,59.708704837183504,True,-6.620441045108837,60.45219979152543
Kepler-225,16.892405310633325,False,,
Kepler-231,20.7295372343417,False,,
Kepler-236,32.69614695408549,True,-14.153113701857892,58.108598881517366
Kepler-249,34.35711606491878,True,-25.955347191996545,58.041191311476915
Kepler-26,27.186138461838997,False,,
Kepler-296,17.263948154657566,False,,
Kepler-303,76.61351289191468,True,-42.41760738739938,90.04298092832423
Kepler-32,36.64965218064997,False,,
Kepler-327,15.217269175850957,True,5.214054879587882,19.007981880007776
Kepler-353,43.87004265308958,False,,
Kepler-369,25.724481619779898,False,,
Kepler-42,81.29660750329352,True,-68.21201372688328,118.90569929020035
Kepler-438,14.980463739365522,True,-17.218016640337442,89.97328734320811
Kepler-445,80.79673157653791,False,,
Kepler-446,12.318143699248148,False,,
Kepler-49,12.641525185569744,True,10.898583881315353,15.028390966582826
Kepler-504,10.584124156214125,True,-19.57953992395306,33.35015513263604
Kepler-505,35.344298920203265,True,30.364329378587886,38.456342547415545
Kepler-52,6.321509822318992,True,-0.5451256652557858,22.012678857145136
Kepler-54,23.773807715733504,False,,
Kepler-560,45.011335034238364,True,-45.06631170915229,104.49746269030261
Kepler-568,75.45396577954125,True,-1.6267471822211008,76.48728782712553
Kepler-61,17.611149856540393,True,3.04777958918129,50.69954213933475
Kepler-617,31.18477381388868,True,-16.408013948446115,36.911967031425796
Kepler-658,95.13481361450381,False,,
Kepler-674,37.22070157838185,True,-10.82256011372336,38.10734642233818
Kepler-676,47.37313983888009,False,,
Kepler-691,78.2082423901474,False,,
Kepler-705,27.85330664929414,False,,
Kepler-732,55.06959071180227,True,12.486012480259436,56.16331080092941
Kepler-737,27.580131526486955,True,-26.236750128899832,27.877959053525135
Kepler-777,23.67501030608625,False,,
Kepler-779,33.59554702537591,False,,
Kepler-844,63.41015687988715,False,,
Kepler-901,49.9682727995583,True,44.004873219787406,50.948864599735955
Kepler-974,26.063734794798467,True,2.6153336581931326,35.968573770371385
Kepler-988,27.686768294307686,True,12.563798934095171,43.09231211475859
Kepler-993,7.931335042424075,False,,
Kepler-994,32.502532152709804,True,7.9860491072330495,36.66409329839678
L 168-9,41.11990917216776,True,-3.122032117162577,50.57476228593634
L 98-59,17.752352001408674,True,-2.320022795546903,18.771252732546674
LHS 1140,47.957713853992665,True,4.181979053833738,49.8922495902347
LHS 1478,68.91980195674194,True,17.205502752223904,98.08783728382156
LHS 1678,93.85532251695977,True,6.6498858099142275,94.50059400701575
LHS 1815,107.7391826233622,True,69.16252158208903,115.63463391729378
LHS 1903,97.64911834015152,True,-25.4582905365568,102.41036676601965
LHS 3844,56.433401965020664,True,23.343736913375988,57.301065368727386
LHS 475,75.55678304648181,True,-8.981494813697712,76.30217811456198
LP 791-18,28.925789803651693,False,,
LP 890-9,51.01798639326787,True,-2.4020913944928504,58.60887943403147
LTT 1445 A,14.861693045358109,True,-2.8403063200181355,15.934498032481052
LTT 3780,44.0546272948833,True,-34.69889713153764,44.05983541270249
Ross 176,67.35022668995872,True,-20.51069448975272,82.5807215201755
SPECULOOS-3,36.652048245484465,False,,
TIC 153919886,37.31871406711838,True,-9.002710251408708,37.508974558436215
TIC 231949697,16.83387638446429,True,-6.085949083522483,17.025058157318767
TIC 88692598,31.294828762132926,True,-17.006779965659174,31.51773655931867
TOI-1075,33.91327541502838,True,8.043141668062567,45.99489560625612
TOI-1080,33.808613560665314,True,49.320506482159374,85.28283140837775
TOI-1201,30.423917679839402,True,-13.171870241517249,44.42717678268812
TOI-122,80.64843264277432,True,52.83616905116917,106.64940989629737
TOI-1224,28.669155234539755,True,-1.5924797677497258,32.187941708427864
TOI-1231,48.51211202324568,False,,
TOI-1235,37.070690948888476,True,1.7802428520641995,45.95336198752527
TOI-1238,15.45140892109095,True,-3.0211787595721455,23.667907926236815
TOI-1243,35.72342451135282,True,-6.100436469733841,35.72708263447183
TOI-1266,26.08787979064787,True,-27.809171058603845,49.26849462687291
TOI-1411,51.73691750504235,True,5.471860140176755,53.39129527068057
TOI-1442,92.17592509719451,False,,
TOI-1448,23.219749379994035,True,-14.01878733767609,34.740452027996106
TOI-1450 A,18.655201797012413,True,-16.55036693664899,45.357678925122784
TOI-1452,10.769872498946498,True,-17.67665456648284,36.56230442659299
TOI-1467,32.78532829070242,True,-17.879826006436218,41.529872343623175
TOI-1468,26.567189314803027,True,-26.632502342950623,28.698596674357756
TOI-1470,18.131414906109203,True,-14.264730304913835,18.474839988730732
TOI-1634,13.709946382569044,True,14.198540072623308,22.304425114795208
TOI-1680,25.25780689571442,True,-32.42406626753379,52.11324259808678
TOI-1685,16.91740015175116,True,-3.1200872277938507,46.9197910346669
TOI-1693,4.236816976415917,True,-5.318181884051885,12.11997503345251
TOI-1695,17.5433965611129,True,0.5352449792309596,62.5013855739472
TOI-1696,7.041292285430983,True,-1.2791607531621914,8.792397745042624
TOI-1743,39.18974645917585,True,-31.869641083947585,46.04735472860854
TOI-1749,38.79882507755568,True,27.316596328261884,38.906092279388226
TOI-1752,103.76653499994949,True,11.41570507574976,126.1853305598857
TOI-1756,22.04683355546378,True,8.64486585107243,25.975679914279713
TOI-1759,33.04587793887594,True,12.027616602562592,70.03135846742224
TOI-1801,30.622043514471514,True,-7.475188771970249,30.62518381148761
TOI-1806,44.16768193336857,True,-27.902944659605247,45.728595696751704
TOI-1846,49.27408726595793,True,-2.94985649996489,53.42621601948969
TOI-198,78.67010665985723,True,-32.12260987159658,81.1069882827041
TOI-2015,19.07977199324343,True,-19.085624076557647,38.48924373521971
TOI-2018,55.80197055968913,True,-8.84411078362444,61.388440219552095
TOI-206,34.73586973691521,True,10.74479928809633,35.231413715442535
TOI-2068,49.74620920313023,True,5.3630589698744195,51.071465736575924
TOI-2081,34.39900596489133,True,-0.8303495596235587,63.14024081816528
TOI-2084,32.63501872514087,True,-34.884121306559265,37.24590260723194
TOI-2094,13.164646417001698,True,-4.070211206082566,28.23687548995218
TOI-2095,40.6482330613108,True,-45.18771746975025,45.279062586775474
TOI-2096,18.243070144258,True,12.626340115730116,21.52114557829009
TOI-2120,57.09538849686453,True,-23.57780521291302,60.96883815543496
TOI-2136,28.502981552096877,True,5.750633123200625,41.49694365200092
TOI-2257,13.110220774626317,True,-18.19105604127796,22.77264332270875
TOI-2266,14.894215517620589,True,-6.495498353431134,14.93535770089501
TOI-2267 A,30.011483213494976,False,,
TOI-2274,20.68594919668356,True,1.8004755026894204,28.794517527266738
TOI-2285,6.000372049009335,True,-6.81572894596935,25.41566231581477
TOI-237,66.36764398637747,False,,
TOI-2406,106.77808017132391,False,,
TOI-2411,42.766799503699154,True,-0.6110260529852891,44.65947914508803
TOI-2427,21.11151706441299,True,-18.26217540385633,42.01985320492398
TOI-2431,65.63096230299573,True,6.787287162376524,66.7476898281302
TOI-244,16.89483759118109,True,-14.52017592961209,22.2744396432465
TOI-2445,14.489828791862552,True,-22.4281590308169,36.82053533446596
TOI-2453,19.880470704643763,True,-4.63460649690935,50.1730087869992
TOI-2459,15.659480441037527,True,-1.2002860060430278,31.33291457215606
TOI-260,29.093125713531727,True,2.0153301853412384,31.007444558835125
TOI-269,33.35164628810704,True,-14.92386385442344,49.998295595875476
TOI-270,30.077139820862072,True,-7.518770889473113,39.693581526637495
TOI-2768,43.9794441169766,True,-26.857362097197477,87.02235687674118
TOI-277,84.54715690424254,True,-23.694784218712318,85.40331840017978
TOI-406,60.793249367287224,True,-0.18515779157193527,62.50053467169294
TOI-4184,60.31394503240112,True,-35.49827875188812,63.21579949823341
TOI-4336 A,17.72237767201187,True,10.028499704675655,25.531062460738912
TOI-4342,44.0990457413618,True,-7.9980684494193595,44.32532795117324
TOI-4364,16.196428945066934,True,-2.001927307925795,47.61032812729307
TOI-4438,81.54436403459924,True,-39.786096077791036,89.0688642603136
TOI-4479,57.863833988805446,True,-53.19635075348886,58.0869828525378
TOI-4527,54.929087929391024,True,21.611603030089583,81.28968750476292
TOI-4529,37.2434784039255,True,-10.264918167544094,39.77044541445143
TOI-4552,63.7001888184602,True,-12.691483403110476,68.88983035174819
TOI-4559,37.277039426329885,True,-13.609292426946777,51.73532918246273
TOI-521,35.06888803606998,True,26.94450598697825,36.287464800967534
TOI-5319,27.75027561952329,True,-12.537259550116806,27.96925573943128
TOI-5388,20.58032742337077,True,25.716330746446104,28.584371629179234
TOI-540,4.669298499683876,True,-13.944112491024296,17.94455354124753
TOI-544,16.520957905872407,True,-3.9233189397391564,18.472335288983025
TOI-5486,48.632862490638715,True,-3.8473174154890675,50.80435307473739
TOI-5489,14.699354106425222,True,8.15497677616261,40.47779274742246
TOI-5713,21.436422245575404,True,-16.50831990849646,25.990064374053055
TOI-5716,43.31612598410561,True,47.60514551232016,49.610156914588984
TOI-5720,61.5157903454778,True,11.32338126841425,70.65552090235789
TOI-5728,44.64856005738303,True,-23.956643893014768,45.37597745628247
TOI-5736,39.0561472969055,True,15.237722426852239,39.09982831832342
TOI-5799,39.86792489450779,True,-2.6921948747873627,39.963434811268534
TOI-6000,5.058757175364843,True,16.36748564038037,34.3931555081811
TOI-6002,53.01422969675222,True,-22.89567868954486,53.99231862207004
TOI-6008,17.9414711920625,False,,
TOI-6086,16.507470565263006,True,7.3462123033522015,22.06250044755284
TOI-620,61.2536106280376,True,-28.003884739694726,61.51999461789236
TOI-6255,44.85700218357444,True,-34.28437022785757,48.272672914442914
TOI-6324,59.28468502218986,True,-68.42121209002286,106.5520850520045
TOI-654,77.86913148825268,True,-60.721909309911,90.17006984566879
TOI-663,49.869888232531764,True,-13.061701883582312,59.51759390947024
TOI-6716,28.80394719253196,True,-24.95543648809392,36.07084494530835
TOI-700,28.258453516515925,True,-8.721474920857418,28.6513059955884
TOI-7009,31.975085889654643,True,10.321622709324753,87.82721699617039
TOI-715,16.777188814009452,True,-6.584193213267138,58.252502336979646
TOI-7166,62.69850527319427,True,-31.228258610022863,80.2847546896631
TOI-7384,35.406224990575794,True,-9.97357345526475,38.07716494887111
TOI-756,89.18848597763967,True,14.930138262132246,90.51043923333032
TOI-771,10.32560270052414,True,-4.830647098988055,11.893342737028652
TOI-776,37.303470227450745,True,10.62524134594442,61.97492189724029
TOI-782,41.52115714572845,True,-15.77670062034159,41.87320703368292
TOI-833,34.960808575830455,True,-10.00770134743048,36.852635854413535
TOI-904,25.02157487948885,True,-10.116611662489367,25.112918773915734
TOI-912,56.985033615354546,True,16.98041007767077,57.94514109367299
TRAPPIST-1,61.860201531541904,False,,
Wolf 327,26.772866309723124,True,-0.10964173599463813,28.37376750108808
