kepid,kepler_name
7907423,"Kepler-249 d"
7938496,"Kepler-1730 b"
6272413,"Kepler-776 b"
10975146,"Kepler-808 b"
10724369,"Kepler-809 b"
10730034,"Kepler-285 b"
10910878,"Kepler-229 c"
10910878,"Kepler-229 b"
11138155,"Kepler-1976 b"
8150320,"Kepler-55 f"
8226994,"Kepler-250 c"
8226994,"Kepler-250 d"
9579641,"Kepler-105 b"
10583066,"Kepler-661 b"
5792202,"Kepler-27 d"
5881688,"Kepler-696 b"
6022556,"Kepler-697 b"
8505670,"Kepler-252 c"
8505670,"Kepler-252 b"
8395660,"Kepler-106 e"
11812062,"Kepler-673 b"
8628973,"Kepler-724 b"
2302548,"Kepler-261 b"
6428700,"Kepler-242 c"
6522242,"Kepler-706 b"
8689031,"Kepler-726 b"
8689373,"Kepler-253 d"
12020329,"Kepler-678 b"
12366084,"Kepler-232 b"
3114167,"Kepler-684 b"
9347899,"Kepler-31 b"
10118816,"Kepler-1735 b"
10351231,"Kepler-1738 b"
8394721,"Kepler-79 c"
3342970,"Kepler-234 c"
9415172,"Kepler-255 c"
8394721,"Kepler-79 b"
5094751,"Kepler-109 c"
9466668,"Kepler-256 e"
3231341,"Kepler-24 e"
3935914,"Kepler-686 b"
9480189,"Kepler-257 c"
8806072,"Kepler-802 b"
9761882,"Kepler-738 b"
3218908,"Kepler-770 b"
7458762,"Kepler-713 b"
7585481,"Kepler-714 b"
5735762,"Kepler-48 c"
12252424,"Kepler-113 c"
5252423,"Kepler-237 b"
7678434,"Kepler-716 c"
2849805,"Kepler-773 b"
10797460,"Kepler-227 c"
3531558,"Kepler-467 b"
7870390,"Kepler-83 b"
4365645,"Kepler-1671 b"
7877496,"Kepler-412 b"
11074178,"Kepler-1001 c"
9030537,"Kepler-1674 b"
7269493,"Kepler-1027 b"
8612275,"Kepler-360 c"
11288051,"Kepler-124 d"
11670125,"Kepler-1206 b"
5716932,"Kepler-1830 b"
11080405,"Kepler-386 c"
7439316,"Kepler-866 b"
8082001,"Kepler-893 b"
10004519,"Kepler-894 b"
11153121,"Kepler-313 b"
11153121,"Kepler-313 c"
2989404,"Kepler-323 c"
4263293,"Kepler-331 b"
8164012,"Kepler-1106 b"
8282651,"Kepler-1136 b"
7987866,"Kepler-1832 b"
5857540,"Kepler-1242 b"
12469800,"Kepler-1856 b"
11497958,"Kepler-296 e"
12400538,"Kepler-867 b"
5299459,"Kepler-307 c"
6209677,"Kepler-948 b"
3629967,"Kepler-1775 b"
6026438,"Kepler-354 d"
7901948,"Kepler-872 b"
12506770,"Kepler-895 b"
10328393,"Kepler-332 d"
9412760,"Kepler-345 c"
7273277,"Kepler-1035 b"
11769890,"Kepler-1036 b"
2161536,"Kepler-1798 b"
7303287,"Kepler-289 b"
7376983,"Kepler-1987 d"
11014932,"Kepler-299 b"
7871954,"Kepler-303 c"
4932442,"Kepler-923 b"
10130039,"Kepler-334 b"
9718066,"Kepler-378 c"
5042210,"Kepler-1838 b"
8544992,"Kepler-388 c"
10748390,"Kepler-3 b"
5301750,"Kepler-84 b"
9044228,"Kepler-1039 b"
11614617,"Kepler-1041 b"
8168187,"Kepler-1142 b"
9395719,"Kepler-1250 b"
5175024,"Kepler-1279 b"
11027624,"Kepler-849 b"
7869917,"Kepler-880 c"
5080636,"Kepler-974 b"
10074466,"Kepler-1776 b"
3239671,"Kepler-1678 b"
8381204,"Kepler-1119 b"
6774537,"Kepler-1120 b"
11752906,"Kepler-2000 c"
6962977,"Kepler-292 d"
11600889,"Kepler-407 b"
11954842,"Kepler-883 b"
10027323,"Kepler-309 b"
6049190,"Kepler-1764 b"
4833421,"Kepler-122 b"
8802693,"Kepler-1045 b"
6035124,"Kepler-1081 b"
6021193,"Kepler-363 d"
6871071,"Kepler-374 d"
6871071,"Kepler-374 b"
4458082,"Kepler-1181 b"
11461433,"Kepler-1222 b"
11403389,"Kepler-1251 b"
9851662,"Kepler-1252 b"
6934291,"Kepler-828 b"
6924203,"Kepler-829 b"
11551692,"Kepler-411 d"
9662811,"Kepler-984 b"
6665512,"Kepler-1048 b"
8164257,"Kepler-357 c"
12505076,"Kepler-1799 b"
8292840,"Kepler-126 c"
7212184,"Kepler-1255 b"
11771430,"Kepler-1861 b"
7832356,"Kepler-855 b"
8160953,"Kepler-985 b"
9351316,"Kepler-1086 c"
2556650,"Kepler-1124 b"
5007345,"Kepler-1225 b"
7047207,"Kepler-1260 b"
7673841,"Kepler-392 b"
10055126,"Kepler-311 c"
5009743,"Kepler-906 b"
6504954,"Kepler-952 b"
8552719,"Kepler-953 c"
6383785,"Kepler-501 b"
9472000,"Kepler-1790 b"
7097965,"Kepler-1791 b"
11358389,"Kepler-365 c"
10723367,"Kepler-375 c"
9210387,"Kepler-1837 b"
8212002,"Kepler-1285 b"
9480310,"Kepler-1668 b"
10963065,"Kepler-408 b"
10005788,"Kepler-1022 b"
8229458,"Kepler-1152 b"
7120108,"Kepler-1825 b"
11192235,"Kepler-1826 b"
8110767,"Kepler-1685 b"
9015738,"Kepler-909 b"
5561278,"Kepler-911 b"
8230616,"Kepler-316 c"
8578780,"Kepler-1784 b"
11348997,"Kepler-1089 b"
6442377,"Kepler-483 b"
11187436,"Kepler-957 b"
11622600,"Kepler-991 b"
7747425,"Kepler-341 c"
4636578,"Kepler-350 b"
7102316,"Kepler-351 d"
9214942,"Kepler-833 b"
9597806,"Kepler-860 b"
5219234,"Kepler-305 c"
6975129,"Kepler-312 c"
10015937,"Kepler-1767 b"
10019065,"Kepler-938 b"
10214162,"Kepler-941 b"
8240797,"Kepler-321 b"
10332883,"Kepler-994 b"
4035640,"Kepler-995 b"
7747425,"Kepler-341 e"
9757613,"Kepler-26 e"
9391208,"Kepler-837 b"
7950644,"Kepler-427 b"
6949061,"Kepler-343 b"
2304320,"Kepler-1064 b"
3657758,"Kepler-1065 b"
9071593,"Kepler-1162 c"
1872821,"Kepler-1828 b"
9006449,"Kepler-295 b"
11125797,"Kepler-1482 b"
9823519,"Kepler-1350 c"
11090556,"Kepler-1398 b"
10587105,"Kepler-529 d"
9763612,"Kepler-1507 b"
11442793,"Kepler-90 f"
11337566,"Kepler-1298 b"
5775129,"Kepler-1691 b"
5213404,"Kepler-1508 b"
9467404,"Kepler-1323 b"
7510820,"Kepler-1461 b"
6615511,"Kepler-1463 b"
4164922,"Kepler-1698 b"
1718958,"Kepler-1934 b"
6428794,"Kepler-1701 b"
11394027,"Kepler-1664 b"
6021275,"Kepler-132 e"
7582689,"Kepler-431 b"
3561464,"Kepler-1487 b"
2581316,"Kepler-1514 b"
2581316,"Kepler-1514 c"
9886361,"Kepler-403 b"
9886361,"Kepler-403 c"
7428736,"Kepler-1358 b"
4483138,"Kepler-1384 b"
9693006,"Kepler-1385 b"
7603200,"Kepler-138 b"
8331612,"Kepler-1915 b"
3544595,"Kepler-93 b"
10905239,"Kepler-101 b"
7090524,"Kepler-1386 b"
11285870,"Kepler-1429 b"
8753657,"Kepler-406 c"
4271474,"Kepler-1469 b"
11253827,"Kepler-396 b"
11618601,"Kepler-1894 b"
7503885,"Kepler-1494 b"
6368175,"Kepler-1703 b"
11760860,"Kepler-1525 b"
8022489,"Kepler-1311 d"
10122538,"Kepler-1388 c"
11442793,"Kepler-90 g"
10064256,"Kepler-1692 b"
8008067,"Kepler-139 c"
11361646,"Kepler-524 c"
3747817,"Kepler-1552 b"
6432345,"Kepler-1690 b"
6945786,"Kepler-1909 b"
11623629,"Kepler-538 b"
3642289,"Kepler-135 c"
6444896,"Kepler-1649 c"
8636333,"Kepler-1475 b"
8686097,"Kepler-540 b"
9475552,"Kepler-1315 c"
10788461,"Kepler-1530 d"
10788461,"Kepler-1530 b"
4242692,"Kepler-1531 b"
11874577,"Kepler-1875 b"
7767162,"Kepler-1375 b"
11860395,"Kepler-1504 b"
3446746,"Kepler-542 b"
9592705,"Kepler-1714 b"
10793172,"Kepler-1693 b"
7419318,"Kepler-137 c"
10924562,"Kepler-1422 b"
6278762,"Kepler-444 e"
6278762,"Kepler-444 f"
11442793,"Kepler-90 b"
7100673,"Kepler-1542 b"
5480640,"Kepler-399 b"
11662184,"Kepler-1348 b"
3634051,"Kepler-1981 b"
10717241,"Kepler-551 b"
9702006,"Kepler-1953 b"
7450747,"Kepler-1949 b"
7826620,"Kepler-1579 b"
3645438,"Kepler-1600 c"
11709124,"Kepler-154 f"
11757451,"Kepler-443 b"
6850504,"Kepler-20 c"
4548011,"Kepler-1581 b"
9141355,"Kepler-1635 b"
6752002,"Kepler-1945 b"
6291033,"Kepler-557 b"
11192998,"Kepler-166 c"
10937029,"Kepler-553 b"
8043638,"Kepler-559 b"
9844088,"Kepler-564 b"
5791986,"Kepler-151 b"
11497977,"Kepler-571 b"
5977470,"Kepler-1653 b"
10019643,"Kepler-163 c"
3239945,"Kepler-167 d"
10730070,"Kepler-1590 b"
10599206,"Kepler-566 b"
5351250,"Kepler-150 d"
11709124,"Kepler-154 b"
5640085,"Kepler-159 b"
3559935,"Kepler-576 b"
10554999,"Kepler-179 b"
10973664,"Kepler-619 d"
8456679,"Kepler-1990 c"
5531694,"Kepler-634 b"
4165473,"Kepler-597 b"
8355239,"Kepler-189 b"
10973664,"Kepler-619 c"
9782691,"Kepler-193 b"
5812960,"Kepler-582 b"
6266741,"Kepler-170 b"
8022244,"Kepler-175 c"
6587002,"Kepler-196 d"
6381846,"Kepler-171 b"
8193178,"Kepler-187 c"
12600735,"Kepler-596 b"
3541946,"Kepler-198 c"
3541946,"Kepler-198 d"
10593626,"Kepler-22 b"
10718726,"Kepler-618 b"
8056665,"Kepler-462 c"
6462863,"Kepler-89 c"
10973664,"Kepler-619 b"
9590976,"Kepler-217 c"
2444412,"Kepler-1710 b"
9702072,"Kepler-652 b"
10318874,"Kepler-94 b"
6267535,"Kepler-638 b"
9963524,"Kepler-221 c"
6425957,"Kepler-205 c"
6442340,"Kepler-206 c"
6707835,"Kepler-640 b"
7040629,"Kepler-208 d"
7515212,"Kepler-212 c"
7515212,"Kepler-212 b"
8361905,"Kepler-646 b"
8557374,"Kepler-213 b"
9530945,"Kepler-216 b"
9578686,"Kepler-651 b"
5880320,"Kepler-758 c"
10604335,"Kepler-283 c"
10744335,"Kepler-810 b"
10586208,"Kepler-811 b"
4164994,"Kepler-816 b"
10271806,"Kepler-224 d"
10271806,"Kepler-224 e"
10395381,"Kepler-659 b"
5531576,"Kepler-240 b"
8150320,"Kepler-55 e"
8222813,"Kepler-760 b"
3640905,"Kepler-278 c"
10858691,"Kepler-286 e"
10713616,"Kepler-1667 b"
10963242,"Kepler-814 b"
5084942,"Kepler-475 b"
4455231,"Kepler-288 d"
10340423,"Kepler-225 b"
8395660,"Kepler-106 c"
5792202,"Kepler-27 b"
8288947,"Kepler-778 b"
6677841,"Kepler-279 e"
6587280,"Kepler-243 b"
8826878,"Kepler-727 b"
1718189,"Kepler-262 b"
12070811,"Kepler-679 b"
6685526,"Kepler-707 b"
6784235,"Kepler-708 b"
2165002,"Kepler-263 c"
10166274,"Kepler-267 c"
6948054,"Kepler-245 b"
9141746,"Kepler-730 b"
10426656,"Kepler-272 b"
10875245,"Kepler-107 e"
6948054,"Kepler-245 e"
6949607,"Kepler-28 b"
10482160,"Kepler-1739 b"
7134976,"Kepler-246 b"
9388479,"Kepler-732 b"
8678594,"Kepler-799 c"
7366258,"Kepler-82 b"
2853093,"Kepler-767 b"
3245969,"Kepler-768 b"
3231341,"Kepler-24 b"
9480189,"Kepler-257 b"
4139816,"Kepler-235 c"
7434875,"Kepler-247 b"
8559644,"Kepler-111 b"
3218908,"Kepler-770 d"
4913852,"Kepler-691 b"
757450,"Kepler-75 b"
11086270,"Kepler-110 c"
7663691,"Kepler-715 b"
5358241,"Kepler-53 b"
9787239,"Kepler-32 d"
9787239,"Kepler-32 f"
9823457,"Kepler-259 b"
5809890,"Kepler-755 c"
1026957,"Kepler-1731 b"
6060203,"Kepler-757 b"
3962243,"Kepler-276 d"
9597058,"Kepler-962 b"
6949061,"Kepler-343 c"
11657891,"Kepler-1028 b"
3847907,"Kepler-497 b"
8950568,"Kepler-85 b"
8950568,"Kepler-85 c"
12314973,"Kepler-450 b"
10916600,"Kepler-1293 b"
8009350,"Kepler-892 b"
5375194,"Kepler-964 b"
7132798,"Kepler-119 c"
4263293,"Kepler-331 d"
9244756,"Kepler-1779 b"
8950568,"Kepler-85 e"
3448130,"Kepler-1786 b"
9717943,"Kepler-1169 b"
11611600,"Kepler-842 b"
11254382,"Kepler-843 b"
4917596,"Kepler-1032 b"
9405595,"Kepler-1797 b"
3548044,"Kepler-371 b"
11401767,"Kepler-372 d"
10863608,"Kepler-1210 b"
7303287,"Kepler-289 c"
11176127,"Kepler-298 c"
7939330,"Kepler-896 c"
4570949,"Kepler-76 b"
10328393,"Kepler-332 b"
10328393,"Kepler-332 c"
9412760,"Kepler-345 b"
9518318,"Kepler-346 c"
2439243,"Kepler-1172 b"
7604328,"Kepler-1245 b"
11236244,"Kepler-1246 b"
2307415,"Kepler-356 c"
9718066,"Kepler-378 b"
3867615,"Kepler-379 c"
11701407,"Kepler-1214 b"
6605493,"Kepler-1686 b"
11493431,"Kepler-847 b"
5301750,"Kepler-84 c"
7046804,"Kepler-492 b"
5526527,"Kepler-970 b"
9101496,"Kepler-335 b"
11450414,"Kepler-347 b"
10329835,"Kepler-1075 b"
10531955,"Kepler-1141 b"
11818607,"Kepler-1839 b"
5436013,"Kepler-1841 b"
7102227,"Kepler-290 c"
9573539,"Kepler-484 b"
7869917,"Kepler-880 b"
11760231,"Kepler-973 b"
12061969,"Kepler-2001 c"
6521045,"Kepler-100 b"
6846911,"Kepler-1842 b"
8866102,"Kepler-410 A b"
6962977,"Kepler-292 f"
6962977,"Kepler-292 b"
10006581,"Kepler-902 b"
10027323,"Kepler-309 c"
9411166,"Kepler-1016 c"
4989057,"Kepler-1017 b"
9834040,"Kepler-1044 b"
10404582,"Kepler-362 b"
9896018,"Kepler-1859 c"
4741126,"Kepler-887 c"
11551692,"Kepler-411 c"
10005758,"Kepler-1662 b"
7430034,"Kepler-978 b"
8826168,"Kepler-980 b"
5770074,"Kepler-1675 b"
12154526,"Kepler-1047 b"
12058147,"Kepler-1082 b"
8164257,"Kepler-357 b"
8866137,"Kepler-1083 b"
9278725,"Kepler-1148 b"
11818872,"Kepler-1860 b"
7211469,"Kepler-830 b"
3762468,"Kepler-493 b"
9517393,"Kepler-1085 b"
9351316,"Kepler-1086 b"
5211199,"Kepler-1800 b"
4473226,"Kepler-1682 b"
2854181,"Kepler-1810 b"
6429812,"Kepler-1227 b"
10586004,"Kepler-129 c"
7211221,"Kepler-831 b"
5384079,"Kepler-348 c"
10864531,"Kepler-358 b"
10684670,"Kepler-1189 b"
7021681,"Kepler-505 b"
3234598,"Kepler-383 b"
9651668,"Kepler-423 b"
6268648,"Kepler-907 b"
7386827,"Kepler-1765 b"
7522911,"Kepler-1670 b"
8167996,"Kepler-327 c"
6356207,"Kepler-1059 b"
6768394,"Kepler-60 d"
4770617,"Kepler-1154 b"
10730703,"Kepler-1191 b"
9654468,"Kepler-1684 b"
7107802,"Kepler-1231 b"
11807274,"Kepler-50 b"
6767840,"Kepler-1262 b"
8379705,"Kepler-1847 b"
12120307,"Kepler-394 c"
7761545,"Kepler-857 b"
5371776,"Kepler-304 d"
11017901,"Kepler-447 b"
9758089,"Kepler-1996 b"
8564674,"Kepler-349 b"
9006186,"Kepler-1130 d"
4770617,"Kepler-1154 c"
9458343,"Kepler-1156 b"
9455556,"Kepler-294 c"
9455556,"Kepler-294 b"
7512982,"Kepler-859 b"
9836959,"Kepler-1766 b"
9967771,"Kepler-990 b"
8081187,"Kepler-1025 b"
9307509,"Kepler-1794 b"
11774991,"Kepler-367 c"
5942808,"Kepler-1814 b"
5942808,"Kepler-1814 c"
10212441,"Kepler-1199 b"
11968463,"Kepler-385 c"
6975129,"Kepler-312 b"
9892816,"Kepler-342 e"
9112931,"Kepler-1161 b"
9071593,"Kepler-1162 b"
8247771,"Kepler-1200 b"
9602613,"Kepler-1994 b"
9277896,"Kepler-915 b"
6185331,"Kepler-943 b"
12017109,"Kepler-1679 b"
6962109,"Kepler-1134 b"
3734418,"Kepler-1164 b"
8463346,"Kepler-436 b"
8081905,"Kepler-1292 b"
8016691,"Kepler-1456 b"
7679812,"Kepler-1931 b"
6697756,"Kepler-1351 b"
9825174,"Kepler-1377 b"
9468551,"Kepler-1399 b"
5865654,"Kepler-1423 b"
6705026,"Kepler-1483 b"
8636434,"Kepler-1533 b"
3656121,"Kepler-146 c"
9837661,"Kepler-1321 b"
9092504,"Kepler-1322 c"
8151055,"Kepler-1460 b"
8078502,"Kepler-1919 b"
12735740,"Kepler-86 b"
6636320,"Kepler-1892 b"
9020114,"Kepler-1901 b"
6021275,"Kepler-132 b"
4175630,"Kepler-1405 b"
6609270,"Kepler-1902 b"
7288444,"Kepler-1924 b"
8890150,"Kepler-395 c"
8890150,"Kepler-395 b"
8415200,"Kepler-1328 b"
10933561,"Kepler-133 c"
5096590,"Kepler-1424 b"
6289257,"Kepler-520 b"
11508644,"Kepler-1426 b"
11754430,"Kepler-1488 b"
8494142,"Kepler-145 b"
9472074,"Kepler-1873 b"
4831728,"Kepler-1330 b"
10933561,"Kepler-133 b"
9995402,"Kepler-1361 b"
10332213,"Kepler-1885 b"
11403530,"Kepler-1412 b"
7700622,"Kepler-1716 b"
9285265,"Kepler-1491 b"
9285265,"Kepler-1491 c"
5980208,"Kepler-1331 b"
6607357,"Kepler-1365 c"
8709688,"Kepler-1893 b"
9569711,"Kepler-1912 b"
8022489,"Kepler-1311 c"
12456601,"Kepler-1334 b"
8758204,"Kepler-1881 b"
10122538,"Kepler-1388 b"
10545066,"Kepler-528 b"
10982872,"Kepler-142 b"
4850961,"Kepler-1551 b"
6779260,"Kepler-1313 b"
10905911,"Kepler-1339 b"
3545135,"Kepler-1689 b"
8611257,"Kepler-1389 b"
9907129,"Kepler-1436 b"
10982872,"Kepler-142 d"
8142787,"Kepler-439 b"
8951205,"Kepler-1940 b"
6294819,"Kepler-1368 b"
7202957,"Kepler-1869 b"
9838468,"Kepler-1391 b"
5092266,"Kepler-1896 b"
8824737,"Kepler-1917 b"
10285631,"Kepler-525 b"
10552611,"Kepler-141 b"
11442793,"Kepler-90 e"
9009953,"Kepler-1700 b"
5695396,"Kepler-131 b"
8827575,"Kepler-1992 b"
2716801,"Kepler-1419 b"
8826007,"Kepler-1450 b"
7515679,"Kepler-1517 b"
8681833,"Kepler-1372 b"
5280587,"Kepler-1451 b"
11442793,"Kepler-90 c"
11621223,"Kepler-535 b"
9466429,"Kepler-1345 b"
3544640,"Kepler-1914 b"
11100383,"Kepler-532 b"
7100673,"Kepler-1542 d"
5980783,"Kepler-1889 b"
7427764,"Kepler-1595 b"
10777591,"Kepler-1637 b"
4852528,"Kepler-80 f"
5860968,"Kepler-1599 b"
8480582,"Kepler-1702 b"
10843590,"Kepler-153 b"
8047428,"Kepler-1621 b"
10460984,"Kepler-164 b"
3239945,"Kepler-167 b"
7257966,"Kepler-1946 b"
9946525,"Kepler-148 c"
5281113,"Kepler-1602 b"
4757437,"Kepler-168 c"
11612280,"Kepler-1587 b"
7046035,"Kepler-1603 b"
10593535,"Kepler-1568 b"
10577994,"Kepler-165 c"
8416523,"Kepler-1604 b"
5962262,"Kepler-1966 b"
9366617,"Kepler-1570 b"
7935997,"Kepler-1629 b"
8352537,"Kepler-547 b"
11709124,"Kepler-154 d"
3244792,"Kepler-1592 b"
10717220,"Kepler-1644 b"
9285568,"Kepler-1575 b"
11823054,"Kepler-181 b"
5374854,"Kepler-633 b"
8162789,"Kepler-1989 b"
9941859,"Kepler-178 c"
8822216,"Kepler-610 c"
10600261,"Kepler-194 c"
12058931,"Kepler-182 c"
4270253,"Kepler-183 b"
9782691,"Kepler-193 c"
12058931,"Kepler-182 b"
8120608,"Kepler-186 e"
8558011,"Kepler-607 b"
7595157,"Kepler-605 b"
10353968,"Kepler-623 b"
8311864,"Kepler-452 b"
10187017,"Kepler-102 b"
9157634,"Kepler-586 b"
8616637,"Kepler-190 c"
4644604,"Kepler-626 b"
5120087,"Kepler-631 b"
9941859,"Kepler-178 b"
9590976,"Kepler-217 b"
6678383,"Kepler-104 c"
5966154,"Kepler-201 c"
6020753,"Kepler-202 c"
9950612,"Kepler-220 d"
6062088,"Kepler-203 c"
6125481,"Kepler-637 b"
9963524,"Kepler-221 b"
6365156,"Kepler-639 b"
6442340,"Kepler-206 b"
10002866,"Kepler-222 c"
7040629,"Kepler-208 e"
8962094,"Kepler-215 c"
10872983,"Kepler-228 c"
6359320,"Kepler-269 c"
3939150,"Kepler-277 b"
10662202,"Kepler-662 b"
10858691,"Kepler-286 c"
10858691,"Kepler-286 d"
8972058,"Kepler-115 b"
5794379,"Kepler-241 b"
8226994,"Kepler-250 b"
8247638,"Kepler-251 e"
8346392,"Kepler-777 b"
11754553,"Kepler-52 d"
6392727,"Kepler-703 b"
6422070,"Kepler-704 b"
8644288,"Kepler-18 c"
2302548,"Kepler-261 c"
8278371,"Kepler-780 b"
8689373,"Kepler-253 c"
10925104,"Kepler-114 d"
6690082,"Kepler-280 c"
12110942,"Kepler-680 b"
6849310,"Kepler-244 b"
2165002,"Kepler-263 b"
12470844,"Kepler-233 b"
6849310,"Kepler-244 c"
8644288,"Kepler-18 b"
5780460,"Kepler-747 b"
10141900,"Kepler-763 d"
10141900,"Kepler-763 b"
3247268,"Kepler-418 b"
8751933,"Kepler-420 b"
8630788,"Kepler-281 c"
8630788,"Kepler-281 d"
3342970,"Kepler-234 b"
8158127,"Kepler-750 c"
10350571,"Kepler-784 c"
3832474,"Kepler-30 c"
7287995,"Kepler-81 b"
9415172,"Kepler-255 b"
9466668,"Kepler-256 c"
7778437,"Kepler-471 b"
4139816,"Kepler-235 b"
7366258,"Kepler-82 c"
9479273,"Kepler-734 b"
9512687,"Kepler-735 b"
2164169,"Kepler-1732 b"
3231341,"Kepler-24 d"
3240158,"Kepler-769 c"
3859628,"Kepler-1740 b"
8583696,"Kepler-803 b"
3218908,"Kepler-770 c"
3554031,"Kepler-415 c"
8609450,"Kepler-282 c"
8628758,"Kepler-804 c"
9775938,"Kepler-258 c"
3109930,"Kepler-1736 b"
2854914,"Kepler-268 b"
3447722,"Kepler-275 c"
6541920,"Kepler-11 g"
5272878,"Kepler-694 b"
9820483,"Kepler-740 b"
5735762,"Kepler-48 d"
3859079,"Kepler-786 b"
3444588,"Kepler-787 b"
12252424,"Kepler-113 b"
5358241,"Kepler-53 d"
7849854,"Kepler-718 b"
5880320,"Kepler-758 b"
3869014,"Kepler-789 b"
10990917,"Kepler-919 b"
8277797,"Kepler-322 c"
7449136,"Kepler-1002 b"
8950568,"Kepler-85 d"
8612275,"Kepler-360 b"
11080405,"Kepler-386 b"
3354846,"Kepler-1241 b"
11497958,"Kepler-296 d"
7841925,"Kepler-865 b"
6921944,"Kepler-1105 b"
11566256,"Kepler-1831 b"
12306058,"Kepler-391 b"
11122894,"Kepler-297 b"
9813499,"Kepler-868 b"
5299459,"Kepler-307 b"
9729691,"Kepler-949 c"
3326377,"Kepler-967 b"
6026438,"Kepler-354 b"
10663396,"Kepler-1069 b"
11457726,"Kepler-1070 b"
11288051,"Kepler-124 b"
3342794,"Kepler-376 b"
5602588,"Kepler-1211 b"
7939330,"Kepler-896 b"
4650733,"Kepler-1762 b"
8651389,"Kepler-1768 b"
11709244,"Kepler-325 b"
8766650,"Kepler-1008 b"
8956206,"Kepler-1071 b"
3546060,"Kepler-1110 b"
10549023,"Kepler-1112 b"
5364071,"Kepler-49 c"
12254909,"Kepler-1213 b"
8757824,"Kepler-1275 b"
11176127,"Kepler-298 d"
7831264,"Kepler-116 c"
7456001,"Kepler-874 b"
5617854,"Kepler-901 b"
11853878,"Kepler-968 b"
9471268,"Kepler-326 b"
4254466,"Kepler-1113 b"
11804465,"Kepler-12 b"
5269467,"Kepler-925 b"
10657406,"Kepler-969 c"
9965957,"Kepler-1011 b"
9704384,"Kepler-1012 b"
10134152,"Kepler-1787 b"
12301181,"Kepler-1076 b"
9279354,"Kepler-1788 b"
6960913,"Kepler-61 b"
8692861,"Kepler-69 b"
11599038,"Kepler-1751 b"
5542466,"Kepler-1756 b"
5526717,"Kepler-926 b"
6037581,"Kepler-336 d"
11450414,"Kepler-347 d"
4736569,"Kepler-1042 b"
10203349,"Kepler-1144 b"
8753896,"Kepler-389 c"
8077137,"Kepler-128 c"
6962977,"Kepler-292 e"
9821454,"Kepler-59 c"
7755636,"Kepler-1015 b"
7219825,"Kepler-123 c"
6021193,"Kepler-363 c"
12058204,"Kepler-373 c"
7542813,"Kepler-1180 b"
4665571,"Kepler-1834 c"
9269042,"Kepler-1221 b"
10453588,"Kepler-1253 b"
9896018,"Kepler-1859 b"
4741126,"Kepler-887 b"
11669125,"Kepler-888 b"
10004738,"Kepler-310 d"
10004738,"Kepler-310 b"
10136549,"Kepler-337 c"
10024701,"Kepler-1046 b"
10253547,"Kepler-364 b"
11569782,"Kepler-1150 b"
7670943,"Kepler-1713 b"
11037511,"Kepler-1281 b"
10387742,"Kepler-1998 b"
5177104,"Kepler-904 b"
4545187,"Kepler-121 b"
5511081,"Kepler-338 d"
10978763,"Kepler-339 b"
5384079,"Kepler-348 b"
9517393,"Kepler-1085 c"
9473078,"Kepler-1087 b"
12116380,"Kepler-1123 b"
3122913,"Kepler-1845 b"
6528464,"Kepler-449 b"
9827149,"Kepler-1282 b"
12156347,"Kepler-1687 b"
10810838,"Kepler-482 b"
8552719,"Kepler-953 b"
9595827,"Kepler-71 b"
4545187,"Kepler-121 c"
5546761,"Kepler-1125 b"
5959719,"Kepler-390 c"
7951018,"Kepler-890 b"
8167996,"Kepler-327 b"
6773862,"Kepler-988 b"
7204981,"Kepler-1127 b"
5005121,"Kepler-1811 b"
11512246,"Kepler-23 d"
4770365,"Kepler-1669 c"
9758089,"Kepler-1996 c"
4454934,"Kepler-1155 b"
11030475,"Kepler-1813 b"
9653622,"Kepler-2002 b"
6387542,"Kepler-912 b"
4644952,"Kepler-319 c"
4644952,"Kepler-319 b"
11295426,"Kepler-68 b"
11774991,"Kepler-367 b"
7047363,"Kepler-1236 b"
7183745,"Kepler-1266 b"
6269070,"Kepler-1288 b"
11512246,"Kepler-23 b"
8874090,"Kepler-834 b"
5184584,"Kepler-891 b"
10905746,"Kepler-1651 b"
6205228,"Kepler-996 b"
11758544,"Kepler-997 b"
8261920,"Kepler-1802 c"
6941084,"Kepler-1204 b"
9177629,"Kepler-1848 b"
8950853,"Kepler-839 b"
9823487,"Kepler-1753 b"
5438099,"Kepler-306 d"
9455325,"Kepler-958 b"
6382217,"Kepler-353 c"
6382217,"Kepler-353 b"
11288051,"Kepler-124 c"
8613535,"Kepler-1165 c"
5036705,"Kepler-1238 b"
6867555,"Kepler-1239 b"
9006449,"Kepler-295 c"
4067925,"Kepler-1897 b"
6584273,"Kepler-1457 b"
10089911,"Kepler-1543 b"
10000941,"Kepler-1558 b"
10386922,"Kepler-511 c"
8156120,"Kepler-522 b"
10070468,"Kepler-1297 b"
9837661,"Kepler-1321 c"
11905011,"Kepler-514 b"
7463685,"Kepler-1884 b"
9881662,"Kepler-140 b"
3848275,"Kepler-1403 b"
10360722,"Kepler-1545 b"
7673192,"Kepler-402 b"
11129258,"Kepler-1381 b"
9085563,"Kepler-1486 b"
9353742,"Kepler-1523 b"
3732035,"Kepler-1535 b"
4346178,"Kepler-1304 b"
4178606,"Kepler-1326 b"
9031209,"Kepler-1467 b"
9664142,"Kepler-1305 b"
7582689,"Kepler-431 c"
8409295,"Kepler-1489 b"
6058816,"Kepler-1927 b"
6186964,"Kepler-1366 b"
7609553,"Kepler-1387 b"
11720424,"Kepler-1432 b"
10057494,"Kepler-1443 b"
11566064,"Kepler-1717 b"
5088536,"Kepler-130 c"
5794570,"Kepler-1312 c"
9962455,"Kepler-1336 b"
9962455,"Kepler-1336 c"
10122538,"Kepler-1388 d"
12416661,"Kepler-1434 b"
8073705,"Kepler-1445 b"
9139084,"Kepler-523 b"
9117416,"Kepler-1921 c"
5688683,"Kepler-1939 b"
6878240,"Kepler-397 b"
8210018,"Kepler-1341 b"
8051946,"Kepler-1416 b"
10252275,"Kepler-1907 c"
11303322,"Kepler-1472 b"
11442793,"Kepler-90 d"
7202957,"Kepler-1869 c"
5369827,"Kepler-1870 b"
6599975,"Kepler-1501 b"
8282846,"Kepler-1539 b"
5938970,"Kepler-1540 b"
4991208,"Kepler-1393 b"
3662838,"Kepler-516 b"
1717722,"Kepler-1977 b"
8121310,"Kepler-521 b"
5128673,"Kepler-1316 b"
7285757,"Kepler-1986 b"
11651712,"Kepler-1479 b"
2581554,"Kepler-1521 b"
3964109,"Kepler-544 b"
11019987,"Kepler-1421 b"
6278762,"Kepler-444 b"
10653179,"Kepler-1453 b"
11177676,"Kepler-1454 b"
5895158,"Kepler-1532 b"
5480640,"Kepler-399 d"
5652893,"Kepler-1347 b"
9823519,"Kepler-1350 b"
5106313,"Kepler-1694 b"
5450893,"Kepler-1890 b"
10990886,"Kepler-568 b"
6276791,"Kepler-1958 b"
8636600,"Kepler-1959 b"
3966801,"Kepler-577 b"
5881120,"Kepler-1943 b"
4548098,"Kepler-1982 b"
6607644,"Kepler-1559 b"
7610663,"Kepler-1560 b"
6508221,"Kepler-152 b"
3745690,"Kepler-157 b"
4138008,"Kepler-442 b"
9216775,"Kepler-1612 b"
7977197,"Kepler-162 c"
9589524,"Kepler-563 b"
11192998,"Kepler-166 d"
9946525,"Kepler-148 d"
6850504,"Kepler-20 b"
6850504,"Kepler-20 e"
11904151,"Kepler-10 c"
9828127,"Kepler-1564 b"
5644412,"Kepler-1565 b"
10189546,"Kepler-549 d"
3847138,"Kepler-556 b"
12302530,"Kepler-155 c"
7098355,"Kepler-558 b"
1724719,"Kepler-1569 b"
10189546,"Kepler-549 c"
12470954,"Kepler-554 b"
5689351,"Kepler-169 c"
5791986,"Kepler-151 c"
10019643,"Kepler-163 b"
8573193,"Kepler-1591 b"
2438264,"Kepler-156 c"
11509504,"Kepler-1573 b"
10616679,"Kepler-550 b"
2438264,"Kepler-156 b"
3217264,"Kepler-149 d"
10669994,"Kepler-1594 b"
5374854,"Kepler-633 c"
8015907,"Kepler-585 b"
9941859,"Kepler-178 d"
8017703,"Kepler-174 c"
4270253,"Kepler-183 c"
8367113,"Kepler-606 b"
9020160,"Kepler-191 d"
6501635,"Kepler-600 b"
7445445,"Kepler-184 c"
8540376,"Kepler-457 d"
9146018,"Kepler-192 b"
9957627,"Kepler-1723 b"
6786037,"Kepler-603 c"
10676824,"Kepler-1724 b"
12068975,"Kepler-197 c"
10554999,"Kepler-179 c"
5709725,"Kepler-598 c"
9958962,"Kepler-616 d"
5113822,"Kepler-199 b"
6422155,"Kepler-172 b"
11823054,"Kepler-181 c"
8056665,"Kepler-462 b"
7941200,"Kepler-1709 b"
8037145,"Kepler-176 e"
5796675,"Kepler-636 b"
9964801,"Kepler-654 b"
9965439,"Kepler-655 b"
8711794,"Kepler-463 b"
6685609,"Kepler-207 d"
10227020,"Kepler-223 d"
7040629,"Kepler-208 b"
7040629,"Kepler-208 c"
8480285,"Kepler-647 b"
8802165,"Kepler-648 b"
8878187,"Kepler-650 b"
9450647,"Kepler-465 b"
9458613,"Kepler-33 d"
9458613,"Kepler-33 e"
9458613,"Kepler-33 c"
5456651,"Kepler-239 b"
8150320,"Kepler-55 d"
6037187,"Kepler-759 b"
3835670,"Kepler-473 b"
3839488,"Kepler-794 b"
4077526,"Kepler-58 b"
4077526,"Kepler-58 c"
10272442,"Kepler-657 b"
10538176,"Kepler-284 c"
10794087,"Kepler-1743 b"
4076098,"Kepler-817 b"
8247638,"Kepler-251 c"
6032497,"Kepler-698 b"
11507101,"Kepler-672 b"
11754553,"Kepler-52 c"
6276477,"Kepler-701 b"
6291653,"Kepler-702 b"
8280511,"Kepler-271 c"
6677841,"Kepler-279 b"
11853255,"Kepler-674 b"
11918099,"Kepler-675 b"
8395660,"Kepler-106 b"
11359879,"Kepler-15 b"
8689373,"Kepler-253 b"
8883593,"Kepler-728 b"
1871056,"Kepler-264 b"
10166274,"Kepler-267 b"
10426656,"Kepler-272 d"
6693640,"Kepler-798 b"
10468940,"Kepler-273 b"
10468940,"Kepler-273 c"
10337517,"Kepler-783 c"
10122255,"Kepler-765 b"
8630788,"Kepler-281 b"
3351888,"Kepler-685 b"
7135852,"Kepler-1729 b"
9406990,"Kepler-733 b"
9415172,"Kepler-255 d"
3247268,"Kepler-418 c"
10350571,"Kepler-784 b"
7287995,"Kepler-81 c"
9466668,"Kepler-256 d"
2716853,"Kepler-752 b"
8564587,"Kepler-57 b"
8564587,"Kepler-57 c"
4139816,"Kepler-235 d"
7366258,"Kepler-82 e"
4476123,"Kepler-689 b"
8609450,"Kepler-282 e"
9775938,"Kepler-258 b"
9787239,"Kepler-32 b"
5809890,"Kepler-755 b"
2854914,"Kepler-268 c"
8191672,"Kepler-5 b"
8822366,"Kepler-805 b"
7825899,"Kepler-248 b"
9787239,"Kepler-32 e"
9823457,"Kepler-259 c"
5956342,"Kepler-265 b"
5956342,"Kepler-265 e"
3962243,"Kepler-276 b"
7907423,"Kepler-249 c"
11046025,"Kepler-1759 b"
9634821,"Kepler-1995 b"
11460462,"Kepler-1104 b"
9209624,"Kepler-387 b"
1849702,"Kepler-1854 b"
11497958,"Kepler-296 b"
11177543,"Kepler-1760 b"
11337372,"Kepler-920 b"
11337372,"Kepler-920 c"
6205897,"Kepler-1029 b"
7948784,"Kepler-1778 b"
9347009,"Kepler-1030 b"
8804845,"Kepler-1067 c"
4140813,"Kepler-1795 b"
5601258,"Kepler-1805 b"
4275721,"Kepler-825 c"
11177707,"Kepler-841 b"
11122894,"Kepler-297 c"
9663113,"Kepler-458 c"
10619192,"Kepler-17 b"
9729691,"Kepler-949 b"
11875734,"Kepler-966 b"
7668663,"Kepler-1005 b"
3937519,"Kepler-495 b"
2693736,"Kepler-1034 b"
9656252,"Kepler-1068 b"
11401767,"Kepler-372 b"
11560897,"Kepler-430 c"
9086251,"Kepler-1833 b"
4484336,"Kepler-1857 b"
11502867,"Kepler-426 b"
7265298,"Kepler-355 c"
8041216,"Kepler-500 b"
11187837,"Kepler-1663 b"
9753154,"Kepler-1244 b"
7604328,"Kepler-1245 c"
9832208,"Kepler-1858 b"
12418724,"Kepler-873 b"
7549209,"Kepler-875 b"
9305831,"Kepler-44 b"
3967760,"Kepler-317 c"
11046458,"Kepler-424 b"
9471268,"Kepler-326 c"
3937519,"Kepler-495 c"
8226050,"Kepler-1010 b"
8142942,"Kepler-1782 b"
8494542,"Kepler-1807 b"
8544992,"Kepler-388 b"
7259298,"Kepler-1278 b"
7376983,"Kepler-1987 c"
9527915,"Kepler-478 b"
5856571,"Kepler-971 b"
4249725,"Kepler-120 b"
11193263,"Kepler-848 b"
11450414,"Kepler-347 c"
10404582,"Kepler-362 c"
5364071,"Kepler-49 e"
7382313,"Kepler-1220 b"
8753896,"Kepler-389 b"
11356260,"Kepler-851 b"
11043167,"Kepler-852 b"
9631995,"Kepler-422 b"
6034945,"Kepler-927 b"
5728139,"Kepler-433 b"
6152974,"Kepler-118 c"
9886255,"Kepler-976 b"
6871071,"Kepler-374 c"
6932987,"Kepler-293 b"
11666881,"Kepler-480 b"
6310636,"Kepler-929 b"
12154526,"Kepler-1047 c"
6287313,"Kepler-1147 b"
9390653,"Kepler-504 b"
10874215,"Kepler-1820 b"
5438757,"Kepler-903 c"
9886661,"Kepler-905 b"
4157325,"Kepler-416 b"
10978763,"Kepler-339 d"
10864531,"Kepler-358 c"
5972334,"Kepler-487 d"
9072190,"Kepler-1018 b"
10190777,"Kepler-1019 b"
9839821,"Kepler-1052 b"
4833421,"Kepler-122 e"
9003401,"Kepler-1823 b"
5978559,"Kepler-1824 b"
3234598,"Kepler-383 c"
7626370,"Kepler-932 b"
7045496,"Kepler-1021 b"
9349482,"Kepler-1058 b"
6768394,"Kepler-60 c"
4370527,"Kepler-1128 b"
12120307,"Kepler-394 d"
12365184,"Kepler-419 b"
7815744,"Kepler-933 b"
6696580,"Kepler-359 d"
11308499,"Kepler-366 c"
12401863,"Kepler-1193 b"
12453581,"Kepler-1234 b"
8935810,"Kepler-1747 b"
9269281,"Kepler-1748 b"
4770365,"Kepler-1669 d"
9895006,"Kepler-936 b"
8978528,"Kepler-329 c"
7747425,"Kepler-341 d"
7918992,"Kepler-1091 b"
8681734,"Kepler-1198 b"
5219234,"Kepler-305 d"
9529744,"Kepler-320 b"
7761918,"Kepler-1769 b"
3098810,"Kepler-1773 b"
3120355,"Kepler-1094 b"
11295426,"Kepler-68 c"
7778767,"Kepler-1267 b"
9150827,"Kepler-1749 b"
9391506,"Kepler-838 b"
7898352,"Kepler-302 b"
9589323,"Kepler-861 b"
6803202,"Kepler-1711 b"
9726659,"Kepler-862 b"
7132798,"Kepler-119 b"
10854546,"Kepler-1099 b"
8591173,"Kepler-1804 b"
6200235,"Kepler-1205 b"
8013439,"Kepler-381 c"
9011825,"Kepler-1269 b"
4915638,"Kepler-1291 b"
11465950,"Kepler-1862 b"
3656121,"Kepler-146 b"
6021275,"Kepler-132 d"
12206313,"Kepler-401 b"
5209845,"Kepler-1378 b"
3328080,"Kepler-1898 b"
6153407,"Kepler-1911 b"
9837661,"Kepler-1321 d"
6063220,"Kepler-99 b"
9447166,"Kepler-1459 b"
8644365,"Kepler-1485 b"
9995771,"Kepler-1509 b"
6198182,"Kepler-1864 b"
6880517,"Kepler-1462 b"
7742408,"Kepler-1697 b"
11518142,"Kepler-1519 b"
4673628,"Kepler-1935 b"
6933567,"Kepler-1301 b"
7673192,"Kepler-402 d"
7605093,"Kepler-1356 b"
12785320,"Kepler-515 b"
3632089,"Kepler-1464 c"
12735830,"Kepler-1465 b"
8263545,"Kepler-1878 b"
12352520,"Kepler-1904 b"
7582689,"Kepler-431 d"
9527334,"Kepler-461 b"
8554701,"Kepler-1466 b"
10795103,"Kepler-1515 b"
8686373,"Kepler-1936 b"
5906694,"Kepler-1938 b"
6436029,"Kepler-1359 b"
10905239,"Kepler-101 c"
12405333,"Kepler-1409 b"
5965819,"Kepler-1468 c"
8494410,"Kepler-1516 b"
9280239,"Kepler-1536 b"
5562090,"Kepler-1309 b"
9244508,"Kepler-1360 b"
5780930,"Kepler-1492 b"
8036287,"Kepler-1537 b"
5881813,"Kepler-1333 b"
11714231,"Kepler-1431 b"
6586746,"Kepler-1335 b"
8733898,"Kepler-446 c"
9716391,"Kepler-1413 b"
6929841,"Kepler-1414 b"
6291837,"Kepler-1715 b"
6265792,"Kepler-1338 b"
10591855,"Kepler-1367 b"
7749773,"Kepler-1882 b"
9117416,"Kepler-1921 b"
10363115,"Kepler-1929 b"
11241912,"Kepler-1473 b"
5784777,"Kepler-1529 b"
7050989,"Kepler-136 b"
3353050,"Kepler-541 b"
6606438,"Kepler-1883 b"
7534267,"Kepler-1441 b"
8081239,"Kepler-1476 b"
11074541,"Kepler-531 b"
10788461,"Kepler-1530 c"
7769819,"Kepler-1342 b"
12164564,"Kepler-1343 b"
7216284,"Kepler-1420 b"
11244682,"Kepler-1699 b"
5088400,"Kepler-1556 b"
5871985,"Kepler-1318 b"
5695396,"Kepler-131 c"
11455428,"Kepler-1480 b"
8780959,"Kepler-1518 c"
11624249,"Kepler-536 b"
9956082,"Kepler-1557 b"
5175986,"Kepler-1320 b"
8885643,"Kepler-1346 b"
7019524,"Kepler-1376 b"
8417078,"Kepler-1619 b"
12404305,"Kepler-573 b"
10525049,"Kepler-1948 b"
4381429,"Kepler-1608 b"
6184894,"Kepler-1627 b"
5640085,"Kepler-159 c"
10407482,"Kepler-1577 b"
5351250,"Kepler-150 b"
10460984,"Kepler-164 c"
12834874,"Kepler-574 b"
9883606,"Kepler-1598 b"
9478990,"Kepler-39 b"
7440748,"Kepler-161 c"
2557816,"Kepler-575 b"
7778621,"Kepler-1967 b"
10460984,"Kepler-164 d"
5444548,"Kepler-545 b"
8745553,"Kepler-1633 b"
9583881,"Kepler-562 b"
11284772,"Kepler-441 b"
3745690,"Kepler-157 d"
5868793,"Kepler-1582 b"
5003670,"Kepler-1962 b"
7908367,"Kepler-1642 b"
12505503,"Kepler-1563 b"
7731281,"Kepler-1628 b"
10187017,"Kepler-102 c"
5689351,"Kepler-169 e"
5095082,"Kepler-1951 b"
11718389,"Kepler-1956 b"
10329196,"Kepler-1605 b"
5371777,"Kepler-1589 b"
11650401,"Kepler-1614 b"
3217264,"Kepler-149 b"
9115800,"Kepler-548 b"
8105398,"Kepler-1632 b"
8459663,"Kepler-1593 b"
5774349,"Kepler-599 b"
10388286,"Kepler-617 b"
10965008,"Kepler-591 b"
5978361,"Kepler-1722 b"
7350067,"Kepler-1646 b"
6665695,"Kepler-601 b"
4832837,"Kepler-621 b"
8806123,"Kepler-177 b"
12116489,"Kepler-595 b"
10656823,"Kepler-195 b"
5686174,"Kepler-622 b"
6266741,"Kepler-170 c"
11656721,"Kepler-594 b"
6786037,"Kepler-603 b"
4478168,"Kepler-624 b"
9958962,"Kepler-616 c"
4563268,"Kepler-625 c"
4742414,"Kepler-628 b"
10736489,"Kepler-1974 b"
6462863,"Kepler-89 d"
5020319,"Kepler-1725 b"
8625925,"Kepler-609 b"
9279669,"Kepler-612 b"
9597345,"Kepler-218 c"
9597345,"Kepler-218 b"
6020753,"Kepler-202 b"
9884104,"Kepler-219 b"
6347299,"Kepler-204 c"
7277317,"Kepler-643 b"
7509886,"Kepler-211 c"
7529266,"Kepler-435 b"
4914423,"Kepler-103 c"
6678383,"Kepler-104 b"
10854555,"Kepler-664 b"
5436502,"Kepler-238 c"
5436502,"Kepler-238 b"
8039892,"Kepler-719 b"
8561063,"Kepler-42 c"
5880320,"Kepler-758 d"
10538176,"Kepler-284 b"
10730034,"Kepler-285 c"
4072526,"Kepler-819 b"
4155328,"Kepler-820 b"
10271806,"Kepler-224 b"
5531576,"Kepler-240 c"
9818381,"Kepler-43 b"
8222813,"Kepler-760 c"
3442055,"Kepler-795 b"
4043190,"Kepler-796 b"
8972058,"Kepler-115 c"
4282872,"Kepler-818 b"
4455231,"Kepler-288 b"
10340423,"Kepler-225 c"
10358759,"Kepler-29 b"
11304958,"Kepler-667 b"
8247638,"Kepler-251 d"
8359498,"Kepler-77 b"
6383821,"Kepler-797 b"
1718189,"Kepler-262 c"
6690082,"Kepler-280 b"
11960862,"Kepler-677 b"
1865042,"Kepler-746 b"
10354039,"Kepler-1737 b"
10330115,"Kepler-781 b"
9141746,"Kepler-730 c"
10141900,"Kepler-763 c"
10528068,"Kepler-782 b"
10337517,"Kepler-783 b"
6949607,"Kepler-28 c"
9334289,"Kepler-254 c"
9347899,"Kepler-31 d"
8125580,"Kepler-749 b"
5812701,"Kepler-448 b"
7287995,"Kepler-81 d"
7303253,"Kepler-711 b"
8559644,"Kepler-111 c"
3231341,"Kepler-24 c"
6541920,"Kepler-11 e"
8547140,"Kepler-801 b"
4139816,"Kepler-235 e"
7366258,"Kepler-82 d"
7373451,"Kepler-712 c"
2574338,"Kepler-1733 b"
2584163,"Kepler-754 b"
3240158,"Kepler-769 b"
6541920,"Kepler-11 f"
7434875,"Kepler-247 d"
9605514,"Kepler-1666 b"
9710326,"Kepler-737 b"
2837111,"Kepler-771 b"
8609450,"Kepler-282 d"
8628758,"Kepler-804 b"
4725681,"Kepler-236 b"
3348082,"Kepler-274 b"
8742590,"Kepler-1742 b"
7685981,"Kepler-717 b"
3962243,"Kepler-276 c"
10797460,"Kepler-227 b"
5358241,"Kepler-53 c"
11449844,"Kepler-468 b"
8561063,"Kepler-42 b"
3732821,"Kepler-790 b"
8832512,"Kepler-963 b"
8107225,"Kepler-499 b"
7207061,"Kepler-417 c"
10489206,"Kepler-125 b"
12256520,"Kepler-1166 b"
9209624,"Kepler-387 c"
9636135,"Kepler-864 c"
7841925,"Kepler-865 c"
11337141,"Kepler-1761 b"
11337833,"Kepler-921 b"
5695524,"Kepler-1774 b"
9650808,"Kepler-344 c"
10480915,"Kepler-1785 b"
9532052,"Kepler-67 b"
4650674,"Kepler-824 b"
10028792,"Kepler-87 c"
6786348,"Kepler-947 b"
3326377,"Kepler-967 c"
8591693,"Kepler-1796 b"
11401767,"Kepler-372 c"
3342794,"Kepler-376 c"
9696358,"Kepler-1274 b"
7690844,"Kepler-871 b"
11601584,"Kepler-324 d"
11601584,"Kepler-324 e"
7094486,"Kepler-1009 b"
3642741,"Kepler-503 b"
9364290,"Kepler-382 c"
3102384,"Kepler-454 b"
5374403,"Kepler-1277 b"
7303287,"Kepler-289 e"
11014932,"Kepler-299 c"
9663113,"Kepler-458 b"
9941066,"Kepler-898 b"
5470739,"Kepler-899 b"
10022908,"Kepler-900 b"
11853878,"Kepler-968 d"
10130039,"Kepler-334 d"
9904006,"Kepler-361 c"
9945370,"Kepler-1175 b"
3867615,"Kepler-379 b"
12454461,"Kepler-1248 b"
7376983,"Kepler-1987 e"
11288505,"Kepler-846 b"
11037335,"Kepler-300 b"
5301750,"Kepler-84 f"
8426567,"Kepler-1013 b"
8233702,"Kepler-1116 b"
5364071,"Kepler-49 d"
4142847,"Kepler-1143 c"
8410415,"Kepler-1817 b"
6149910,"Kepler-1840 b"
7102227,"Kepler-290 d"
6936909,"Kepler-291 b"
11389771,"Kepler-301 c"
10028140,"Kepler-1757 b"
9101496,"Kepler-335 c"
6037581,"Kepler-336 c"
7449541,"Kepler-1078 b"
10289119,"Kepler-1219 b"
2441495,"Kepler-479 b"
8692861,"Kepler-69 c"
11764462,"Kepler-884 b"
10004738,"Kepler-310 c"
9909735,"Kepler-318 b"
4249725,"Kepler-120 c"
7532973,"Kepler-854 b"
11551692,"Kepler-411 b"
10464050,"Kepler-981 b"
9763348,"Kepler-982 b"
8804397,"Kepler-983 b"
10857519,"Kepler-1084 b"
10253547,"Kepler-364 c"
4349452,"Kepler-25 b"
5794240,"Kepler-45 b"
3749978,"Kepler-1183 b"
11125613,"Kepler-1254 c"
11402995,"Kepler-481 b"
9643874,"Kepler-856 b"
2975770,"Kepler-951 b"
4247991,"Kepler-1185 b"
10024051,"Kepler-1228 b"
9229657,"Kepler-1257 b"
10028535,"Kepler-1259 b"
7220429,"Kepler-931 b"
10019708,"Kepler-490 b"
7286173,"Kepler-986 b"
4056616,"Kepler-1053 b"
9205938,"Kepler-1126 c"
11495458,"Kepler-1190 b"
8611832,"Kepler-384 b"
5621586,"Kepler-1836 b"
5959719,"Kepler-390 b"
8004903,"Kepler-1286 b"
7703955,"Kepler-315 b"
4149450,"Kepler-1772 b"
8750043,"Kepler-1055 b"
6226290,"Kepler-1057 b"
6768394,"Kepler-60 b"
9757613,"Kepler-26 c"
9336200,"Kepler-1153 b"
6343170,"Kepler-1230 b"
4770365,"Kepler-1669 b"
5371776,"Kepler-304 c"
7955580,"Kepler-934 b"
5088591,"Kepler-955 b"
10723750,"Kepler-117 b"
2438513,"Kepler-1777 b"
8564674,"Kepler-349 c"
4636578,"Kepler-350 c"
9006186,"Kepler-1130 b"
9006186,"Kepler-1130 c"
11360805,"Kepler-1232 b"
9845898,"Kepler-1233 b"
10068659,"Kepler-1287 b"
11401755,"Kepler-36 c"
12406749,"Kepler-1752 b"
6543893,"Kepler-913 c"
9967771,"Kepler-990 c"
7747425,"Kepler-341 b"
11923284,"Kepler-1061 b"
7102316,"Kepler-351 c"
8505920,"Kepler-1090 c"
9757613,"Kepler-26 d"
8099138,"Kepler-1196 b"
9034103,"Kepler-832 b"
9264949,"Kepler-835 b"
5219234,"Kepler-305 b"
10213902,"Kepler-940 b"
9489524,"Kepler-352 b"
6105462,"Kepler-1093 c"
9022166,"Kepler-368 c"
8959839,"Kepler-1159 b"
8561231,"Kepler-1202 b"
8025596,"Kepler-1290 b"
5438099,"Kepler-306 e"
10686864,"Kepler-917 b"
9872283,"Kepler-960 b"
10063802,"Kepler-1000 b"
5959753,"Kepler-496 b"
9836149,"Kepler-66 b"
10670119,"Kepler-369 c"
5174858,"Kepler-1852 b"
11517719,"Kepler-840 b"
6497146,"Kepler-438 b"
5272233,"Kepler-400 c"
3323887,"Kepler-9 b"
12206313,"Kepler-401 d"
6129524,"Kepler-1379 b"
7603200,"Kepler-138 c"
11194032,"Kepler-533 b"
7673192,"Kepler-402 c"
5520547,"Kepler-1401 b"
5213230,"Kepler-1923 b"
12021625,"Kepler-1404 b"
12406807,"Kepler-1903 b"
9881662,"Kepler-140 c"
4150804,"Kepler-1513 b"
11963206,"Kepler-1357 b"
3852655,"Kepler-1406 b"
6103377,"Kepler-1407 b"
3561464,"Kepler-1487 c"
10881457,"Kepler-1510 b"
4472818,"Kepler-1524 b"
6226908,"Kepler-1546 b"
9070666,"Kepler-1408 b"
8753657,"Kepler-406 b"
5965819,"Kepler-1468 b"
11554435,"Kepler-63 b"
12404954,"Kepler-537 b"
6196457,"Kepler-92 b"
8895758,"Kepler-1427 b"
7517261,"Kepler-1511 b"
10982872,"Kepler-142 c"
11442793,"Kepler-90 h"
5436338,"Kepler-1880 b"
3728432,"Kepler-1526 b"
8022489,"Kepler-1311 b"
6196457,"Kepler-92 c"
8733898,"Kepler-446 b"
8733898,"Kepler-446 d"
10922659,"Kepler-1916 b"
9480535,"Kepler-1527 b"
6471021,"Kepler-539 b"
8751796,"Kepler-1435 b"
5773121,"Kepler-1932 b"
6878240,"Kepler-397 c"
7826659,"Kepler-1868 b"
6964929,"Kepler-1340 b"
8738775,"Kepler-1498 b"
11568987,"Kepler-534 b"
8934103,"Kepler-1538 b"
8892303,"Kepler-1314 b"
6345732,"Kepler-1370 c"
6356692,"Kepler-1888 b"
5978170,"Kepler-1910 b"
11568987,"Kepler-534 c"
5185897,"Kepler-398 b"
5185897,"Kepler-398 c"
11547513,"Kepler-134 b"
7091432,"Kepler-1477 b"
3559860,"Kepler-1980 b"
8884274,"Kepler-1374 b"
8801316,"Kepler-1394 b"
3234843,"Kepler-405 b"
10471515,"Kepler-1395 b"
8760040,"Kepler-1396 b"
10098844,"Kepler-1397 b"
6278762,"Kepler-444 c"
6278762,"Kepler-444 d"
5480640,"Kepler-399 c"
11127479,"Kepler-1349 b"
6029239,"Kepler-518 b"
10989274,"Kepler-1645 b"
5689351,"Kepler-169 d"
11709124,"Kepler-154 e"
10026502,"Kepler-1620 b"
11709124,"Kepler-154 c"
6937529,"Kepler-1597 b"
3745690,"Kepler-157 c"
3645438,"Kepler-1600 b"
9100953,"Kepler-1610 b"
4078311,"Kepler-1944 b"
6026924,"Kepler-1580 b"
9100953,"Kepler-1610 c"
9021075,"Kepler-1968 b"
6221385,"Kepler-1641 b"
11671579,"Kepler-1611 b"
9701962,"Kepler-1617 b"
10460984,"Kepler-164 e"
3833007,"Kepler-555 b"
5340644,"Kepler-580 b"
6879171,"Kepler-1947 b"
5308537,"Kepler-1955 b"
4760478,"Kepler-1625 b"
7908367,"Kepler-1642 c"
3239945,"Kepler-167 e"
9897364,"Kepler-1562 b"
5340878,"Kepler-1566 b"
10604592,"Kepler-1957 b"
7429240,"Kepler-1606 b"
8845205,"Kepler-560 b"
10934674,"Kepler-567 b"
10123064,"Kepler-565 b"
8355239,"Kepler-189 c"
8822216,"Kepler-610 b"
8017703,"Kepler-174 b"
10873260,"Kepler-590 b"
8120608,"Kepler-186 c"
6422155,"Kepler-172 d"
12459913,"Kepler-620 b"
8017703,"Kepler-174 d"
9020160,"Kepler-191 c"
6451936,"Kepler-173 c"
10266615,"Kepler-587 b"
11090765,"Kepler-593 b"
10600261,"Kepler-194 d"
8120608,"Kepler-186 f"
6462863,"Kepler-89 b"
8934495,"Kepler-1721 b"
8037145,"Kepler-176 c"
8873450,"Kepler-1975 b"
10513530,"Kepler-589 b"
8193178,"Kepler-187 b"
10513530,"Kepler-589 c"
8344004,"Kepler-188 c"
4827723,"Kepler-629 b"
4841374,"Kepler-630 b"
6462863,"Kepler-89 e"
8456679,"Kepler-1990 b"
9597345,"Kepler-218 d"
5786676,"Kepler-1665 b"
9873254,"Kepler-653 b"
6062088,"Kepler-203 b"
9884104,"Kepler-219 c"
9950612,"Kepler-220 c"
6347299,"Kepler-204 b"
9963524,"Kepler-221 e"
6425957,"Kepler-205 b"
10002866,"Kepler-222 b"
6685609,"Kepler-207 b"
10227020,"Kepler-223 c"
10227020,"Kepler-223 b"
7447200,"Kepler-210 c"
7447200,"Kepler-210 b"
7764367,"Kepler-644 b"
8161561,"Kepler-645 b"
8805348,"Kepler-649 b"
8962094,"Kepler-215 d"
9002278,"Kepler-62 b"
9002278,"Kepler-62 c"
5436502,"Kepler-238 d"
5436502,"Kepler-238 f"
9471974,"Kepler-108 b"
6362874,"Kepler-775 b"
3660924,"Kepler-793 b"
8030148,"Kepler-474 b"
10271806,"Kepler-224 c"
10358759,"Kepler-29 c"
10386984,"Kepler-658 b"
10987985,"Kepler-665 b"
5651104,"Kepler-695 b"
3640905,"Kepler-278 b"
4455231,"Kepler-288 c"
4243911,"Kepler-821 b"
10984090,"Kepler-466 c"
10526549,"Kepler-660 b"
9471974,"Kepler-108 c"
8247638,"Kepler-251 b"
6191521,"Kepler-700 b"
8414716,"Kepler-721 b"
8490993,"Kepler-722 b"
8490993,"Kepler-722 c"
7295235,"Kepler-743 b"
8351704,"Kepler-779 b"
8672910,"Kepler-725 b"
8240904,"Kepler-266 b"
8280511,"Kepler-271 d"
6587280,"Kepler-243 c"
4180280,"Kepler-472 b"
6448890,"Kepler-56 b"
6849310,"Kepler-244 d"
1871056,"Kepler-264 c"
8394721,"Kepler-79 d"
12470844,"Kepler-233 c"
12644822,"Kepler-682 b"
8349582,"Kepler-95 b"
9166862,"Kepler-731 b"
1725016,"Kepler-748 b"
10157458,"Kepler-764 b"
6948054,"Kepler-245 d"
5094751,"Kepler-109 b"
9334289,"Kepler-254 d"
6541920,"Kepler-11 d"
7109675,"Kepler-46 b"
7134976,"Kepler-246 c"
2721030,"Kepler-766 b"
3749365,"Kepler-785 b"
8612847,"Kepler-800 b"
3832474,"Kepler-30 d"
3940418,"Kepler-1728 b"
9513865,"Kepler-736 b"
8394721,"Kepler-79 e"
8804283,"Kepler-1991 b"
4664847,"Kepler-690 b"
7434875,"Kepler-247 c"
7455287,"Kepler-54 c"
7455287,"Kepler-54 d"
9605514,"Kepler-1666 c"
8609450,"Kepler-282 b"
5021899,"Kepler-692 b"
10874614,"Kepler-6 b"
5252423,"Kepler-237 c"
6131236,"Kepler-1734 b"
3116412,"Kepler-772 b"
7870390,"Kepler-83 c"
3749134,"Kepler-792 b"
6604328,"Kepler-945 b"
11499228,"Kepler-1103 b"
5706595,"Kepler-370 b"
8611781,"Kepler-1135 b"
5514383,"Kepler-506 b"
9635606,"Kepler-1853 b"
8429314,"Kepler-1294 b"
10028792,"Kepler-87 b"
4263293,"Kepler-331 c"
9650808,"Kepler-344 b"
4055304,"Kepler-1107 b"
8495415,"Kepler-1208 b"
11560897,"Kepler-430 b"
12024120,"Kepler-507 b"
4275721,"Kepler-825 b"
11547505,"Kepler-922 b"
7047922,"Kepler-1006 b"
9353314,"Kepler-1007 b"
7289577,"Kepler-1780 b"
3548044,"Kepler-371 c"
11342416,"Kepler-1209 b"
11122894,"Kepler-297 d"
11129738,"Kepler-844 b"
11401182,"Kepler-845 b"
11030711,"Kepler-1750 b"
11176127,"Kepler-298 b"
11601584,"Kepler-324 c"
9518318,"Kepler-346 b"
6751874,"Kepler-1174 b"
9364290,"Kepler-382 b"
7211141,"Kepler-827 b"
7871954,"Kepler-303 b"
12602568,"Kepler-897 b"
5706966,"Kepler-333 c"
8257205,"Kepler-1038 b"
9661979,"Kepler-1681 b"
9904006,"Kepler-361 b"
9992325,"Kepler-1140 b"
11389771,"Kepler-301 b"
11389771,"Kepler-301 d"
9818462,"Kepler-878 b"
12266636,"Kepler-879 b"
5301750,"Kepler-84 e"
5195172,"Kepler-1763 b"
9410930,"Kepler-41 b"
10657406,"Kepler-969 b"
4142847,"Kepler-1143 b"
11752906,"Kepler-2000 b"
8292840,"Kepler-126 b"
8380709,"Kepler-1249 b"
6936909,"Kepler-291 c"
9824805,"Kepler-881 b"
7765528,"Kepler-972 b"
6774880,"Kepler-1077 b"
10328458,"Kepler-1146 b"
9334893,"Kepler-1178 b"
3861595,"Kepler-1658 b"
6521045,"Kepler-100 d"
6962977,"Kepler-292 c"
7691260,"Kepler-882 b"
9821454,"Kepler-59 b"
4349452,"Kepler-25 c"
6021193,"Kepler-363 b"
5357545,"Kepler-1809 b"
10583761,"Kepler-1179 b"
4458082,"Kepler-1181 c"
4665571,"Kepler-1834 b"
6932987,"Kepler-293 c"
11656246,"Kepler-885 b"
7808587,"Kepler-886 b"
6616218,"Kepler-314 c"
9735426,"Kepler-979 b"
5511081,"Kepler-338 b"
11125613,"Kepler-1254 d"
10586004,"Kepler-129 b"
6766634,"Kepler-1746 b"
6152974,"Kepler-118 b"
5202905,"Kepler-340 c"
5631630,"Kepler-1051 b"
10010440,"Kepler-1184 b"
3219995,"Kepler-1187 b"
7304449,"Kepler-1650 b"
4157325,"Kepler-416 c"
9839821,"Kepler-1052 c"
3967326,"Kepler-1792 b"
11179076,"Kepler-1261 b"
8492026,"Kepler-1054 b"
6383785,"Kepler-501 c"
6041734,"Kepler-1129 b"
8478994,"Kepler-37 c"
8007644,"Kepler-1192 b"
8631504,"Kepler-1846 b"
6528464,"Kepler-449 c"
8883329,"Kepler-393 b"
12120307,"Kepler-394 b"
8230616,"Kepler-316 b"
4939346,"Kepler-328 c"
4636578,"Kepler-350 d"
6696580,"Kepler-359 c"
6696580,"Kepler-359 b"
11308499,"Kepler-366 b"
7802719,"Kepler-1157 b"
5534941,"Kepler-1827 b"
11121752,"Kepler-380 c"
5599774,"Kepler-1195 b"
8081899,"Kepler-1235 b"
9880190,"Kepler-1263 b"
12403119,"Kepler-858 b"
5371776,"Kepler-304 e"
9896558,"Kepler-937 b"
9896558,"Kepler-937 c"
6046540,"Kepler-74 b"
9529744,"Kepler-320 c"
4939346,"Kepler-328 b"
7102316,"Kepler-351 b"
8026752,"Kepler-502 b"
11410904,"Kepler-1131 b"
9451706,"Kepler-127 d"
7898352,"Kepler-302 c"
8685497,"Kepler-914 b"
8242434,"Kepler-942 b"
10454632,"Kepler-992 b"
8367644,"Kepler-993 b"
9892816,"Kepler-342 d"
9892816,"Kepler-342 c"
9489524,"Kepler-352 c"
9489524,"Kepler-352 d"
7620413,"Kepler-1098 b"
8261920,"Kepler-1802 b"
11968463,"Kepler-385 b"
5438099,"Kepler-306 c"
5438099,"Kepler-306 b"
9401997,"Kepler-916 b"
6849046,"Kepler-491 b"
3657758,"Kepler-1065 c"
10709622,"Kepler-1102 b"
7286911,"Kepler-1133 b"
5706595,"Kepler-370 c"
8126558,"Kepler-1815 b"
12505654,"Kepler-1829 b"
5339567,"Kepler-1240 b"
11074835,"Kepler-1270 b"
11821363,"Kepler-1754 b"
9636135,"Kepler-864 b"
5768816,"Kepler-1458 b"
9785921,"Kepler-1997 b"
6364582,"Kepler-1505 b"
6118370,"Kepler-1506 b"
2717158,"Kepler-1922 b"
11415243,"Kepler-1544 b"
5272233,"Kepler-400 b"
2715695,"Kepler-1899 b"
6779726,"Kepler-1918 b"
7175184,"Kepler-144 b"
12314973,"Kepler-450 c"
6021275,"Kepler-132 c"
9092504,"Kepler-1322 b"
10386922,"Kepler-511 b"
8430964,"Kepler-1900 b"
8684730,"Kepler-2004 b"
8030339,"Kepler-1534 b"
4914566,"Kepler-1300 b"
5184911,"Kepler-1324 b"
6587105,"Kepler-1325 b"
11135308,"Kepler-1352 b"
6937402,"Kepler-1380 b"
11244137,"Kepler-1402 b"
7175184,"Kepler-144 c"
3733628,"Kepler-543 b"
3969687,"Kepler-1382 b"
10878263,"Kepler-414 c"
3831053,"Kepler-1719 b"
10878263,"Kepler-414 b"
9025971,"Kepler-1657 b"
3440118,"Kepler-1928 b"
9893318,"Kepler-1307 b"
9886361,"Kepler-403 d"
5953297,"Kepler-1688 b"
3642335,"Kepler-1410 b"
5609593,"Kepler-1362 b"
2692377,"Kepler-98 b"
11572193,"Kepler-1428 b"
11618601,"Kepler-1894 c"
3629330,"Kepler-1495 b"
12557548,"Kepler-1520 b"
5794570,"Kepler-1312 b"
10122538,"Kepler-1388 e"
8008067,"Kepler-139 b"
9885417,"Kepler-1446 b"
9761615,"Kepler-1528 b"
7877978,"Kepler-1874 b"
5445681,"Kepler-1417 b"
9230021,"Kepler-1497 b"
7364176,"Kepler-1718 b"
5088536,"Kepler-130 d"
6345732,"Kepler-1370 b"
11259686,"Kepler-512 b"
10397751,"Kepler-1371 b"
10397751,"Kepler-1371 c"
12055539,"Kepler-1448 b"
12056139,"Kepler-1449 b"
9475552,"Kepler-1315 b"
5688790,"Kepler-1439 b"
4138951,"Kepler-1373 b"
7050989,"Kepler-136 c"
3120904,"Kepler-1452 b"
12066569,"Kepler-1455 b"
10587105,"Kepler-529 c"
8780959,"Kepler-1518 b"
4947556,"Kepler-1930 b"
8890783,"Kepler-561 b"
7133294,"Kepler-1607 b"
7440748,"Kepler-161 b"
4852528,"Kepler-80 e"
11444514,"Kepler-1596 b"
8890783,"Kepler-561 c"
8439323,"Kepler-1942 b"
9898017,"Kepler-1960 b"
4556468,"Kepler-1609 b"
11192998,"Kepler-166 b"
6508221,"Kepler-152 c"
7703882,"Kepler-1954 b"
10858832,"Kepler-552 b"
8773015,"Kepler-1586 b"
12302530,"Kepler-155 b"
4757437,"Kepler-168 b"
5461440,"Kepler-581 b"
5084171,"Kepler-1567 b"
7103919,"Kepler-1950 b"
10187017,"Kepler-102 e"
8653134,"Kepler-1643 b"
3239945,"Kepler-167 c"
10189546,"Kepler-549 b"
4633570,"Kepler-158 b"
9715631,"Kepler-1636 b"
5551240,"Kepler-1626 b"
10418224,"Kepler-40 b"
5689351,"Kepler-169 b"
8037038,"Kepler-1631 b"
5177859,"Kepler-1576 b"
5351250,"Kepler-150 e"
9570741,"Kepler-613 b"
6422155,"Kepler-172 c"
9631762,"Kepler-615 b"
8120608,"Kepler-186 d"
11073351,"Kepler-592 b"
8806123,"Kepler-177 c"
6451936,"Kepler-173 b"
8558011,"Kepler-607 c"
6838050,"Kepler-583 b"
10454313,"Kepler-588 b"
10656823,"Kepler-195 c"
6587002,"Kepler-196 c"
11669239,"Kepler-180 c"
7595157,"Kepler-605 c"
12068975,"Kepler-197 b"
3541946,"Kepler-198 b"
2571238,"Kepler-19 b"
11669239,"Kepler-180 b"
6786037,"Kepler-603 d"
8037145,"Kepler-176 d"
10843431,"Kepler-1999 b"
5113822,"Kepler-199 c"
9590976,"Kepler-217 d"
5966154,"Kepler-201 b"
9884104,"Kepler-219 d"
9950612,"Kepler-220 e"
9963524,"Kepler-221 d"
6442340,"Kepler-206 d"
10002866,"Kepler-222 d"
10984090,"Kepler-466 b"
7033671,"Kepler-641 b"
11250587,"Kepler-464 b"
8738735,"Kepler-214 c"
8962094,"Kepler-215 e"
9002278,"Kepler-62 d"
9458613,"Kepler-33 b"
10872983,"Kepler-228 d"
10872983,"Kepler-228 b"
5436502,"Kepler-238 e"
5897826,"Kepler-469 b"
5880320,"Kepler-758 e"
3939150,"Kepler-277 c"
10604335,"Kepler-283 b"
10864656,"Kepler-432 b"
10973814,"Kepler-287 b"
10964440,"Kepler-813 b"
4077526,"Kepler-58 d"
10601284,"Kepler-226 c"
10601284,"Kepler-226 b"
10910878,"Kepler-229 d"
11018648,"Kepler-230 c"
5456651,"Kepler-239 c"
8150320,"Kepler-55 c"
10973814,"Kepler-287 c"
10585852,"Kepler-815 b"
8107380,"Kepler-476 b"
4077526,"Kepler-58 e"
10265898,"Kepler-656 b"
10265898,"Kepler-656 c"
9579641,"Kepler-105 c"
11153539,"Kepler-666 b"
5792202,"Kepler-27 c"
8255887,"Kepler-720 b"
11414511,"Kepler-670 b"
6061119,"Kepler-699 b"
8544996,"Kepler-723 b"
8410727,"Kepler-270 c"
8280511,"Kepler-271 b"
8644288,"Kepler-18 d"
8240904,"Kepler-266 c"
6448890,"Kepler-56 c"
12066335,"Kepler-231 c"
12066335,"Kepler-231 b"
10166274,"Kepler-267 d"
6541920,"Kepler-11 c"
12366084,"Kepler-232 c"
8395660,"Kepler-106 d"
6863998,"Kepler-709 b"
11974540,"Kepler-470 b"
9347899,"Kepler-31 c"
7118364,"Kepler-710 b"
8678594,"Kepler-799 b"
3641726,"Kepler-1727 b"
9941662,"Kepler-13 b"
7373451,"Kepler-712 b"
9480189,"Kepler-257 d"
5735762,"Kepler-48 b"
8804283,"Kepler-1991 c"
4275191,"Kepler-688 b"
4725681,"Kepler-236 c"
7455287,"Kepler-54 b"
3554031,"Kepler-415 b"
10875245,"Kepler-107 d"
9766437,"Kepler-739 b"
3348082,"Kepler-274 c"
3447722,"Kepler-275 b"
7825899,"Kepler-248 c"
9825625,"Kepler-741 b"
5956342,"Kepler-265 c"
5956342,"Kepler-265 d"
5956656,"Kepler-756 b"
3447722,"Kepler-275 d"
10790387,"Kepler-807 b"
7907423,"Kepler-249 b"
9875711,"Kepler-742 b"
3438507,"Kepler-788 b"
10879038,"Kepler-918 b"
6869184,"Kepler-944 b"
8277797,"Kepler-322 b"
11074178,"Kepler-1001 b"
8680979,"Kepler-330 c"
11852982,"Kepler-1712 b"
1996180,"Kepler-1271 b"
3728701,"Kepler-1272 b"
11768142,"Kepler-1652 b"
6124512,"Kepler-1296 b"
11497958,"Kepler-296 f"
5031857,"Kepler-1755 b"
11673802,"Kepler-1004 b"
8804845,"Kepler-1067 b"
7207061,"Kepler-417 b"
10489206,"Kepler-125 c"
6183511,"Kepler-1855 b"
8676148,"Kepler-1273 b"
6851425,"Kepler-477 b"
12254792,"Kepler-869 b"
10904857,"Kepler-488 b"
6468138,"Kepler-965 b"
11253711,"Kepler-1031 b"
8543100,"Kepler-1033 b"
9415108,"Kepler-1108 b"
4262581,"Kepler-1109 b"
5364071,"Kepler-49 b"
11601584,"Kepler-324 b"
11709244,"Kepler-325 c"
9649706,"Kepler-1072 b"
7265298,"Kepler-355 b"
9351920,"Kepler-1111 b"
11705004,"Kepler-1806 b"
10909127,"Kepler-1138 b"
9221517,"Kepler-1173 b"
7375348,"Kepler-508 b"
5357901,"Kepler-425 b"
11853878,"Kepler-968 c"
5706966,"Kepler-333 b"
10130039,"Kepler-334 c"
10094670,"Kepler-1677 b"
8257205,"Kepler-1038 c"
3128552,"Kepler-1073 d"
8219268,"Kepler-91 b"
8973129,"Kepler-1176 b"
10813132,"Kepler-1215 b"
7376983,"Kepler-1987 b"
6946199,"Kepler-1744 b"
7663405,"Kepler-876 b"
9765975,"Kepler-877 b"
5301750,"Kepler-84 d"
11391018,"Kepler-486 b"
9471268,"Kepler-326 d"
10779233,"Kepler-1040 b"
12254378,"Kepler-1217 b"
7779077,"Kepler-1770 b"
8218379,"Kepler-1014 b"
11403339,"Kepler-1117 b"
6521045,"Kepler-100 c"
8494617,"Kepler-1218 b"
8292840,"Kepler-126 d"
11032227,"Kepler-850 b"
9909735,"Kepler-318 c"
3338885,"Kepler-975 b"
6776401,"Kepler-977 b"
9411166,"Kepler-1016 b"
6061773,"Kepler-1783 b"
9304101,"Kepler-1079 b"
10617017,"Kepler-1121 b"
3229150,"Kepler-1979 b"
5963582,"Kepler-1843 b"
7287415,"Kepler-1745 b"
12159249,"Kepler-889 b"
5474613,"Kepler-1659 c"
5474613,"Kepler-1659 b"
5438757,"Kepler-903 b"
6198999,"Kepler-928 b"
9955598,"Kepler-409 b"
10136549,"Kepler-337 b"
9641481,"Kepler-1122 b"
8481129,"Kepler-1223 b"
4860678,"Kepler-1758 b"
6803855,"Kepler-930 b"
5864975,"Kepler-950 b"
10978763,"Kepler-339 c"
10600955,"Kepler-1151 b"
11718144,"Kepler-1821 b"
12120484,"Kepler-1226 b"
7673841,"Kepler-392 c"
5546691,"Kepler-1283 b"
11512246,"Kepler-23 c"
10055126,"Kepler-311 b"
10723750,"Kepler-117 c"
4157325,"Kepler-416 d"
11126381,"Kepler-1673 b"
5202905,"Kepler-340 b"
9757613,"Kepler-26 b"
5383248,"Kepler-96 b"
10468885,"Kepler-1284 b"
4278221,"Kepler-908 b"
9520838,"Kepler-987 b"
2832589,"Kepler-1978 b"
7810483,"Kepler-1676 b"
9973109,"Kepler-1056 b"
6922710,"Kepler-1088 b"
5125347,"Kepler-1812 b"
8883329,"Kepler-393 c"
11133306,"Kepler-509 b"
10187159,"Kepler-989 b"
4544907,"Kepler-1060 b"
11121752,"Kepler-380 b"
2990873,"Kepler-1194 b"
6543893,"Kepler-913 b"
9838949,"Kepler-935 b"
4644952,"Kepler-319 d"
8978528,"Kepler-329 b"
6305192,"Kepler-494 b"
8505920,"Kepler-1090 b"
4173026,"Kepler-1801 c"
7033233,"Kepler-1197 b"
8947520,"Kepler-1264 b"
8240797,"Kepler-321 c"
2985767,"Kepler-1063 b"
9411412,"Kepler-1096 b"
7008211,"Kepler-1097 b"
10965588,"Kepler-1132 b"
6206214,"Kepler-1158 b"
5629538,"Kepler-1201 b"
8235924,"Kepler-1203 b"
11968463,"Kepler-385 d"
5807769,"Kepler-1289 b"
12019440,"Kepler-485 b"
5621125,"Kepler-959 b"
9549648,"Kepler-999 b"
8491277,"Kepler-498 b"
10670119,"Kepler-369 b"
11811193,"Kepler-1163 b"
8570333,"Kepler-1237 b"
8463346,"Kepler-436 c"
7629518,"Kepler-863 b"
12784167,"Kepler-1522 b"
12206313,"Kepler-401 c"
7419318,"Kepler-137 b"
4735826,"Kepler-1972 b"
2995392,"Kepler-1484 b"
5905822,"Kepler-1876 b"
1995519,"Kepler-1299 b"
2442448,"Kepler-1354 b"
6071903,"Kepler-519 b"
6842682,"Kepler-1303 b"
4141376,"Kepler-1655 b"
12008872,"Kepler-1327 b"
6716545,"Kepler-1383 b"
9650989,"Kepler-1905 b"
7455981,"Kepler-1425 b"
7983117,"Kepler-1988 b"
10018233,"Kepler-1306 b"
7659389,"Kepler-1872 b"
11189311,"Kepler-1442 b"
11754430,"Kepler-1488 c"
7131760,"Kepler-1490 b"
8231667,"Kepler-1926 b"
6755944,"Kepler-1547 b"
3426367,"Kepler-1308 b"
4143755,"Kepler-510 b"
6289257,"Kepler-520 c"
3756264,"Kepler-1906 b"
8424002,"Kepler-1512 b"
5437945,"Kepler-460 b"
5513012,"Kepler-1310 b"
8095441,"Kepler-1332 b"
11414465,"Kepler-1363 b"
11565924,"Kepler-1364 b"
6607357,"Kepler-1365 b"
7676423,"Kepler-1430 b"
3433668,"Kepler-1493 b"
11075737,"Kepler-97 b"
11137180,"Kepler-1895 b"
6587796,"Kepler-1444 b"
3745559,"Kepler-1920 b"
3103227,"Kepler-1550 b"
6196457,"Kepler-92 d"
3642289,"Kepler-135 b"
9027909,"Kepler-1496 b"
6697605,"Kepler-1985 b"
10252275,"Kepler-1907 b"
4385148,"Kepler-1886 b"
9714550,"Kepler-1695 b"
8008067,"Kepler-139 d"
12156174,"Kepler-1447 b"
4645174,"Kepler-1500 b"
3955817,"Kepler-1553 b"
5185897,"Kepler-398 d"
10908248,"Kepler-1440 b"
6368230,"Kepler-1478 b"
10587105,"Kepler-529 b"
10714072,"Kepler-1541 b"
6349881,"Kepler-1554 b"
6619815,"Kepler-1696 b"
4815520,"Kepler-1656 b"
9730163,"Kepler-445 c"
9730163,"Kepler-445 b"
11453592,"Kepler-1319 b"
10793172,"Kepler-1693 c"
5966322,"Kepler-517 b"
4857058,"Kepler-1983 b"
10290666,"Kepler-526 b"
7269974,"Kepler-160 b"
11465651,"Kepler-1941 b"
3217264,"Kepler-149 c"
5629353,"Kepler-1640 b"
10220837,"Kepler-1963 b"
8891684,"Kepler-1634 b"
6850504,"Kepler-20 d"
10843590,"Kepler-153 c"
11513486,"Kepler-1969 b"
4454752,"Kepler-578 b"
2831055,"Kepler-1601 b"
11519187,"Kepler-1964 b"
11853905,"Kepler-4 b"
10577994,"Kepler-165 b"
9946525,"Kepler-148 b"
10187017,"Kepler-102 f"
2857607,"Kepler-1965 b"
4852528,"Kepler-80 b"
9183378,"Kepler-1571 b"
1873513,"Kepler-1624 b"
9872831,"Kepler-1572 b"
8087812,"Kepler-1952 b"
11611275,"Kepler-1574 b"
6761777,"Kepler-1615 b"
5689351,"Kepler-169 f"
9607164,"Kepler-614 b"
6422155,"Kepler-172 e"
7445445,"Kepler-184 b"
8120608,"Kepler-186 b"
10600261,"Kepler-194 b"
8022244,"Kepler-175 b"
9020160,"Kepler-191 b"
9076513,"Kepler-611 b"
5780885,"Kepler-7 b"
12116489,"Kepler-595 c"
11773022,"Kepler-51 d"
11773022,"Kepler-51 c"
8616637,"Kepler-190 b"
9146018,"Kepler-192 c"
10264660,"Kepler-14 b"
6381846,"Kepler-171 c"
8037145,"Kepler-176 b"
5866724,"Kepler-65 c"
5866724,"Kepler-65 b"
5709725,"Kepler-598 b"
8008206,"Kepler-185 c"
9146018,"Kepler-192 d"
6381846,"Kepler-171 d"
8008206,"Kepler-185 b"
8344004,"Kepler-188 b"
5121511,"Kepler-632 b"
5941160,"Kepler-200 b"
5941160,"Kepler-200 c"
10227020,"Kepler-223 e"
6922244,"Kepler-8 b"
7115785,"Kepler-209 c"
4914423,"Kepler-103 b"
8480285,"Kepler-647 c"
8962094,"Kepler-215 b"
9002278,"Kepler-62 f"
9458613,"Kepler-33 f"
5613330,"Kepler-635 b"
8561063,"Kepler-42 d"
6359320,"Kepler-269 b"
10854768,"Kepler-812 b"
10601284,"Kepler-226 d"
11018648,"Kepler-230 b"
8150320,"Kepler-55 b"
10925104,"Kepler-114 c"
10858691,"Kepler-286 b"
4466677,"Kepler-822 b"
4135665,"Kepler-823 b"
11446443,"Kepler-1 b"
10666592,"Kepler-2 b"
11391957,"Kepler-668 b"
11403044,"Kepler-669 b"
3632418,"Kepler-21 b"
7626506,"Kepler-112 b"
11460018,"Kepler-671 b"
5794379,"Kepler-241 c"
1161345,"Kepler-1973 b"
2854698,"Kepler-260 b"
2854698,"Kepler-260 c"
7626506,"Kepler-112 c"
10925104,"Kepler-114 b"
11754553,"Kepler-52 b"
6428700,"Kepler-242 b"
10154388,"Kepler-744 b"
1432789,"Kepler-745 b"
8410727,"Kepler-270 b"
6677841,"Kepler-279 c"
11923270,"Kepler-676 b"
6435936,"Kepler-705 b"
8229696,"Kepler-761 b"
10272640,"Kepler-762 b"
9077124,"Kepler-729 b"
10426656,"Kepler-272 c"
12404086,"Kepler-681 b"
2713049,"Kepler-683 b"
6948054,"Kepler-245 c"
9334289,"Kepler-254 b"
8158127,"Kepler-750 b"
7109675,"Kepler-46 d"
9388479,"Kepler-732 c"
8174625,"Kepler-751 b"
10875245,"Kepler-107 c"
9466668,"Kepler-256 b"
2715135,"Kepler-753 b"
4049131,"Kepler-687 b"
10875245,"Kepler-107 b"
11086270,"Kepler-110 b"
7678434,"Kepler-716 b"
9787239,"Kepler-32 c"
8700771,"Kepler-806 b"
5164255,"Kepler-693 b"
3114811,"Kepler-774 b"
4061149,"Kepler-1741 b"
6541920,"Kepler-11 b"
10682541,"Kepler-663 b"
5358624,"Kepler-428 b"
7870390,"Kepler-83 d"
3962357,"Kepler-791 b"
7870032,"Kepler-961 b"
8680979,"Kepler-330 b"
8689793,"Kepler-1003 b"
8613535,"Kepler-1165 b"
10489345,"Kepler-1167 b"
11461844,"Kepler-1207 b"
9451706,"Kepler-127 b"
9153570,"Kepler-1295 b"
11497958,"Kepler-296 c"
8197343,"Kepler-946 b"
5124667,"Kepler-1672 b"
2989404,"Kepler-323 b"
10329469,"Kepler-1168 b"
12306058,"Kepler-391 c"
4136466,"Kepler-826 b"
7831264,"Kepler-116 b"
6026438,"Kepler-354 c"
4857213,"Kepler-1680 b"
7960980,"Kepler-1170 b"
3458028,"Kepler-1171 b"
3661886,"Kepler-377 c"
7289317,"Kepler-1243 b"
12020218,"Kepler-870 b"
11709244,"Kepler-325 d"
10153855,"Kepler-1037 b"
11075429,"Kepler-1137 b"
3661886,"Kepler-377 b"
11824786,"Kepler-1212 b"
5350244,"Kepler-1276 b"
11014932,"Kepler-299 d"
11014932,"Kepler-299 e"
5183357,"Kepler-924 b"
3967760,"Kepler-317 b"
6862721,"Kepler-1781 b"
2307415,"Kepler-356 b"
3128552,"Kepler-1073 b"
3128552,"Kepler-1073 c"
4144576,"Kepler-1139 b"
9837685,"Kepler-1247 b"
8077137,"Kepler-128 b"
11037335,"Kepler-300 c"
4833421,"Kepler-122 c"
9573685,"Kepler-1074 b"
7219825,"Kepler-123 b"
9364609,"Kepler-1114 b"
5022828,"Kepler-1115 b"
12121570,"Kepler-1816 b"
8321314,"Kepler-1683 b"
9395024,"Kepler-1216 b"
9026749,"Kepler-1280 b"
7102227,"Kepler-290 b"
5289854,"Kepler-308 b"
5289854,"Kepler-308 c"
5531953,"Kepler-1984 b"
6037581,"Kepler-336 b"
12061969,"Kepler-2001 b"
6342333,"Kepler-1789 b"
8260902,"Kepler-1118 b"
7457296,"Kepler-1145 b"
4248120,"Kepler-1808 b"
11498128,"Kepler-1177 b"
5342473,"Kepler-1818 b"
11336883,"Kepler-853 b"
2987027,"Kepler-489 b"
3338885,"Kepler-975 c"
10384798,"Kepler-1043 b"
11360571,"Kepler-1080 b"
12058204,"Kepler-373 b"
9963265,"Kepler-1819 b"
11125613,"Kepler-1254 b"
5972334,"Kepler-487 b"
10005758,"Kepler-1662 c"
5511081,"Kepler-338 c"
4833421,"Kepler-122 d"
8164257,"Kepler-357 d"
8892157,"Kepler-1149 b"
8042453,"Kepler-1182 b"
2142522,"Kepler-1224 b"
8559152,"Kepler-1256 b"
2718778,"Kepler-1844 b"
6616218,"Kepler-314 b"
11297236,"Kepler-1771 b"
5511081,"Kepler-338 e"
10525027,"Kepler-1049 b"
11069176,"Kepler-1050 b"
11069176,"Kepler-1050 c"
10132832,"Kepler-1186 b"
6062929,"Kepler-1822 b"
7504778,"Kepler-1188 b"
8073806,"Kepler-1835 b"
11752632,"Kepler-1258 b"
10055126,"Kepler-311 d"
8478994,"Kepler-37 d"
9205938,"Kepler-1126 b"
11358389,"Kepler-365 b"
10723367,"Kepler-375 b"
8611832,"Kepler-384 c"
7703955,"Kepler-315 c"
10676014,"Kepler-954 b"
8167996,"Kepler-327 d"
9651234,"Kepler-1020 b"
6041734,"Kepler-1129 c"
10027247,"Kepler-1229 b"
5371776,"Kepler-304 b"
7215603,"Kepler-910 b"
11298298,"Kepler-956 b"
11656918,"Kepler-1023 b"
4833421,"Kepler-122 f"
5705819,"Kepler-1793 b"
5972334,"Kepler-487 c"
3118797,"Kepler-1024 b"
10158729,"Kepler-1092 b"
4173026,"Kepler-1801 b"
11807274,"Kepler-50 c"
10059645,"Kepler-1265 b"
7183745,"Kepler-1266 c"
5219234,"Kepler-305 e"
10080248,"Kepler-939 b"
9892816,"Kepler-342 b"
5940165,"Kepler-1062 b"
6105462,"Kepler-1093 b"
6047072,"Kepler-1095 b"
9022166,"Kepler-368 b"
7672097,"Kepler-1160 b"
7515762,"Kepler-1268 b"
9451706,"Kepler-127 c"
5942949,"Kepler-1849 b"
7879433,"Kepler-1850 b"
11401755,"Kepler-36 b"
9271752,"Kepler-836 b"
11413812,"Kepler-998 b"
4813563,"Kepler-1026 b"
9790806,"Kepler-1066 b"
8165946,"Kepler-1100 b"
9225395,"Kepler-1101 b"
8013439,"Kepler-381 b"
8013439,"Kepler-381 d"
9205907,"Kepler-1851 b"
9006449,"Kepler-295 d"
11657614,"Kepler-1481 b"
11090556,"Kepler-1398 c"
9076971,"Kepler-1400 b"
7584650,"Kepler-1863 b"
9898447,"Kepler-1877 b"
8360640,"Kepler-1891 b"
10337258,"Kepler-527 b"
6211812,"Kepler-1865 b"
7047824,"Kepler-1353 b"
11521793,"Kepler-143 c"
12314973,"Kepler-450 d"
11962284,"Kepler-1302 b"
7673192,"Kepler-402 e"
3346154,"Kepler-1871 b"
11283615,"Kepler-1355 b"
7603200,"Kepler-138 d"
3632089,"Kepler-1464 b"
11521793,"Kepler-143 b"
8494142,"Kepler-145 c"
5530112,"Kepler-1937 b"
8547429,"Kepler-1866 b"
6197215,"Kepler-1879 b"
5965819,"Kepler-1468 d"
8880123,"Kepler-1925 b"
9455677,"Kepler-1548 b"
7762723,"Kepler-1867 b"
10842192,"Kepler-1329 b"
7347246,"Kepler-1411 b"
5437945,"Kepler-460 c"
3937814,"Kepler-1549 b"
11253827,"Kepler-396 c"
4736644,"Kepler-1470 b"
6106282,"Kepler-440 b"
11499192,"Kepler-1433 b"
11361646,"Kepler-524 b"
5088536,"Kepler-130 b"
9881077,"Kepler-1337 b"
10585738,"Kepler-1415 b"
10552611,"Kepler-141 c"
4814502,"Kepler-1933 b"
5688910,"Kepler-1369 b"
10880507,"Kepler-1390 b"
11455181,"Kepler-1437 b"
8183288,"Kepler-437 b"
11810124,"Kepler-1471 c"
11810124,"Kepler-1471 b"
3942670,"Kepler-147 c"
8617363,"Kepler-1887 b"
9642292,"Kepler-1392 b"
6263593,"Kepler-1418 b"
6444896,"Kepler-1649 b"
5440317,"Kepler-1438 b"
9349757,"Kepler-1474 b"
6265665,"Kepler-1499 b"
11015108,"Kepler-530 b"
3942670,"Kepler-147 b"
8620402,"Kepler-1913 b"
4282191,"Kepler-1502 b"
7288306,"Kepler-1503 b"
9272070,"Kepler-1555 b"
6690836,"Kepler-1317 b"
3234843,"Kepler-405 c"
10001368,"Kepler-1344 b"
11547513,"Kepler-134 c"
7100673,"Kepler-1542 c"
7100673,"Kepler-1542 e"
11802615,"Kepler-513 b"
10155434,"Kepler-1720 b"
4852528,"Kepler-80 d"
9009036,"Kepler-1616 b"
11015323,"Kepler-569 b"
10526887,"Kepler-1578 b"
11134879,"Kepler-570 b"
8890924,"Kepler-1993 b"
7838675,"Kepler-1561 b"
11037818,"Kepler-1638 b"
6221385,"Kepler-1641 c"
4545570,"Kepler-1961 b"
11176166,"Kepler-1639 b"
10063208,"Kepler-1583 b"
6850504,"Kepler-20 f"
11904151,"Kepler-10 b"
7596240,"Kepler-1584 b"
7977197,"Kepler-162 b"
8507475,"Kepler-1585 b"
9412623,"Kepler-1618 b"
10615440,"Kepler-1622 b"
5683743,"Kepler-546 b"
10187017,"Kepler-102 d"
10722485,"Kepler-1588 b"
10937029,"Kepler-553 c"
4847534,"Kepler-579 b"
4633570,"Kepler-158 c"
5351250,"Kepler-150 c"
4473613,"Kepler-1623 b"
12061222,"Kepler-572 b"
7747457,"Kepler-1613 b"
7269974,"Kepler-160 c"
4852528,"Kepler-80 c"
7119481,"Kepler-604 b"
6707833,"Kepler-602 b"
7445445,"Kepler-184 d"
6587002,"Kepler-196 b"
7368664,"Kepler-434 b"
6937692,"Kepler-584 b"
8565266,"Kepler-608 b"
11773022,"Kepler-51 b"
9958962,"Kepler-616 b"
12068975,"Kepler-197 d"
12068975,"Kepler-197 e"
4563268,"Kepler-625 b"
5866724,"Kepler-65 d"
4656049,"Kepler-627 b"
9873254,"Kepler-653 c"
9950612,"Kepler-220 b"
6062088,"Kepler-203 d"
6678383,"Kepler-104 d"
6685609,"Kepler-207 c"
7115785,"Kepler-209 b"
7124613,"Kepler-642 b"
7509886,"Kepler-211 b"
8557374,"Kepler-213 c"
8738735,"Kepler-214 b"
9002278,"Kepler-62 e"
9266431,"Kepler-1726 b"
9530945,"Kepler-216 c"
