pl_name,hostname,sy_kepmag,sy_vmag
"TOI-237 c","TOI-237",,16.3700000
"TOI-1749 b","TOI-1749",,13.8600000
"K2-415 b","K2-415",14.020,15.3300000
"Kepler-777 b","Kepler-777",15.950,16.1310000
"K2-147 b","K2-147",13.355,14.0440000
"TOI-1452 b","TOI-1452",,14.3540000
"Kepler-1152 b","Kepler-1152",14.634,15.3100000
"Kepler-327 d","Kepler-327",15.018,15.6110000
"TOI-2096 b","TOI-2096",,15.9200000
"TOI-269 b","TOI-269",,14.3700000
"K2-320 b","K2-320",15.798,17.8100000
"K2-83 b","K2-83",13.844,14.5220000
"TOI-2411 b","TOI-2411",,11.2720000
"Kepler-560 b","Kepler-560",14.708,15.6600000
"Kepler-186 e","Kepler-186",14.625,15.1380000
"Kepler-42 b","Kepler-42",15.920,16.7000000
"Kepler-1646 b","Kepler-1646",15.737,16.8419000
"LHS 1815 b","LHS 1815",,12.1670000
"LHS 475 b","LHS 475",,13.0000000
"LHS 1678 d","LHS 1678",,12.6000000
"K2-151 b","K2-151",13.384,14.1750000
"Kepler-993 b","Kepler-993",15.967,16.6080000
"TOI-4342 c","TOI-4342",,12.6690000
"Kepler-1761 b","Kepler-1761",14.963,15.6190000
"TOI-5799 b","TOI-5799",,13.2900000
"Kepler-446 b","Kepler-446",16.257,17.5041000
"K2-28 b","K2-28",14.854,16.5260000
"TOI-2285 b","TOI-2285",,13.4030000
"TOI-912 b","TOI-912",,12.6700000
"K2-71 b","K2-71",14.875,16.1400000
"LHS 1903 d","LHS 1903",,12.2300000
"TOI-1201 b","TOI-1201",,12.2600000
"GJ 238 b","GJ 238",,11.6200000
"Kepler-438 b","Kepler-438",14.467,15.1040000
"K2-124 b","K2-124",15.105,16.6920000
"K2-413 b","K2-413",14.557,15.0130000
"TOI-6002 b","TOI-6002",,14.6000000
"TIC 231949697 b","TIC 231949697",,13.1880000
"Kepler-296 c","Kepler-296",15.921,16.3630000
"Kepler-1075 b","Kepler-1075",15.313,15.9090000
"K2-404 b","K2-404",13.869,14.6220000
"K2-104 b","K2-104",15.149,15.9890000
"TOI-1752 b","TOI-1752",,14.6200000
"TOI-5716 b","TOI-5716",,15.8300000
"Kepler-52 b","Kepler-52",15.095,15.5130000
"EPIC 211822797 b","EPIC 211822797",14.568,15.1330000
"TOI-2018 b","TOI-2018",,10.2500000
"TOI-5713 b","TOI-5713",,15.3550000
"TOI-2267 b","TOI-2267 A",,15.5600000
"Kepler-691 b","Kepler-691",15.877,16.6000000
"TOI-5799 c","TOI-5799",,13.2900000
"K2-117 c","K2-117",13.905,14.6390000
"Kepler-505 b","Kepler-505",15.108,15.6070000
"Kepler-1687 b","Kepler-1687",15.484,15.9280000
"EPIC 206042996 b","EPIC 206042996",16.061,16.5900000
"LHS 1903 e","LHS 1903",,12.2300000
"TOI-2266 b","TOI-2266",,16.5400000
"TOI-2136 b","TOI-2136",,14.3200000
"TOI-4479 b","TOI-4479",,15.1800000
"Kepler-353 c","Kepler-353",15.773,16.1260000
"K2-326 b","K2-326",14.867,15.9820000
"TOI-6000 b","TOI-6000",,15.4540000
"TOI-1235 b","TOI-1235",,11.4950000
"TOI-206 b","TOI-206",,14.9380000
"K2-123 b","K2-123",14.102,14.7810000
"Kepler-1388 c","Kepler-1388",16.279,16.4300000
"K2-322 b","K2-322",13.307,13.9630000
"TOI-1749 d","TOI-1749",,13.8600000
"Kepler-225 c","Kepler-225",15.962,16.2940000
"K2-264 b","K2-264",15.318,16.7010000
"K2-133 e","K2-133",13.327,14.0730000
"K2-152 b","K2-152",13.114,13.7280000
"K2-332 b","K2-332",15.768,
"K2-323 b","K2-323",14.132,14.9350000
"Kepler-231 c","Kepler-231",15.385,15.8130000
"Kepler-369 c","Kepler-369",15.673,16.4290000
"K2-384 b","K2-384",14.256,16.1200000
"TOI-2768 b","TOI-2768",,12.6600000
"K2-324 b","K2-324",14.509,15.2230000
"TOI-1680 b","TOI-1680",,15.8700000
"TOI-904 b","TOI-904",,12.5880000
"Kepler-994 b","Kepler-994",14.440,15.0460000
"TOI-1693 b","TOI-1693",,12.9620000
"TOI-2081 b","TOI-2081",,13.3690000
"TOI-4342 b","TOI-4342",,12.6690000
"TOI-2427 b","TOI-2427",,10.2950000
"Kepler-327 b","Kepler-327",15.018,15.6110000
"K2-3 d","K2-3",11.574,12.1680000
"K2-25 b","K2-25",14.528,16.2100000
"TOI-406 c","TOI-406",,13.7730000
"Kepler-1321 c","Kepler-1321",16.835,17.5054000
"Kepler-1203 b","Kepler-1203",14.934,15.3850000
"Kepler-988 b","Kepler-988",15.220,15.5780000
"Kepler-737 b","Kepler-737",15.190,15.9710000
"Kepler-54 c","Kepler-54",15.847,16.2820000
"K2-129 b","K2-129",12.533,13.6390000
"Kepler-49 b","Kepler-49",15.264,15.6550000
"K2-117 b","K2-117",13.905,14.6390000
"Kepler-125 b","Kepler-125",14.752,15.4310000
"K2-18 b","K2-18",12.473,13.4770000
"TOI-1749 c","TOI-1749",,13.8600000
"TOI-237 b","TOI-237",,16.3700000
"TOI-5489 b","TOI-5489",,13.8240000
"TOI-756 b","TOI-756",,14.6070000
"Kepler-138 c","Kepler-138",12.925,13.0400000
"Kepler-32 e","Kepler-32",15.801,16.3600000
"K2-321 b","K2-321",12.840,13.6770000
"TOI-1266 c","TOI-1266",,12.9410000
"TOI-5736 b","TOI-5736",,13.5530000
"K2-343 c","K2-343",14.874,16.0100000
"Kepler-844 b","Kepler-844",15.840,15.9860000
"LHS 1678 b","LHS 1678",,12.6000000
"Kepler-674 b","Kepler-674",15.135,15.5690000
"GJ 3473 b","GJ 3473",,13.7400000
"TOI-406.01","TOI-406",,13.7730000
"TOI-2445 b","TOI-2445",,15.6920000
"TOI-1442 b","TOI-1442",,15.3900000
"LTT 1445 A c","LTT 1445 A",,10.5900000
"K2-22 b","K2-22",14.928,15.5650000
"K2-264 c","K2-264",15.318,16.7010000
"K2-384 c","K2-384",14.256,16.1200000
"Kepler-1229 b","Kepler-1229",15.474,16.1240000
"TOI-1231 b","TOI-1231",,12.3600000
"LHS 1478 b","LHS 1478",,13.3040000
"TRAPPIST-1 b","TRAPPIST-1",12.917,17.0200000
"TRAPPIST-1 c","TRAPPIST-1",12.917,17.0200000
"TRAPPIST-1 d","TRAPPIST-1",12.917,17.0200000
"TRAPPIST-1 e","TRAPPIST-1",12.917,17.0200000
"TRAPPIST-1 f","TRAPPIST-1",12.917,17.0200000
"TRAPPIST-1 g","TRAPPIST-1",12.917,17.0200000
"TRAPPIST-1 h","TRAPPIST-1",12.917,17.0200000
"Kepler-1826 b","Kepler-1826",15.655,16.8300000
"K2-133 c","K2-133",13.327,14.0730000
"TOI-1846 b","TOI-1846",,13.9710000
"TOI-1238 c","TOI-1238",,12.7960000
"TOI-1080 b","TOI-1080",,15.3490000
"K2-5 c","K2-5",14.364,14.9740000
"K2-239 b","K2-239",13.545,14.6320000
"Kepler-1798 b","Kepler-1798",15.661,16.3910000
"K2-154 c","K2-154",13.351,13.8610000
"TOI-2015 b","TOI-2015",,16.1100000
"Kepler-901 b","Kepler-901",14.699,15.8500000
"Kepler-1712 b","Kepler-1712",14.216,14.9460000
"Kepler-568 b","Kepler-568",14.273,15.2160000
"K2-315 b","K2-315",14.814,17.6700000
"TOI-833 b","TOI-833",,11.7240000
"TOI-5728 b","TOI-5728",,15.0200000
"G 9-40 b","G 9-40",12.771,13.8210000
"Kepler-353 b","Kepler-353",15.773,16.1260000
"GJ 3929 b","GJ 3929",,12.6750000
"HD 260655 b","HD 260655",,9.6300000
"HD 260655 c","HD 260655",,9.6300000
"Kepler-296 d","Kepler-296",15.921,16.3630000
"Kepler-658 b","Kepler-658",15.488,16.4400000
"Kepler-1649 b","Kepler-1649",17.131,17.9500000
"K2-148 b","K2-148",12.975,13.6270000
"K2-316 c","K2-316",14.794,17.1400000
"TOI-2094 b","TOI-2094",,14.4090000
"Kepler-1741 b","Kepler-1741",15.597,16.1540000
"Kepler-1089 b","Kepler-1089",15.535,16.2330000
"LP 890-9 b","LP 890-9",,18.0000000
"LP 890-9 c","LP 890-9",,18.0000000
"TOI-1075 b","TOI-1075",,12.6150000
"Kepler-1805 b","Kepler-1805",14.911,15.5360000
"TOI-1448 b","TOI-1448",,15.6780000
"TOI-2068 b","TOI-2068",,13.0070000
"TOI-1696 b","TOI-1696",,16.8200000
"TOI-1224 b","TOI-1224",,13.9500000
"TOI-700 b","TOI-700",,13.1510000
"TOI-700 c","TOI-700",,13.1510000
"TOI-700 d","TOI-700",,13.1510000
"TOI-700 e","TOI-700",,13.1510000
"LP 791-18 b","LP 791-18",,16.9100000
"GJ 357 b","GJ 357",,10.9100000
"TOI-1801 b","TOI-1801",,11.5800000
"GJ 806 b","GJ 806",,10.7900000
"LTT 3780 b","LTT 3780",,13.1400000
"LTT 3780 c","LTT 3780",,13.1400000
"LHS 1140 b","LHS 1140",,14.1500000
"LHS 1140 c","LHS 1140",,14.1500000
"GJ 1214 b","GJ 1214",,15.1000000
"GJ 1132 b","GJ 1132",,13.6800000
"TOI-2406 b","TOI-2406",,
"TOI-776 b","TOI-776",,11.5360000
"TOI-776 c","TOI-776",,11.5360000
"TOI-6255 b","TOI-6255",,12.7470000
"L 168-9 b","L 168-9",,11.0050000
"GJ 341 b","GJ 341",,9.4900000
"TOI-6324 b","TOI-6324",,13.3860000
"TOI-771 b","TOI-771",,14.8880000
"TOI-1468 b","TOI-1468",,12.5000000
"TOI-1468 c","TOI-1468",,12.5000000
"L 98-59 b","L 98-59",,11.6850000
"L 98-59 c","L 98-59",,11.6850000
"L 98-59 d","L 98-59",,11.6850000
"TOI-270 b","TOI-270",,12.6030000
"TOI-270 c","TOI-270",,12.6030000
"TOI-270 d","TOI-270",,12.6030000
"TOI-1685 b","TOI-1685",,13.3780000
"GJ 3090 b","GJ 3090",,11.4030000
"LP 791-18 c","LP 791-18",,16.9100000
"LP 791-18 d","LP 791-18",,16.9100000
"AU Mic c","AU Mic",,8.8100000
"TOI-4336 A b","TOI-4336 A",,13.6000000
"TOI-4336 A c","TOI-4336 A",,13.6000000
"TOI-2431 b","TOI-2431",,10.9000000
"LHS 3844 b","LHS 3844",,15.2400000
"GJ 367 b","GJ 367",,10.1530000
"TOI-260 b","TOI-260",,9.9000000
"TOI-4438 b","TOI-4438",,13.6900000
"Kepler-1663 b","Kepler-1663",15.613,16.0690000
"K2-149 b","K2-149",13.787,14.5430000
"Kepler-445 d","Kepler-445",17.475,18.1900000
"TOI-1695 b","TOI-1695",,12.9890000
"Kepler-1388 e","Kepler-1388",16.279,16.4300000
"K2-43 c","K2-43",14.887,15.7480000
"Kepler-732 b","Kepler-732",15.073,16.5300000
"K2-49 b","K2-49",15.288,15.6680000
"Kepler-26 b","Kepler-26",15.473,15.8530000
"Kepler-52 c","Kepler-52",15.095,15.5130000
"Kepler-1124 b","Kepler-1124",15.959,16.7450000
"TOI-2095 b","TOI-2095",,13.1900000
"Kepler-32 f","Kepler-32",15.801,16.3600000
"Kepler-445 b","Kepler-445",17.475,18.1900000
"Kepler-1649 c","Kepler-1649",17.131,17.9500000
"Kepler-296 f","Kepler-296",15.921,16.3630000
"TOI-1238 b","TOI-1238",,12.7960000
"K2-88 b","K2-88",14.594,15.5230000
"Ross 176 b","Ross 176",,11.5240000
"K2-72 e","K2-72",14.407,15.3700000
"TOI-1411 b","TOI-1411",,10.5100000
"K2-257 b","K2-257",12.873,13.7160000
"TOI-4364 b","TOI-4364",,13.5640000
"TOI-1806.01","TOI-1806",,15.1930000
"TOI-6008 b","TOI-6008",,15.9700000
"Kepler-120 c","Kepler-120",14.735,14.9950000
"Kepler-296 e","Kepler-296",15.921,16.3630000
"K2-325 b","K2-325",16.278,17.7700000
"EPIC 206215704 b","EPIC 206215704",15.598,17.8300000
"Kepler-296 b","Kepler-296",15.921,16.3630000
"TOI-1634 b","TOI-1634",,13.2170000
"K2-384 e","K2-384",14.256,16.1200000
"TOI-2267 c","TOI-2267 A",,15.5600000
"Kepler-186 d","Kepler-186",14.625,15.1380000
"Kepler-1410 b","Kepler-1410",15.757,16.3190000
"TOI-277 b","TOI-277",,13.6320000
"Kepler-1439 b","Kepler-1439",16.109,17.0484000
"EPIC 201170410.02","EPIC 201170410",15.673,17.6984000
"Kepler-446 c","Kepler-446",16.257,17.5041000
"TOI-2453 b","TOI-2453",,14.4150000
"Kepler-125 c","Kepler-125",14.752,15.4310000
"Kepler-369 b","Kepler-369",15.673,16.4290000
"KOI-4777.01","KOI-4777",15.896,16.4130000
"TOI-663 d","TOI-663",,13.6670000
"Kepler-2000 c","Kepler-2000",15.254,15.6420000
"TOI-2096 c","TOI-2096",,15.9200000
"Kepler-504 b","Kepler-504",14.486,15.1430000
"TOI-663 c","TOI-663",,13.6670000
"TIC 153919886 b","TIC 153919886",,14.4060000
"K2-288 B b","K2-288 B",13.105,
"TOI-7009 b","TOI-7009",,14.1610000
"K2-133 b","K2-133",13.327,14.0730000
"TOI-7384 b","TOI-7384",,16.7040000
"Kepler-327 c","Kepler-327",15.018,15.6110000
"K2-72 c","K2-72",14.407,15.3700000
"TOI-5489 c","TOI-5489",,13.8240000
"Kepler-42 d","Kepler-42",15.920,16.7000000
"Kepler-225 b","Kepler-225",15.962,16.2940000
"TOI-1450 A b","TOI-1450 A",,12.2800000
"Kepler-676 b","Kepler-676",15.937,17.1500000
"TOI-6716 b","TOI-6716",,14.8000000
"TOI-663 b","TOI-663",,13.6670000
"TOI-1752 c","TOI-1752",,14.6200000
"K2-91 b","K2-91",14.464,15.6220000
"Kepler-120 b","Kepler-120",14.735,14.9950000
"Kepler-303 c","Kepler-303",14.390,14.9170000
"K2-125 b","K2-125",15.147,16.4000000
"Kepler-974 b","Kepler-974",14.404,15.2950000
"Kepler-1366 b","Kepler-1366",15.877,16.6850000
"TOI-1266 b","TOI-1266",,12.9410000
"Kepler-1049 b","Kepler-1049",14.220,14.6950000
"K2-9 b","K2-9",14.957,15.8600000
"LHS 1678 c","LHS 1678",,12.6000000
"TOI-5720 b","TOI-5720",,13.8470000
"Kepler-445 c","Kepler-445",17.475,18.1900000
"Kepler-236 c","Kepler-236",15.414,16.0140000
"K2-240 b","K2-240",12.666,13.3720000
"TOI-654.01","TOI-654",,14.5400000
"K2-69 b","K2-69",14.807,16.0240000
"K2-95 b","K2-95",15.498,17.2360000
"TOI-7166 b","TOI-7166",,15.7900000
"Kepler-1652 b","Kepler-1652",15.931,16.8600000
"Kepler-1735 b","Kepler-1735",15.233,15.8960000
"Kepler-1729 b","Kepler-1729",15.692,15.6760000
"K2-284 b","K2-284",12.811,13.2650000
"Kepler-303 b","Kepler-303",14.390,14.9170000
"Kepler-138 b","Kepler-138",12.925,13.0400000
"K2-384 f","K2-384",14.256,16.1200000
"Kepler-779 b","Kepler-779",15.649,16.3030000
"Kepler-1650 b","Kepler-1650",15.722,17.0700000
"K2-416 b","K2-416",,14.7940000
"K2-133 d","K2-133",13.327,14.0730000
"Kepler-1350 b","Kepler-1350",16.283,16.5770000
"Kepler-1009 b","Kepler-1009",15.278,15.7580000
"TOI-5319 b","TOI-5319",,13.9470000
"K2-384 d","K2-384",14.256,16.1200000
"K2-148 c","K2-148",12.975,13.6270000
"K2-122 b","K2-122",12.466,13.1050000
"TOI-1470 c","TOI-1470",,13.4590000
"K2-286 b","K2-286",12.201,12.8810000
"Kepler-231 b","Kepler-231",15.385,15.8130000
"TOI-4552 b","TOI-4552",,14.4400000
"Kepler-61 b","Kepler-61",14.995,15.2770000
"Kepler-1388 d","Kepler-1388",16.279,16.4300000
"Kepler-617 b","Kepler-617",14.818,15.5490000
"K2-72 d","K2-72",14.407,15.3700000
"TOI-521 b","TOI-521",,14.6910000
"K2-417 b","K2-417",,13.9090000
"Kepler-1902 b","Kepler-1902",15.665,16.1130000
"KOI-1843.03","Kepler-974",14.404,15.2950000
"K2-317 b","K2-317",16.400,17.7400000
"K2-3 c","K2-3",11.574,12.1680000
"GJ 1252 b","GJ 1252",,12.6800000
"SPECULOOS-3 b","SPECULOOS-3",,17.8000000
"TOI-1470 b","TOI-1470",,13.4590000
"K2-343 b","K2-343",14.874,16.0100000
"K2-345 b","K2-345",14.757,15.7200000
"K2-354 b","K2-354",14.422,15.2960000
"Kepler-249 b","Kepler-249",15.234,16.3700000
"Kepler-1319 b","Kepler-1319",14.717,15.1610000
"Kepler-49 c","Kepler-49",15.264,15.6550000
"TIC 88692598 b","TIC 88692598",,13.9530000
"TOI-904 c","TOI-904",,12.5880000
"Kepler-1074 b","Kepler-1074",15.026,15.5990000
"K2-89 b","K2-89",13.307,14.1620000
"Kepler-54 b","Kepler-54",15.847,16.2820000
"K2-400 b","K2-400",14.030,15.1080000
"K2-146 c","K2-146",15.031,16.7000000
"Gliese 12 b","Gliese 12",,12.6000000
"TOI-1243 b","TOI-1243",,13.4270000
"Kepler-732 c","Kepler-732",15.073,16.5300000
"Kepler-1321 d","Kepler-1321",16.835,17.5054000
"K2-3 b","K2-3",11.574,12.1680000
"Kepler-2000 b","Kepler-2000",15.254,15.6420000
"TOI-620 b","TOI-620",,12.2620000
"TOI-6086 b","TOI-6086",,14.9810000
"TOI-5486 b","TOI-5486",,14.2970000
"TOI-1467 b","TOI-1467",,12.2930000
"TOI-2257 b","TOI-2257",,15.2110000
"K2-251 b","K2-251",14.806,15.6600000
"Kepler-1948 b","Kepler-1948",13.977,14.5690000
"Kepler-26 c","Kepler-26",15.473,15.8530000
"TOI-544 b","TOI-544",,10.7770000
"TOI-2095 c","TOI-2095",,13.1900000
"Kepler-236 b","Kepler-236",15.414,16.0140000
"Kepler-705 b","Kepler-705",15.849,16.3310000
"TOI-4559 b","TOI-4559",,13.1150000
"TOI-782 b","TOI-782",,14.8300000
"Kepler-1855 b","Kepler-1855",15.527,16.5560000
"K2-242 b","K2-242",15.615,16.4140000
"TOI-4529 b","TOI-4529",,12.2140000
"Kepler-446 d","Kepler-446",16.257,17.5041000
"K2-154 b","K2-154",13.351,13.8610000
"K2-72 b","K2-72",14.407,15.3700000
"Kepler-186 b","Kepler-186",14.625,15.1380000
"Kepler-138 d","Kepler-138",12.925,13.0400000
"Kepler-1651 b","Kepler-1651",13.496,13.8600000
"Kepler-1582 b","Kepler-1582",17.058,17.9600000
"TOI-1224 c","TOI-1224",,13.9500000
"Kepler-32 d","Kepler-32",15.801,16.3600000
"EPIC 228836835 b","EPIC 228836835",14.925,16.7700000
"K2-146 b","K2-146",15.031,16.7000000
"K2-54 b","K2-54",13.441,14.5420000
"TOI-1756 b","TOI-1756",,13.8800000
"TOI-715 b","TOI-715",,16.6830000
"Kepler-1749 b","Kepler-1749",14.688,14.9500000
"Kepler-1350 c","Kepler-1350",16.283,16.5770000
"TOI-122 b","TOI-122",,15.5260000
"K2-83 c","K2-83",13.844,14.5220000
"LHS 1903 b","LHS 1903",,12.2300000
"K2-148 d","K2-148",12.975,13.6270000
"K2-4 b","K2-4",14.409,14.8550000
"Kepler-1455 b","Kepler-1455",15.855,16.0600000
"TOI-1759 b","TOI-1759",,11.9300000
"TOI-2459 b","TOI-2459",,10.7720000
"K2-239 c","K2-239",13.545,14.6320000
"Wolf 327 b","Wolf 327",,13.0180000
"Kepler-1388 b","Kepler-1388",16.279,16.4300000
"K2-153 b","K2-153",14.331,14.9600000
"TOI-540 b","TOI-540",,14.8230000
"Kepler-32 b","Kepler-32",15.801,16.3600000
"K2-316 b","K2-316",14.794,17.1400000
"EPIC 206042996 c","EPIC 206042996",16.061,16.5900000
"TOI-198 b","TOI-198",,11.6880000
"K2-137 b","K2-137",14.534,15.9400000
"Kepler-186 c","Kepler-186",14.625,15.1380000
"K2-26 b","K2-26",14.000,14.5280000
"K2-5 b","K2-5",14.364,14.9740000
"K2-413 c","K2-413",14.557,15.0130000
"TOI-4527.01","TOI-4527",,10.9170000
"Kepler-32 c","Kepler-32",15.801,16.3600000
"TOI-2120 b","TOI-2120",,15.6480000
"K2-150 b","K2-150",14.847,15.7840000
"TOI-4184 b","TOI-4184",,17.1200000
"K2-318 b","K2-318",14.466,15.8000000
"Kepler-1308 b","Kepler-1308",14.488,16.4000000
"TOI-244 b","TOI-244",,12.8610000
"TOI-1743 b","TOI-1743",,14.9720000
"TOI-5388.01","TOI-5388",,12.7280000
"Kepler-42 c","Kepler-42",15.920,16.7000000
"K2-239 d","K2-239",13.545,14.6320000
"Kepler-1904 b","Kepler-1904",15.737,16.3670000
"Kepler-249 d","Kepler-249",15.234,16.3700000
"Kepler-1367 b","Kepler-1367",15.571,16.0120000
"TOI-2274 b","TOI-2274",,11.9950000
"Kepler-249 c","Kepler-249",15.234,16.3700000
"LHS 1903 c","LHS 1903",,12.2300000
"TOI-2084 b","TOI-2084",,15.1150000
"K2-240 c","K2-240",12.666,13.3720000
