pl_name,hostname,discoverymethod,pl_rade,pl_radeerr1,pl_radeerr2,pl_orbper,pl_insol,st_teff,st_mass,st_rad,st_met,st_rotp,st_rotperr1,st_radv,ra,dec,sy_plx,sy_plxerr1,sy_pmra,sy_pmdec,sy_dist
"TOI-237 c","TOI-237","Transit",1.20600000,0.03500000,-0.03500000,1.74486147000,16.0000,3226.00,0.169800,0.205600,-0.3443,,,,353.2435381,-29.4164870,26.2368000,0.1559950,151.0470000,-333.1940000,38.07490000
"TOI-1749 b","TOI-1749","Transit",1.39000000,0.21000000,-0.19000000,2.38839000000,,3985.00,0.580000,0.550000,-0.2600,,,,282.7372281,64.4194660,10.0156000,0.0117367,-54.4016000,61.8267000,99.55610000
"K2-415 b","K2-415","Transit",1.01500000,0.05100000,-0.00510000,4.01796940000,4.8200,3173.00,0.163500,0.196500,-0.1300,4.29800,0.06100,22.50000,137.2015437,11.8622503,45.8044000,0.0639886,-458.4960000,192.6290000,21.81820000
"Kepler-777 b","Kepler-777","Transit",1.47000000,0.08000000,-0.08000000,5.72812599000,,4043.00,0.580000,0.560000,-0.1700,,,,282.7241098,44.3465098,2.2286000,0.0349030,7.8346500,8.1355000,443.10600000
"K2-147 b","K2-147","Transit",1.47286006,0.11096891,-0.09863903,0.96193900000,,3690.00,0.563000,0.578000,-0.0200,,,,293.8330329,-28.4984750,11.0149000,0.0333920,-31.4257000,-147.5330000,90.54940000
"TOI-1452 b","TOI-1452","Transit",1.67200000,0.07100000,-0.07100000,11.06201000000,1.8000,3185.00,0.249000,0.275000,-0.0700,,,,290.1739741,73.1951082,32.7352000,0.0416864,7.8299200,-73.9132000,30.52120000
"Kepler-1152 b","Kepler-1152","Transit",0.87000000,0.05000000,-0.06000000,1.64680190800,,3964.00,0.550000,0.530000,-0.2500,,,,290.4341483,44.1077802,4.6172700,0.0193399,16.7547000,27.7634000,215.23300000
"Kepler-327 d","Kepler-327","Transit",1.73000000,0.10000000,-0.10000000,13.96945700000,,3799.00,,0.492000,,,,,292.6422963,44.0876251,4.1037200,0.0248989,-11.3124000,-7.1930100,241.98700000
"TOI-2096 b","TOI-2096","Transit",1.24300000,0.07700000,-0.07200000,3.11906330000,9.4000,3300.00,0.231000,0.235000,-0.0300,,,,151.6186989,74.8272107,20.5978000,0.0413973,-26.0438000,-75.1141000,48.48090000
"TOI-269 b","TOI-269","Transit",2.77000000,0.12000000,-0.12000000,3.69771040000,19.0000,3514.00,0.391700,0.398000,-0.2900,,,37.22864,75.8462827,-54.1777213,17.5080000,0.0230930,26.4720000,-120.7500000,57.02250000
"K2-320 b","K2-320","Transit",2.62000000,0.23000000,-0.15000000,1.99500000000,,3157.00,0.117000,0.300000,,,,,163.2519122,5.3064776,9.1686700,0.0878422,-58.4369000,-36.3627000,108.74000000
"K2-83 b","K2-83","Transit",1.24400000,0.09800000,-0.09800000,2.74697000000,41.5000,3910.00,0.484000,0.424000,,,,,59.9013782,15.5587994,7.9375000,0.0323816,-40.4300000,-18.7895000,125.52900000
"TOI-2411 b","TOI-2411","Transit",1.68000000,0.11000000,-0.11000000,0.78269420000,,4099.00,0.650000,0.680000,,,,,20.9224567,-8.7017944,16.7682000,0.0802237,-117.8590000,-95.2895000,59.53620000
"Kepler-560 b","Kepler-560","Transit",1.72000000,0.09000000,-0.09000000,18.47764449000,,3556.00,0.340000,0.330000,-0.3900,,,,300.2066441,45.0182402,9.1196900,0.0341673,84.7852000,18.9637000,109.30800000
"Kepler-186 e","Kepler-186","Transit",1.27000000,0.15000000,-0.14000000,22.40770400000,,3788.00,0.478000,0.472000,-0.2800,,,,298.6527360,43.9549884,5.6020300,0.0243567,2.0985600,-4.3605500,177.59400000
"Kepler-42 b","Kepler-42","Transit",0.78000000,0.22000000,-0.22000000,1.21376720000,,3068.00,0.130000,0.170000,-0.3300,,,-84.48000,292.2196000,44.6173667,24.9340000,0.0400874,93.1258000,-417.4200000,40.05950000
"Kepler-1646 b","Kepler-1646","Transit",1.23000000,0.28000000,-0.24000000,4.48558383000,,3299.00,0.240000,0.260000,0.0400,,,,287.5264859,42.9129356,7.8088500,0.0376299,14.5356000,10.2994000,127.59100000
"LHS 1815 b","LHS 1815","Transit",1.08800000,0.06400000,-0.06400000,3.81433400000,,3643.00,0.502000,0.501000,-0.1200,47.80000,0.70000,,91.0899861,-55.3115376,33.4805000,0.0266652,681.7260000,342.1320000,29.84240000
"LHS 475 b","LHS 475","Transit",0.99100000,0.05000000,-0.05000000,2.02908800000,,3300.00,0.262000,0.278900,,79.32000,,,290.2379403,-82.5597883,80.0903000,0.0416592,342.1840000,-1230.2200000,12.48140000
"LHS 1678 d","LHS 1678","Transit",0.98100000,0.07000000,-0.07200000,4.96522290000,9.1000,3490.00,0.345000,0.329000,,64.00000,22.00000,11.46670,68.1789866,-39.7908744,50.2773000,0.0236008,239.4100000,-967.7720000,19.87820000
"K2-151 b","K2-151","Transit",1.49000000,0.08000000,-0.08000000,3.83547600000,,3695.00,0.470000,0.450000,-0.1900,,,,19.3047733,9.5012663,14.3638000,0.0312634,55.3851000,-29.0105000,69.47980000
"Kepler-993 b","Kepler-993","Transit",2.97000000,0.18000000,-0.12000000,22.08557563000,,3843.00,0.570000,0.540000,0.0300,,,,292.6141076,44.3946644,3.0543900,0.0423322,2.2352000,4.4701000,324.42300000
"TOI-4342 c","TOI-4342","Transit",2.34900000,0.09400000,-0.09200000,10.68866200000,11.6000,3866.00,0.587000,0.598000,0.2600,14.69100,0.08000,-4.43000,324.3894196,-77.9791468,16.2259000,0.0268071,120.3990000,-91.4254000,61.52040000
"Kepler-1761 b","Kepler-1761","Transit",1.39109603,,,4.04354000100,,3871.00,0.573000,0.532000,0.0700,,,,284.1329728,49.1426325,4.4922800,0.0229871,15.6437000,8.1771400,221.18600000
"TOI-5799 b","TOI-5799","Transit",1.73300000,0.09600000,-0.09000000,4.16450700000,,3452.00,0.325000,0.321000,0.0100,,,,301.6301790,15.9891418,35.9264000,0.0321363,177.6350000,244.2050000,27.81230000
"Kepler-446 b","Kepler-446","Transit",1.50000000,0.25000000,-0.25000000,1.56540900000,,3359.00,0.220000,0.240000,-0.3000,,,-118.00000,282.2501047,44.9210020,10.3516000,0.0546893,-12.4659000,-24.0108000,96.33900000
"K2-28 b","K2-28","Transit",2.32000000,0.24000000,-0.24000000,2.26045500000,,3214.00,0.257000,0.288000,0.2600,,,,335.6233145,-7.9563525,15.8456000,0.0799362,-254.6550000,-194.5510000,62.99690000
"TOI-2285 b","TOI-2285","Transit",1.77000000,0.12000000,-0.09000000,13.63510900000,3.9100,3491.00,0.454000,0.464000,-0.0500,,,-24.10000,332.5632644,58.7060934,23.5510000,0.0259528,21.2626000,-20.8738000,42.40900000
"TOI-912 b","TOI-912","Transit",1.93000000,0.13000000,-0.13000000,4.67806910000,15.0000,3572.00,0.418000,0.419000,-0.1900,45.90000,0.60000,10.47000,229.3285665,-80.4733446,38.2746000,0.0242374,-450.9550000,-93.8193000,26.10720000
"K2-71 b","K2-71","Transit",2.15000000,0.33000000,-0.33000000,6.98541000000,13.4000,4006.00,0.477000,0.426000,,,,,341.7248656,-9.8816109,6.4994600,0.0516049,103.5550000,0.5903210,153.19200000
"LHS 1903 d","LHS 1903","Transit",2.50000000,0.07800000,-0.07700000,12.56628700000,6.3500,3664.00,0.538000,0.539000,-0.1100,40.80000,,,107.8658260,48.3279327,27.9890000,0.0649198,-93.0762000,-570.5520000,35.69170000
"TOI-1201 b","TOI-1201","Transit",2.41500000,0.09100000,-0.09000000,2.49198630000,40.6000,3476.00,0.512000,0.508000,0.0500,21.00000,2.00000,,42.2476999,-14.5372835,26.3653000,0.0356570,164.0590000,46.6256000,37.88710000
"GJ 238 b","GJ 238","Transit",0.56600000,0.01400000,-0.01400000,1.74469990000,,3485.00,0.419300,0.431400,0.1500,44.00000,2.00000,,98.4548810,-58.5250316,65.6992000,0.0305741,-404.3510000,795.8500000,15.21420000
"Kepler-438 b","Kepler-438","Transit",1.12000000,0.16000000,-0.17000000,35.23319000000,1.4000,3748.00,0.544000,0.520000,0.1600,,,,281.6457236,41.9510686,,,-20.3406000,-22.8105000,
"K2-124 b","K2-124","Transit",2.90000000,0.10000000,-0.10000000,6.41365100000,,3570.00,0.390000,0.388000,0.0230,,,,133.6410515,23.1329509,7.0952700,0.0658560,-30.2741000,12.4322000,140.38500000
"K2-413 b","K2-413","Transit",0.75990000,0.07580000,-0.04960000,0.80940000000,921.7550,4116.00,0.808000,0.700000,-0.2050,,,,353.4175668,-7.6120272,3.4784900,0.0430269,-7.0716200,-22.0485000,285.16200000
"TOI-6002 b","TOI-6002","Transit",1.65000000,0.22000000,-0.19000000,10.90482100000,1.6823,3229.00,0.210100,0.243200,-0.1800,,,-10.20000,299.6142524,32.2871702,31.1952000,0.0432925,-37.9981000,-346.5610000,32.02660000
"TIC 231949697 b","TIC 231949697","Transit",1.52831855,0.34944237,-0.18252922,0.90720448719,,3451.32,,0.492584,,,,,94.2576817,-43.3661845,19.8752000,0.0244672,-40.0954000,58.3706000,50.24080000
"Kepler-296 c","Kepler-296","Transit",2.00000000,0.33000000,-0.32000000,5.84163660000,14.8000,3740.00,0.498000,0.480000,-0.0800,,,,286.5400278,49.4372614,,,1.8396000,-11.4940000,
"Kepler-1075 b","Kepler-1075","Transit",1.42000000,0.16000000,-0.33000000,1.52372816000,,3959.00,0.560000,0.540000,-0.1700,,,,287.5011404,47.4691157,3.4057600,0.0573637,-3.0229000,-26.9758000,291.27500000
"K2-404 b","K2-404","Transit",2.53000000,0.08400000,-0.08300000,13.11536500000,,3748.00,0.552000,0.552000,0.0050,,,,160.3249517,12.1911149,8.1930000,0.0388775,-11.2768000,-29.7323000,121.63000000
"K2-104 b","K2-104","Transit",1.79000000,0.10000000,-0.06000000,1.97419540000,,3712.00,0.510000,0.480000,0.1800,,,,129.6366594,19.7737202,5.2573300,0.1084210,-34.4021000,-12.8198000,189.28900000
"TOI-1752 b","TOI-1752","Transit",1.69300000,0.06800000,-0.06800000,0.93518610000,,3762.00,0.524000,0.530000,-0.1100,,,,253.4614861,60.7096197,9.6779800,0.0313663,-171.2520000,125.1960000,103.02100000
"TOI-5716 b","TOI-5716","Transit",0.96000000,0.05000000,-0.05000000,6.76630000000,,3436.00,0.190000,0.220000,-0.5400,,,25.50000,201.9007989,73.1774325,25.3440000,0.0432672,-81.5014000,-217.2640000,39.41220000
"Kepler-52 b","Kepler-52","Transit",2.10000000,,,7.87735650000,,4075.00,0.540000,0.520000,,,,,286.7380152,49.9757383,3.0812800,0.0230525,-3.9753700,1.3779500,321.54200000
"EPIC 211822797 b","EPIC 211822797","Transit",1.92000000,0.12000000,-0.07000000,21.17019630000,,4057.00,0.620000,0.580000,0.2000,,,,130.4102091,17.6399744,5.3420900,0.0390588,-36.1698000,-11.4013000,186.19700000
"TOI-2018 b","TOI-2018","Transit",2.26800000,0.06900000,-0.06900000,7.43558300000,,4174.00,0.570000,0.620000,-0.5800,23.50000,1.00000,,229.8374423,29.2078771,35.6909000,0.0270449,-141.0960000,395.5020000,27.99560000
"TOI-5713 b","TOI-5713","Transit",1.77000000,0.17000000,-0.14000000,10.44198900000,2.2554,3225.00,0.265300,0.299200,-0.0300,,,-14.69000,208.4587323,52.6027628,24.4409000,0.0433144,108.4880000,-19.4009000,40.86680000
"TOI-2267 b","TOI-2267 A","Transit",1.00000000,0.11000000,-0.11000000,2.28909000000,8.4000,3030.00,0.171000,0.207500,0.1640,0.69580,,-19.00000,65.0614963,84.9008238,,,192.4500000,-218.9400000,
"Kepler-691 b","Kepler-691","Transit",2.09000000,0.09000000,-0.09000000,8.11437900000,,3715.00,0.530000,0.500000,0.0400,,,,288.8117314,40.0332311,3.5546400,0.0432221,-45.7941000,-36.6724000,279.11500000
"TOI-5799 c","TOI-5799","Transit",1.76000000,0.11000000,-0.10000000,14.01044900000,,3452.00,0.325000,0.321000,0.0100,,,,301.6301790,15.9891418,35.9264000,0.0321363,177.6350000,244.2050000,27.81230000
"K2-117 c","K2-117","Transit",2.06000000,0.12000000,-0.12000000,5.44401700000,,3778.00,0.540000,0.510000,-0.0500,,,,133.8557342,10.4692176,9.8106600,0.0358559,11.5489000,18.0583000,101.63200000
"Kepler-505 b","Kepler-505","Transit",2.60000000,0.11000000,-0.09000000,27.52197994000,,3931.00,0.550000,0.530000,-0.1900,,,,287.8579530,42.5426758,3.4996900,0.0221407,-23.5959000,11.8700000,283.41000000
"Kepler-1687 b","Kepler-1687","Transit",1.65623882,,,5.77954000000,,4132.00,0.650000,0.726119,,,,,289.7428363,50.7870626,2.3695800,0.0304710,4.2112600,2.7641700,417.01400000
"EPIC 206042996 b","EPIC 206042996","Transit",1.70000000,0.20000000,-0.20000000,5.29860000000,,4114.00,,0.500000,0.0060,,,,337.5136198,-13.6101475,2.1868900,0.0659555,7.2981400,-7.4296300,451.76900000
"LHS 1903 e","LHS 1903","Transit",1.73200000,0.05900000,-0.05800000,29.31773000000,2.0500,3664.00,0.538000,0.539000,-0.1100,40.80000,,,107.8658260,48.3279327,27.9890000,0.0649198,-93.0762000,-570.5520000,35.69170000
"TOI-2266 b","TOI-2266","Transit",1.54000000,0.09000000,-0.09000000,2.32631800000,13.0000,3200.00,0.230000,0.240000,,,,,245.2800398,31.5770413,19.3509000,0.0482468,47.4683000,37.8767000,51.60040000
"TOI-2136 b","TOI-2136","Transit",2.19000000,0.17000000,-0.17000000,7.85192800000,4.0000,3342.00,0.340000,0.340000,0.0300,75.00000,5.00000,-28.80000,281.1763433,36.5631318,29.9445000,0.0572815,-33.7996000,177.3580000,33.36310000
"TOI-4479 b","TOI-4479","Transit",2.82000000,0.65000000,-0.63000000,1.15890000000,92.5000,3400.00,0.452000,0.451000,0.0000,,,,316.0969388,24.6536739,12.3700000,0.0391567,90.9260000,-121.1120000,80.65320000
"Kepler-353 c","Kepler-353","Transit",1.38000000,0.07000000,-0.07000000,8.41089400000,,3903.00,,0.504000,,,,,296.8565596,41.7580749,2.5712300,0.0331556,-7.5289800,-22.5899000,384.69400000
"K2-326 b","K2-326","Transit",2.28000000,0.18000000,-0.18000000,1.25600000000,,3924.00,0.507000,0.688000,,,,,351.6122620,1.3375909,3.5139000,0.0415802,22.3221000,3.9557000,282.30800000
"TOI-6000 b","TOI-6000","Transit",0.94000000,0.05000000,-0.05000000,0.44895900000,,3419.00,0.370000,0.380000,,,,,292.6062979,68.1545924,13.1696000,0.0326411,-8.1996600,11.3222000,75.76640000
"TOI-1235 b","TOI-1235","Transit",1.69000000,0.08000000,-0.08000000,3.44471400000,,3997.00,0.630000,0.619000,0.3300,,,,152.2182549,69.2766204,25.2016000,0.0301893,196.6310000,17.3690000,39.63450000
"TOI-206 b","TOI-206","Transit",1.30000000,0.05000000,-0.05000000,0.73631040000,,3383.00,0.350000,0.350000,,,,,73.7382202,-62.5218740,20.9152000,0.0477779,105.9730000,111.0150000,47.74650000
"K2-123 b","K2-123","Transit",2.76000000,0.16000000,-0.16000000,30.95152400000,,4035.00,0.620000,0.590000,0.0300,,,,134.4441404,21.4532748,6.1609900,0.0248026,-11.4801000,-58.8693000,161.55500000
"Kepler-1388 c","Kepler-1388","Transit",2.26000000,0.14000000,-0.11000000,5.53608151000,,4098.00,0.630000,0.610000,0.0200,,,,283.3360156,47.1744499,2.1754900,0.0360522,-7.3150900,-15.2703000,453.79500000
"K2-322 b","K2-322","Transit",1.92000000,0.29000000,-0.18000000,8.20500000000,,4141.00,0.630000,0.602000,,,,,156.6226981,4.7640203,8.0738200,0.0205118,-16.3044000,-2.6373600,123.41500000
"TOI-1749 d","TOI-1749","Transit",2.52000000,0.15000000,-0.15000000,9.04970000000,,3985.00,0.580000,0.550000,-0.2600,,,,282.7372281,64.4194660,10.0156000,0.0117367,-54.4016000,61.8267000,99.55610000
"Kepler-225 c","Kepler-225","Transit",1.84000000,0.10000000,-0.10000000,18.79423400000,,3682.00,,0.480000,,,,,292.1939846,47.4570808,1.7544100,0.0391617,-3.9046200,-4.7171900,561.10100000
"K2-264 b","K2-264","Transit",2.23100000,0.15100000,-0.14500000,5.84000200000,,3660.00,0.496000,0.473000,-0.0130,22.20000,0.60000,,131.3583524,19.6984010,5.3598200,0.0604593,-37.8997000,-13.0794000,185.60500000
"K2-133 e","K2-133","Transit",1.73000000,0.14000000,-0.13000000,26.58410000000,1.8000,3655.00,0.461000,0.455000,,,,107.20000,70.1493775,25.0098135,13.2743000,0.0353491,185.6580000,-46.3627000,75.17030000
"K2-152 b","K2-152","Transit",2.29000000,0.25000000,-0.24000000,32.64790000000,,4044.00,0.630000,0.610000,0.1200,,,,181.6324078,-5.8274311,9.1921400,0.0347971,-92.8537000,-4.5249600,108.44900000
"K2-332 b","K2-332","Transit",2.20000000,0.19000000,-0.15000000,17.70632000000,,3315.00,0.270000,0.280000,0.0900,31.71000,3.60000,,135.8832666,14.2504994,8.0894900,0.0911418,-15.4171000,-10.7280000,123.20200000
"K2-323 b","K2-323","Transit",2.10000000,0.09000000,-0.11000000,24.93000000000,,3710.00,0.478000,0.549000,,,,,159.4209874,6.2858689,8.4230900,0.0390194,-11.1627000,-17.3015000,118.31800000
"Kepler-231 c","Kepler-231","Transit",1.93000000,0.19000000,-0.19000000,19.27156600000,,3767.00,,0.490000,,,,,293.9733913,50.5318460,3.1299500,0.0328129,5.0404100,-12.6196000,316.61800000
"Kepler-369 c","Kepler-369","Transit",1.41000000,0.06000000,-0.06000000,14.87157200000,,3591.00,,0.471000,,,,,293.6743322,47.9084727,,,17.9522000,11.6172000,
"K2-384 b","K2-384","Transit",1.07600000,0.23200000,-0.06000000,2.23152700000,,3623.00,0.330000,0.348000,0.0680,,,,20.4998403,0.7509701,12.0702000,0.1011710,103.2280000,-59.6009000,82.66030000
"TOI-2768 b","TOI-2768","Transit",2.63000000,0.45000000,-0.44000000,1.50801000000,,4008.00,0.630000,0.657000,,,,,99.3641336,-15.4812031,12.7177000,0.0303684,-82.7187000,85.1357000,78.45250000
"K2-324 b","K2-324","Transit",2.43000000,0.15000000,-0.13000000,3.26200000000,,3752.00,0.517000,0.505000,,,,,157.6222171,6.8636732,7.2896700,0.0849693,-17.1420000,-5.4633700,136.66700000
"TOI-1680 b","TOI-1680","Transit",1.46600000,0.06300000,-0.04900000,4.80263450000,4.4100,3225.00,0.179800,0.210600,0.0400,,,-34.30000,292.3139790,65.9738018,26.8377000,0.0440824,56.5741000,-131.3320000,37.22090000
"TOI-904 b","TOI-904","Transit",2.42600000,0.16300000,-0.15200000,10.87720000000,,3770.20,0.557000,0.527000,0.0220,17.10000,,,89.3712733,-83.1297264,21.6681000,0.0162974,-28.9408000,110.8580000,46.08910000
"Kepler-994 b","Kepler-994","Transit",1.60000000,0.07000000,-0.27000000,1.15116650600,,3934.00,0.560000,0.540000,-0.1300,,,,289.0720752,47.4069180,5.2858200,0.0204806,-17.9587000,-31.7325000,188.15800000
"TOI-1693 b","TOI-1693","Transit",1.41000000,0.10000000,-0.10000000,1.76669570000,,3499.00,0.490000,0.460000,,,,,90.3083455,34.7730904,32.4443000,0.0409149,-22.7621000,-17.7648000,30.79470000
"TOI-2081 b","TOI-2081","Transit",2.04000000,0.50000000,-0.54000000,10.50534000000,8.1000,3800.00,0.540000,0.534000,-0.5000,,,,264.3022634,53.0255666,16.0109000,0.0212854,-111.9880000,-31.7798000,62.34460000
"TOI-4342 b","TOI-4342","Transit",2.32900000,0.08600000,-0.08500000,5.53825920000,27.8000,3866.00,0.587000,0.598000,0.2600,14.69100,0.08000,-4.43000,324.3894196,-77.9791468,16.2259000,0.0268071,120.3990000,-91.4254000,61.52040000
"TOI-2427 b","TOI-2427","Transit",1.80000000,0.12000000,-0.12000000,1.30600110000,,4072.00,0.640000,0.650000,,,,,52.2917315,-31.3628665,35.0407000,0.0339887,150.4530000,41.3865000,28.51470000
"Kepler-327 b","Kepler-327","Transit",1.11000000,0.05000000,-0.05000000,2.54957500000,,3799.00,,0.492000,,,,,292.6422963,44.0876251,4.1037200,0.0248989,-11.3124000,-7.1930100,241.98700000
"K2-3 d","K2-3","Transit",1.45800000,0.05600000,-0.05100000,44.55603000000,1.4400,3844.00,0.549000,0.546000,-0.1570,,,,172.3353708,-1.4551364,22.6610000,0.0552838,94.0337000,-78.1392000,44.07270000
"K2-25 b","K2-25","Transit",3.44000000,0.12000000,-0.12000000,3.48456408000,9.9100,3207.00,0.263400,0.293200,0.1500,1.87800,0.00500,,63.2739346,15.2477027,22.2153000,0.0814423,122.1480000,-18.3371000,44.95650000
"TOI-406 c","TOI-406","Transit",1.32000000,0.12000000,-0.12000000,3.30744100000,19.0000,3392.00,0.408000,0.410000,-0.0200,29.20000,0.50000,14.48000,49.2626428,-42.2441492,32.1671000,0.0350084,41.6746000,-412.8270000,31.05970000
"Kepler-1321 c","Kepler-1321","Transit",2.40000000,0.30000000,-0.18000000,2.22649108600,,4094.00,0.540000,0.530000,-0.4500,,,,294.5285970,46.6408737,1.2752800,0.0636602,-4.0502100,-21.3143000,769.14600000
"Kepler-1203 b","Kepler-1203","Transit",1.06000000,0.06000000,-0.04000000,0.58800076500,,4105.00,0.640000,0.610000,0.0100,,,,292.7734523,44.1780880,3.1258000,0.0287621,11.0439000,-0.4126650,317.02200000
"Kepler-988 b","Kepler-988","Transit",2.07000000,0.47000000,-0.16000000,17.76080053000,,4005.00,0.550000,0.530000,-0.3200,,,,290.7082585,42.2372245,3.2513000,0.0282870,-18.0236000,-5.7425400,304.88900000
"Kepler-737 b","Kepler-737","Transit",1.96000000,0.11000000,-0.11000000,28.59915399000,,3813.00,0.510000,0.480000,-0.2400,,,,291.8629793,46.4291614,4.8465200,0.0273260,20.0604000,-19.8763000,205.11800000
"Kepler-54 c","Kepler-54","Transit",1.23000000,,,12.07172490000,,3705.00,0.510000,0.500000,,,,,294.7739245,43.0561976,3.6522800,0.0392143,0.0348401,-18.4991000,271.70100000
"K2-129 b","K2-129","Transit",1.04000000,0.10000000,-0.09000000,8.23949300000,4.5000,3459.09,0.360031,0.360010,,,,,289.1485491,-25.6463233,35.9483000,0.0956121,51.4429000,-312.0610000,27.79570000
"Kepler-49 b","Kepler-49","Transit",2.57900000,0.08700000,-0.08600000,7.20000000000,,4095.60,0.607000,0.618000,,,,,292.2945208,40.5918123,3.1845000,0.0257186,-7.6144900,4.2785600,311.22200000
"K2-117 b","K2-117","Transit",2.03000000,0.10000000,-0.10000000,1.29160000000,,3778.00,0.540000,0.510000,-0.0500,,,,133.8557342,10.4692176,9.8106600,0.0358559,11.5489000,18.0583000,101.63200000
"Kepler-125 b","Kepler-125","Transit",2.37000000,0.10000000,-0.10000000,4.16438900000,,3810.00,,0.512000,,,,,298.2581101,47.6050031,5.4249000,0.0290525,0.6594580,10.6104000,183.36500000
"K2-18 b","K2-18","Transit",2.37000000,0.22000000,-0.22000000,32.93962300000,,3457.00,0.359000,0.411000,0.1200,39.63000,0.50000,,172.5601410,7.5878315,26.2686000,0.0545906,-80.3765000,-133.1420000,38.02660000
"TOI-1749 c","TOI-1749","Transit",2.12000000,0.12000000,-0.12000000,4.49290000000,,3985.00,0.580000,0.550000,-0.2600,,,,282.7372281,64.4194660,10.0156000,0.0117367,-54.4016000,61.8267000,99.55610000
"TOI-237 b","TOI-237","Transit",1.44000000,0.12000000,-0.12000000,5.43609800000,3.7000,3212.00,0.179000,0.211000,,102.00000,22.00000,7.80000,353.2435381,-29.4164870,26.2368000,0.1559950,151.0470000,-333.1940000,38.07490000
"TOI-5489 b","TOI-5489","Transit",1.40000000,0.05000000,-0.05000000,3.15222000000,,3547.00,0.410000,0.420000,,,,37.71000,128.6912940,11.4895882,22.1489000,0.0615848,-66.1167000,20.7022000,45.09070000
"TOI-756 b","TOI-756","Transit",2.81000000,0.10000000,-0.10000000,1.23924950000,127.0000,3657.00,0.505000,0.505000,0.1960,,,15.36000,192.1037380,-45.4704709,11.5755000,0.0419213,-216.3720000,29.2085000,86.17590000
"Kepler-138 c","Kepler-138","Transit",1.51000000,0.04000000,-0.04000000,13.78150000000,6.8000,3841.00,0.535000,0.535000,-0.1800,,,,290.3814122,43.2930645,14.9272000,0.0237547,-20.5991000,22.6980000,66.86240000
"Kepler-32 e","Kepler-32","Transit",1.50000000,0.10000000,-0.10000000,2.89600000000,,3900.00,0.580000,0.530000,0.0000,,,,297.8423073,46.5743595,3.0594800,0.0321976,-13.6176000,19.6456000,323.84700000
"K2-321 b","K2-321","Transit",2.05124347,0.16813471,-0.13450777,2.29797490000,,3750.00,0.578000,0.595000,0.1480,,,,156.4054989,2.5138829,12.8433000,0.0533076,50.9222000,-109.1980000,77.68880000
"TOI-1266 c","TOI-1266","Transit",1.98000000,0.10000000,-0.10000000,18.80270000000,,3563.00,0.437000,0.423200,-0.1090,44.60000,0.50000,-41.58000,197.9965833,65.8336973,27.7397000,0.0226124,-150.6520000,-25.3682000,36.01180000
"TOI-5736 b","TOI-5736","Transit",1.56000000,0.07000000,-0.07000000,0.64899000000,,3949.00,0.570000,0.580000,,,,-1.76000,213.7583971,49.5009379,10.7982000,0.0206143,-33.2794000,-82.9061000,92.36040000
"K2-343 c","K2-343","Transit",2.02000000,0.10000000,-0.07000000,7.67697200000,,3804.00,0.490000,0.460000,-0.1000,,,,134.2021746,21.5026882,5.9893300,0.0376275,-10.9033000,3.4116200,166.16900000
"Kepler-844 b","Kepler-844","Transit",1.68000000,0.07000000,-0.24000000,2.61302085600,,4128.00,0.590000,0.570000,-0.2400,,,,287.8578541,48.7739646,2.2884800,0.0479578,16.4971000,-26.0588000,431.77600000
"LHS 1678 b","LHS 1678","Transit",0.68500000,0.03700000,-0.03500000,0.86023250000,94.3000,3490.00,0.345000,0.329000,,64.00000,22.00000,11.46670,68.1789866,-39.7908744,50.2773000,0.0236008,239.4100000,-967.7720000,19.87820000
"Kepler-674 b","Kepler-674","Transit",1.69000000,0.10000000,-0.07000000,2.24338184700,,4192.00,0.600000,0.570000,-0.2700,,,,285.1761864,50.1496897,2.8932200,0.0276378,-2.5675900,-23.0990000,342.25400000
"GJ 3473 b","GJ 3473","Transit",1.26400000,0.05000000,-0.04900000,1.19800350000,59.4000,3347.00,0.360000,0.364000,0.1100,168.30000,4.20000,-1.10100,120.5936065,3.3371629,36.5150000,0.0498293,-403.1680000,-381.0150000,27.36440000
"TOI-406.01","TOI-406","Transit",2.08000000,0.16000000,-0.15000000,13.17568200000,3.0000,3392.00,0.408000,0.410000,-0.0200,29.20000,0.50000,14.48000,49.2626428,-42.2441492,32.1671000,0.0350084,41.6746000,-412.8270000,31.05970000
"TOI-2445 b","TOI-2445","Transit",1.25000000,0.08000000,-0.08000000,0.37112810000,,3333.00,0.250000,0.270000,,,,,43.3161555,0.0523366,20.5557000,0.1040640,57.2123000,-24.0496000,48.58200000
"TOI-1442 b","TOI-1442","Transit",1.17000000,0.06000000,-0.06000000,0.40906770000,,3330.00,0.290000,0.310000,,,,,287.2921006,74.1742762,24.2630000,0.0361149,82.0636000,462.8130000,41.16590000
"LTT 1445 A c","LTT 1445 A","Transit",1.14700000,0.05500000,-0.05400000,3.12390350000,10.9000,3340.00,0.257000,0.265000,-0.3400,,,,45.4624781,-16.5944956,145.5470000,0.0800058,-369.1960000,-268.5100000,6.86929000
"K2-22 b","K2-22","Transit",2.30000000,0.10000000,-0.10000000,0.38107300000,,3879.00,,0.580000,0.0320,,,,169.4827046,2.6190363,4.0728600,0.0466921,-27.1082000,-4.7117000,243.83600000
"K2-264 c","K2-264","Transit",2.66800000,0.20100000,-0.19400000,19.66030200000,,3660.00,0.496000,0.473000,-0.0130,22.20000,0.60000,,131.3583524,19.6984010,5.3598200,0.0604593,-37.8997000,-13.0794000,185.60500000
"K2-384 c","K2-384","Transit",1.19100000,0.05300000,-0.07500000,4.19476600000,,3623.00,0.330000,0.348000,0.0680,,,,20.4998403,0.7509701,12.0702000,0.1011710,103.2280000,-59.6009000,82.66030000
"Kepler-1229 b","Kepler-1229","Transit",1.40000000,0.11000000,-0.13000000,86.82898900000,,3784.00,0.540000,0.510000,-0.0600,,,,297.4868347,46.9966782,3.7388100,0.0472469,21.6188000,-4.2379300,265.48200000
"TOI-1231 b","TOI-1231","Transit",3.65000000,0.16000000,-0.15000000,24.24558600000,1.9300,3553.00,0.485000,0.476000,0.0410,,,,156.7472600,-52.4678724,36.1735000,0.0791761,-89.0458000,361.6030000,27.62270000
"LHS 1478 b","LHS 1478","Transit",1.24200000,0.05100000,-0.04900000,1.94953780000,,3381.00,0.236000,0.246000,-0.1300,,,,44.3388743,76.5514045,54.8329000,0.0328048,691.0360000,-399.6850000,18.22760000
"TRAPPIST-1 b","TRAPPIST-1","Transit",1.11600000,0.01400000,-0.01200000,1.51082600000,4.1530,2566.00,0.089800,0.119200,,,,,346.6263919,-5.0434618,,,901.0000000,-492.0000000,
"TRAPPIST-1 c","TRAPPIST-1","Transit",1.09700000,0.01400000,-0.01200000,2.42193700000,2.2140,2566.00,0.089800,0.119200,,,,,346.6263919,-5.0434618,,,901.0000000,-492.0000000,
"TRAPPIST-1 d","TRAPPIST-1","Transit",0.78800000,0.01100000,-0.01000000,4.04921900000,1.1150,2566.00,0.089800,0.119200,,,,,346.6263919,-5.0434618,,,901.0000000,-492.0000000,
"TRAPPIST-1 e","TRAPPIST-1","Transit",0.92000000,0.01300000,-0.01200000,6.10101300000,0.6460,2566.00,0.089800,0.119200,,,,,346.6263919,-5.0434618,,,901.0000000,-492.0000000,
"TRAPPIST-1 f","TRAPPIST-1","Transit",1.04500000,0.01300000,-0.01200000,9.20754000000,0.3730,2566.00,0.089800,0.119200,,,,,346.6263919,-5.0434618,,,901.0000000,-492.0000000,
"TRAPPIST-1 g","TRAPPIST-1","Transit",1.12900000,0.01500000,-0.01300000,12.35244600000,0.2520,2566.00,0.089800,0.119200,,,,,346.6263919,-5.0434618,,,901.0000000,-492.0000000,
"TRAPPIST-1 h","TRAPPIST-1","Transit",0.75500000,0.01400000,-0.01400000,18.77286600000,0.1440,2566.00,0.089800,0.119200,,,,,346.6263919,-5.0434618,,,901.0000000,-492.0000000,
"Kepler-1826 b","Kepler-1826","Transit",1.47519116,,,1.61536002200,,3821.00,0.490000,0.486000,-0.2800,,,,292.7700072,48.8998469,2.9392000,0.0275994,12.1977000,48.4072000,336.95200000
"K2-133 c","K2-133","Transit",1.60300000,0.09000000,-0.08800000,4.86784000000,,3655.00,0.461000,0.455000,,,,107.20000,70.1493775,25.0098135,13.2743000,0.0353491,185.6580000,-46.3627000,75.17030000
"TOI-1846 b","TOI-1846","Transit",1.79200000,0.06500000,-0.06800000,3.93067370000,17.3500,3568.00,0.418000,0.397000,0.1690,,,,257.9549645,54.5278483,21.1354000,0.0428150,-61.6254000,211.3150000,47.24960000
"TOI-1238 c","TOI-1238","Transit",2.11000000,0.14000000,-0.14000000,3.29473600000,63.0000,4089.00,0.590000,0.580000,0.3100,40.00000,5.00000,-17.49000,201.3823387,68.8360678,14.1124000,0.0239214,-4.9634100,-45.9215000,70.71450000
"TOI-1080 b","TOI-1080","Transit",1.20000000,0.05800000,-0.05800000,3.96524820000,4.3500,3065.00,0.166700,0.201900,-0.0900,,,-78.30000,276.3683249,-52.2145730,39.0965000,0.0821687,-270.2930000,-69.5518000,25.55900000
"K2-5 c","K2-5","Transit",2.26000000,0.62000000,-0.62000000,10.93241000000,10.2000,3930.00,0.610000,0.570000,-0.3300,,,,169.3034598,-1.8778254,4.8989900,0.0398059,-11.0734000,33.3186000,202.94300000
"K2-239 b","K2-239","Transit",1.10000000,0.10000000,-0.10000000,5.24000000000,,3420.00,0.400000,0.360000,-0.1000,,,,160.5941265,4.4413751,32.1414000,0.0851176,-42.2651000,3.9756200,31.08490000
"Kepler-1798 b","Kepler-1798","Transit",2.30911251,,,16.85589981000,,3967.00,0.593000,0.587000,0.0600,,,,291.7262251,37.5289680,2.5024000,0.0382587,4.9901200,11.7302000,395.19600000
"K2-154 c","K2-154","Transit",2.07000000,0.18000000,-0.13000000,7.95486000000,,4097.00,0.650000,0.630000,0.2100,,,,189.0015173,-2.6696217,7.7017500,0.0264005,0.7503210,-34.5675000,129.35600000
"TOI-2015 b","TOI-2015","Transit",3.30900000,0.01300000,-0.01100000,3.34823700000,13.1850,3297.00,0.304100,0.327300,-0.3100,,,,232.1326528,27.3610730,21.0930000,0.0500165,-56.1664000,63.9663000,47.34440000
"Kepler-901 b","Kepler-901","Transit",1.37000000,0.07000000,-0.06000000,3.51749439400,,4184.00,0.590000,0.570000,-0.3000,,,,291.1528056,40.8876814,3.9103100,0.0231128,-22.4614000,34.4059000,253.86700000
"Kepler-1712 b","Kepler-1712","Transit",2.28372556,,,13.81499958000,,3732.00,0.515000,0.509000,0.0200,,,,284.9986980,50.1466922,6.3705500,0.0192283,9.3798900,-17.7698000,156.26400000
"Kepler-568 b","Kepler-568","Transit",2.26000000,0.08000000,-0.08000000,11.02347475000,,3768.00,0.550000,0.530000,0.1100,,,,298.1061315,48.4016448,7.6255400,0.0288227,57.9493000,106.6700000,130.64500000
"K2-315 b","K2-315","Transit",0.95000000,0.05800000,-0.05800000,3.14431890000,7.4500,3300.00,0.174000,0.196000,-0.2400,,,6.25000,228.0210932,-20.1081634,17.5252000,0.0801134,-120.2550000,74.6597000,56.96860000
"TOI-833 b","TOI-833","Transit",1.27000000,0.07000000,-0.07000000,1.04187770000,,3920.00,0.610000,0.600000,,,,,145.6454720,-62.4758857,23.9434000,0.0238187,-157.2390000,79.7154000,41.71480000
"TOI-5728 b","TOI-5728","Transit",1.31000000,0.05000000,-0.05000000,11.49761000000,,3419.00,0.360000,0.370000,-0.1200,,,-6.81000,260.3509363,67.5504212,18.2511000,0.0343070,64.0570000,159.4360000,54.70450000
"G 9-40 b","G 9-40","Transit",1.90000000,0.06500000,-0.06500000,5.74599820000,6.2700,3395.00,0.295200,0.302600,-0.0700,30.00000,1.00000,,134.7188514,21.0747961,35.7781000,0.0572949,175.5120000,-318.4690000,27.92760000
"Kepler-353 b","Kepler-353","Transit",0.89000000,0.06000000,-0.06000000,5.79527800000,,3903.00,,0.504000,,,,,296.8565596,41.7580749,2.5712300,0.0331556,-7.5289800,-22.5899000,384.69400000
"GJ 3929 b","GJ 3929","Transit",1.09000000,0.04000000,-0.04000000,2.61623500000,17.3000,3384.00,0.313000,0.320000,-0.0200,,,10.26500,239.5775678,35.4081141,63.2240000,0.0379804,-143.2770000,318.2190000,15.80950000
"HD 260655 b","HD 260655","Transit",1.24000000,0.02300000,-0.02300000,2.76953000000,42.2000,3803.00,0.439000,0.439000,-0.4300,37.50000,0.40000,-58.75000,99.2915429,17.5662696,99.9164000,0.0503102,-764.5220000,337.8020000,10.00550000
"HD 260655 c","HD 260655","Transit",1.53300000,0.05100000,-0.04600000,5.70588000000,16.1000,3803.00,0.439000,0.439000,-0.4300,37.50000,0.40000,-58.75000,99.2915429,17.5662696,99.9164000,0.0503102,-764.5220000,337.8020000,10.00550000
"Kepler-296 d","Kepler-296","Transit",2.09000000,0.33000000,-0.32000000,19.85029100000,2.9000,3740.00,0.498000,0.480000,-0.0800,,,,286.5400278,49.4372614,,,1.8396000,-11.4940000,
"Kepler-658 b","Kepler-658","Transit",1.63000000,0.06000000,-0.06000000,1.28707676200,,4103.00,0.630000,0.600000,-0.0400,,,,282.9836210,47.5783897,2.5464200,0.0330781,-23.9737000,-45.4667000,388.38400000
"Kepler-1649 b","Kepler-1649","Transit",1.01700000,0.05100000,-0.05100000,8.68909900000,2.2080,3240.00,0.197700,0.231700,-0.1500,,,,292.5029676,41.8299933,10.8187000,0.0637230,-135.8420000,-99.2319000,92.19130000
"K2-148 b","K2-148","Transit",1.33000000,0.19000000,-0.18000000,4.38395000000,48.8000,4079.00,0.650000,0.632000,-0.1100,,,,14.5176494,-0.1932580,8.0061500,0.0399039,-38.6993000,-23.5905000,124.45800000
"K2-316 c","K2-316","Transit",1.83000000,0.13000000,-0.12000000,5.26000000000,,3436.00,0.408000,0.379000,,,,,233.6247336,-23.2594663,8.8622200,0.0753087,-0.3893850,-64.4727000,112.48600000
"TOI-2094 b","TOI-2094","Transit",1.90000000,0.10000000,-0.10000000,18.79319300000,0.9800,3435.00,0.425000,0.384000,-0.0600,,,-24.98000,254.1425333,70.0273157,19.9612000,0.0332118,-55.2690000,0.0375291,50.02480000
"Kepler-1741 b","Kepler-1741","Transit",1.27300000,,,2.75759005500,,3683.00,0.454000,0.424000,-0.2200,,,,292.5770730,39.1209390,3.6652600,0.0367736,6.1454700,10.1406000,270.73900000
"Kepler-1089 b","Kepler-1089","Transit",1.83000000,0.10000000,-0.34000000,5.13248561800,,3753.00,0.520000,0.490000,-0.0900,,,,291.0926509,49.1901729,3.8277200,0.0370974,-15.6191000,24.0075000,259.32800000
"LP 890-9 b","LP 890-9","Transit",1.32000000,0.05300000,-0.02700000,2.72990250000,4.0900,2850.00,0.118000,0.155600,-0.0280,,,27.94000,64.1309096,-28.3157909,30.8071000,0.0661161,218.5340000,-251.1310000,32.42980000
"LP 890-9 c","LP 890-9","Transit",1.36700000,0.05500000,-0.03900000,8.45746300000,0.9060,2850.00,0.118000,0.155600,-0.0280,,,27.94000,64.1309096,-28.3157909,30.8071000,0.0661161,218.5340000,-251.1310000,32.42980000
"TOI-1075 b","TOI-1075","Transit",1.79100000,0.11600000,-0.08100000,0.60473280000,509.2000,3875.00,0.604000,0.581000,-0.0800,,,,309.9712091,-65.4496994,16.2420000,0.0247816,-99.7367000,-59.9503000,61.45920000
"Kepler-1805 b","Kepler-1805","Transit",1.54502915,,,8.84794044500,,3867.00,0.581000,0.552000,0.1000,,,,285.0865387,40.8990506,4.4830900,0.0251873,1.4909900,6.7026200,221.63900000
"TOI-1448 b","TOI-1448","Transit",2.74900000,0.06700000,-0.06300000,8.11224500000,5.4500,3412.00,0.372000,0.380000,0.3700,42.28000,0.08500,-23.70000,316.3240030,57.7710946,13.6073000,0.0318963,-15.7213000,-64.7789000,73.33450000
"TOI-2068 b","TOI-2068","Transit",1.82100000,0.16200000,-0.14900000,7.76891500000,12.2300,3710.00,0.559000,0.535000,0.2700,,,,186.2735600,60.4183455,18.8629000,0.0207672,-197.8800000,-6.1973300,52.93280000
"TOI-1696 b","TOI-1696","Transit",3.09000000,0.11000000,-0.11000000,2.50031100000,,3185.00,0.255000,0.277500,0.3360,,,,65.2806480,48.8198312,15.3761000,0.0839025,12.9303000,-19.1779000,64.91720000
"TOI-1224 b","TOI-1224","Transit",2.10400000,0.09400000,-0.09100000,4.17827450000,,3326.00,0.400000,0.404000,,1.23000,,14.63000,37.1978356,-80.8991053,26.7584000,0.0427381,159.8830000,27.0526000,37.33120000
"TOI-700 b","TOI-700","Transit",0.91400000,0.05300000,-0.04900000,9.97721900000,4.9800,3459.00,0.415000,0.421000,-0.0700,,,,97.0957165,-65.5786149,32.0980000,0.0210999,-102.7500000,161.8050000,31.12650000
"TOI-700 c","TOI-700","Transit",2.60000000,0.14000000,-0.13000000,16.05113700000,2.6400,3459.00,0.415000,0.421000,-0.0700,,,,97.0957165,-65.5786149,32.0980000,0.0210999,-102.7500000,161.8050000,31.12650000
"TOI-700 d","TOI-700","Transit",1.07300000,0.05900000,-0.05400000,37.42396000000,0.8500,3459.00,0.415000,0.421000,-0.0700,,,,97.0957165,-65.5786149,32.0980000,0.0210999,-102.7500000,161.8050000,31.12650000
"TOI-700 e","TOI-700","Transit",0.95300000,0.08900000,-0.07500000,27.80978000000,1.2700,3459.00,0.415000,0.421000,-0.0700,,,,97.0957165,-65.5786149,32.0980000,0.0210999,-102.7500000,161.8050000,31.12650000
"LP 791-18 b","LP 791-18","Transit",1.21200000,0.05900000,-0.05800000,0.94799810000,24.1400,2960.00,0.139000,0.182000,-0.0900,,,14.10000,165.6904843,-16.4064445,37.7177000,0.0904032,-221.0780000,-58.9989000,26.49270000
"GJ 357 b","GJ 357","Transit",1.20000000,0.06000000,-0.06000000,3.93060000000,,3505.00,0.342000,0.337000,-0.1200,77.80000,2.10000,,144.0074644,-21.6650634,105.8830000,0.0568648,138.6940000,-990.3110000,9.44181000
"TOI-1801 b","TOI-1801","Transit",2.07900000,0.12400000,-0.11000000,10.64387000000,,3863.00,0.556000,0.547000,-0.1900,15.98000,0.66000,,175.5755995,23.0270335,32.5678000,0.1768010,-205.0150000,41.4259000,30.67960000
"GJ 806 b","GJ 806","Transit",1.33100000,0.02300000,-0.02300000,0.92632370000,130.0000,3600.00,0.413000,0.414400,-0.2800,41.40000,6.70000,-24.69400,311.2697002,44.5002351,82.9968000,0.0295717,434.0790000,271.1430000,12.04450000
"LTT 3780 b","LTT 3780","Transit",1.32500000,0.05700000,-0.05800000,0.76837931000,111.0000,3358.00,0.381000,0.380000,0.0600,,,0.27000,154.6449033,-11.7178010,45.4644000,0.0826889,-341.4090000,-247.8700000,21.98140000
"LTT 3780 c","LTT 3780","Transit",2.39000000,0.10000000,-0.11000000,12.25228400000,2.7600,3358.00,0.381000,0.380000,0.0600,,,0.27000,154.6449033,-11.7178010,45.4644000,0.0826889,-341.4090000,-247.8700000,21.98140000
"LHS 1140 b","LHS 1140","Transit",1.73000000,0.02500000,-0.02500000,24.73723000000,0.4300,3096.00,0.184400,0.215900,-0.1500,131.00000,5.00000,,11.2486320,-15.2741085,66.6996000,0.0673611,317.5850000,-596.6170000,14.98610000
"LHS 1140 c","LHS 1140","Transit",1.27200000,0.02600000,-0.02600000,3.77794000000,5.3000,3096.00,0.184400,0.215900,-0.1500,131.00000,5.00000,,11.2486320,-15.2741085,66.6996000,0.0673611,317.5850000,-596.6170000,14.98610000
"GJ 1214 b","GJ 1214","Transit",2.73300000,0.03300000,-0.03100000,1.58040453100,17.2000,3101.00,0.182000,0.216200,0.2400,,,20.91000,258.8313991,4.9606795,68.2653000,0.1722810,580.4470000,-749.5880000,14.64270000
"GJ 1132 b","GJ 1132","Transit",1.19151465,0.03811053,-0.04483592,1.62892911000,19.3000,3229.00,0.194500,0.221100,-0.1700,,,,153.7090696,-47.1549358,79.2543000,0.0437672,-1053.9800000,414.3000000,12.61300000
"TOI-2406 b","TOI-2406","Transit",2.86000000,0.06300000,-0.06900000,3.07668910000,6.6900,3100.00,0.166000,0.204000,-0.2600,,,-29.50000,8.8060544,-3.3720833,18.0160000,0.0815594,225.7520000,-336.2730000,55.41900000
"TOI-776 b","TOI-776","Transit",1.79800000,0.07800000,-0.07700000,8.24662000000,,3725.00,0.542000,0.547000,-0.2100,21.13000,0.06000,,178.5779970,-37.5533568,36.7762000,0.0430809,251.1120000,-145.0590000,27.17010000
"TOI-776 c","TOI-776","Transit",2.04700000,0.08100000,-0.07800000,15.66532300000,,3725.00,0.542000,0.547000,-0.2100,21.13000,0.06000,,178.5779970,-37.5533568,36.7762000,0.0430809,251.1120000,-145.0590000,27.17010000
"TOI-6255 b","TOI-6255","Transit",1.07900000,0.06500000,-0.06500000,0.23818244000,,3421.00,0.353000,0.370000,-0.1400,,,,331.5031606,39.2988284,49.1918000,0.0568097,69.1882000,-458.9170000,20.31670000
"L 168-9 b","L 168-9","Transit",1.63000000,0.14000000,-0.14000000,1.40152604000,,3842.00,0.614000,0.604000,-0.0300,29.00000,2.00000,3.22000,350.0285917,-60.0657292,39.7331000,0.0375264,-319.9610000,-127.7810000,25.14960000
"GJ 341 b","GJ 341","Transit",0.88000000,0.05000000,-0.05000000,7.57686000000,13.8000,3770.00,0.480000,0.506600,-0.1600,,,,140.3993759,-60.2811692,95.6279000,0.0284141,-840.1140000,182.0900000,10.45400000
"TOI-6324 b","TOI-6324","Transit",1.05900000,0.04100000,-0.04100000,0.27922100000,,3247.00,0.269000,0.293000,-0.3200,,,,330.8445430,67.4986773,48.6356000,0.0356130,531.4630000,-296.2050000,20.54880000
"TOI-771 b","TOI-771","Transit",1.36000000,0.10000000,-0.10000000,2.32601550000,14.0000,3370.00,0.220000,0.232000,-0.1300,98.00000,10.00000,-5.90000,164.1138903,-72.9851736,39.5300000,0.0399344,39.4753000,-76.4109000,25.27880000
"TOI-1468 b","TOI-1468","Transit",1.40100000,0.05900000,-0.06000000,1.88052010000,36.4000,3376.00,0.352700,0.371400,-0.0100,,,,16.6538724,19.2249195,40.3917000,0.0758819,-41.4646000,-222.6970000,24.73990000
"TOI-1468 c","TOI-1468","Transit",2.12600000,0.09200000,-0.09300000,15.53247700000,2.1300,3376.00,0.352700,0.371400,-0.0100,,,,16.6538724,19.2249195,40.3917000,0.0758819,-41.4646000,-222.6970000,24.73990000
"L 98-59 b","L 98-59","Transit",0.83700000,0.01900000,-0.01900000,2.25311400000,24.5000,3415.00,0.292300,0.315500,-0.4600,77.50000,1.60000,,124.5328604,-68.3144658,94.1385000,0.0280547,94.7675000,-340.4700000,10.61940000
"L 98-59 c","L 98-59","Transit",1.32900000,0.02900000,-0.02900000,3.69067640000,12.7000,3415.00,0.292300,0.315500,-0.4600,77.50000,1.60000,,124.5328604,-68.3144658,94.1385000,0.0280547,94.7675000,-340.4700000,10.61940000
"L 98-59 d","L 98-59","Transit",1.62700000,0.04100000,-0.04100000,7.45072900000,4.9700,3415.00,0.292300,0.315500,-0.4600,77.50000,1.60000,,124.5328604,-68.3144658,94.1385000,0.0280547,94.7675000,-340.4700000,10.61940000
"TOI-270 b","TOI-270","Transit",1.28000000,0.05000000,-0.04000000,3.35992000000,,3506.00,0.386000,0.380000,,,,,68.4160804,-51.9573937,44.4565000,0.0265906,82.9441000,-269.7550000,22.47930000
"TOI-270 c","TOI-270","Transit",2.33000000,0.01000000,-0.01000000,5.66051000000,,3506.00,0.386000,0.380000,,,,,68.4160804,-51.9573937,44.4565000,0.0265906,82.9441000,-269.7550000,22.47930000
"TOI-270 d","TOI-270","Transit",2.00000000,0.05000000,-0.05000000,11.38194000000,,3506.00,0.386000,0.380000,,,,,68.4160804,-51.9573937,44.4565000,0.0265906,82.9441000,-269.7550000,22.47930000
"TOI-1685 b","TOI-1685","Transit",1.42100000,0.06000000,-0.06000000,0.66913923000,213.0000,3470.00,0.466000,0.462000,0.0100,,,,68.5939529,43.0370395,26.5561000,0.0509621,37.8176000,-86.9115000,37.61530000
"GJ 3090 b","GJ 3090","Transit",2.18000000,0.06000000,-0.06000000,2.85310198000,45.4000,3707.00,0.519000,0.516000,0.1200,17.95000,0.15000,,20.4384281,-46.7147234,44.4649000,0.0512046,-111.2060000,-79.8269000,22.47510000
"LP 791-18 c","LP 791-18","Transit",2.48800000,0.09600000,-0.09600000,4.98991000000,,2960.00,0.139000,0.182000,-0.0900,,,14.10000,165.6904843,-16.4064445,37.7177000,0.0904032,-221.0780000,-58.9989000,26.49270000
"LP 791-18 d","LP 791-18","Transit",1.03200000,0.04400000,-0.04300000,2.75485000000,,2960.00,0.139000,0.182000,-0.0900,,,14.10000,165.6904843,-16.4064445,37.7177000,0.0904032,-221.0780000,-58.9989000,26.49270000
"AU Mic c","AU Mic","Transit",2.79000000,0.18000000,-0.17000000,18.85902300000,,3540.00,0.635000,0.862000,0.0100,4.86000,0.01000,,311.2911369,-31.3424500,102.8290000,0.0485613,281.4240000,-359.8950000,9.72210000
"TOI-4336 A b","TOI-4336 A","Transit",2.13700000,0.08000000,-0.08000000,16.33635100000,1.5300,3307.00,0.306000,0.326000,0.1400,35.50000,1.10000,18.38000,206.1070129,-40.3373505,44.3260000,0.0746882,151.5180000,69.0226000,22.54550000
"TOI-4336 A c","TOI-4336 A","Transit",1.25100000,0.06600000,-0.06600000,7.58726600000,4.2400,3307.00,0.306000,0.326000,0.1400,35.50000,1.10000,18.38000,206.1070129,-40.3373505,44.3260000,0.0746882,151.5180000,69.0226000,22.54550000
"TOI-2431 b","TOI-2431","Transit",1.53400000,0.03400000,-0.03300000,0.22419578000,,4109.00,0.661000,0.651000,-0.0200,,,,37.7652989,8.3816255,27.7059000,0.0452671,374.9530000,-85.5831000,36.05590000
"LHS 3844 b","LHS 3844","Transit",1.28600000,0.04300000,-0.04400000,0.46292970900,73.6700,3080.00,0.151000,0.189000,0.2200,130.00000,16.90000,,340.4962038,-69.1721081,67.1548000,0.0505991,334.3570000,-726.9740000,14.88460000
"GJ 367 b","GJ 367","Transit",0.73600000,0.03500000,-0.03500000,0.32192260000,,3535.00,0.451000,0.457000,,,,,146.1214640,-45.7790165,106.2110000,0.0317349,-462.5490000,-582.8140000,9.41263000
"TOI-260 b","TOI-260","Transit",1.71000000,0.08000000,-0.08000000,13.47585300000,,4026.00,0.616000,0.607000,-0.4700,31.00000,6.00000,3.30000,4.7730178,-9.9661505,49.5123000,0.0563430,-36.5927000,-301.4350000,20.18520000
"TOI-4438 b","TOI-4438","Transit",2.40000000,0.09000000,-0.10000000,7.44629500000,,3501.00,0.345000,0.365000,0.0700,77.60000,0.90000,,270.3172389,35.5948992,33.2660000,0.0256476,29.1092000,-571.4700000,30.03460000
"Kepler-1663 b","Kepler-1663","Transit",3.30395896,,,17.60460000000,,3844.00,0.610816,0.628590,,,,,290.4015156,48.8227234,2.9307000,0.0296083,-1.9753800,40.2528000,337.92600000
"K2-149 b","K2-149","Transit",1.64000000,0.20000000,-0.18000000,11.33200000000,7.0000,3745.00,0.595000,0.568000,0.1100,,,,9.8217519,7.2769939,8.0569000,0.0351109,-31.0240000,-23.1083000,123.67600000
"Kepler-445 d","Kepler-445","Transit",1.25000000,0.19000000,-0.19000000,8.15275000000,,3157.00,0.180000,0.210000,0.2700,,,-61.00000,298.7363395,46.4991236,7.8334700,0.0610546,41.5165000,132.1730000,127.20100000
"TOI-1695 b","TOI-1695","Transit",1.90000000,0.16000000,-0.14000000,3.13427910000,39.0000,3690.00,0.513000,0.515000,0.0000,47.70000,2.20000,,21.9217346,72.2966148,22.1289000,0.0331705,71.7067000,40.4748000,45.13090000
"Kepler-1388 e","Kepler-1388","Transit",2.46000000,0.14000000,-0.15000000,37.63270840000,,4098.00,0.630000,0.610000,0.0200,,,,283.3360156,47.1744499,2.1754900,0.0360522,-7.3150900,-15.2703000,453.79500000
"K2-43 c","K2-43","Transit",2.42000000,0.26000000,-0.11000000,2.19888400000,,3840.60,0.571000,0.542000,,,,,169.1170280,-3.9754405,5.4503000,0.0568664,-29.0875000,-1.8862400,182.53600000
"Kepler-732 b","Kepler-732","Transit",2.18000000,0.12000000,-0.16000000,9.46781404800,,3631.00,0.490000,0.460000,-0.0100,,,,283.7317274,45.9585288,5.6912000,0.0277465,-41.1414000,-52.6457000,174.82600000
"K2-49 b","K2-49","Transit",1.93000000,0.53000000,-0.53000000,2.77065000000,59.0000,4175.00,0.510000,0.450000,,,,,177.3202331,3.4755183,2.1595400,0.0475172,0.3939530,-10.9862000,457.12500000
"Kepler-26 b","Kepler-26","Transit",2.78000000,0.11000000,-0.11000000,12.28000000000,7.6000,3914.00,0.544000,0.512000,-0.1300,,,,284.9410627,46.5664505,2.9537300,0.0269816,9.5402300,-13.9610000,335.30700000
"Kepler-52 c","Kepler-52","Transit",1.84000000,,,16.38500210000,,4075.00,0.540000,0.520000,,,,,286.7380152,49.9757383,3.0812800,0.0230525,-3.9753700,1.3779500,321.54200000
"Kepler-1124 b","Kepler-1124","Transit",1.28000000,0.12000000,-0.07000000,2.85234897500,,3658.00,0.350000,0.340000,-0.5900,,,,286.5942529,37.8912836,3.4213300,0.0417493,-0.8222980,6.2956500,289.89900000
"TOI-2095 b","TOI-2095","Transit",1.25000000,0.07000000,-0.07000000,17.66484000000,3.4300,3759.00,0.440000,0.440000,-0.2400,40.00000,0.20000,-19.94000,285.6365235,75.4185135,23.8274000,0.0282397,203.4400000,-21.3176000,41.91760000
"Kepler-32 f","Kepler-32","Transit",0.82000000,0.07000000,-0.07000000,0.74296000000,,3900.00,0.580000,0.530000,0.0000,,,,297.8423073,46.5743595,3.0594800,0.0321976,-13.6176000,19.6456000,323.84700000
"Kepler-445 b","Kepler-445","Transit",1.58000000,0.23000000,-0.23000000,2.98415100000,,3157.00,0.180000,0.210000,0.2700,,,-61.00000,298.7363395,46.4991236,7.8334700,0.0610546,41.5165000,132.1730000,127.20100000
"Kepler-1649 c","Kepler-1649","Transit",1.06000000,0.15000000,-0.10000000,19.53527000000,0.7500,3240.00,0.197700,0.231700,-0.1500,,,,292.5029676,41.8299933,10.8187000,0.0637230,-135.8420000,-99.2319000,92.19130000
"Kepler-296 f","Kepler-296","Transit",1.80000000,0.31000000,-0.30000000,63.33627000000,0.6200,3740.00,0.498000,0.480000,-0.0800,,,,286.5400278,49.4372614,,,1.8396000,-11.4940000,
"TOI-1238 b","TOI-1238","Transit",1.21000000,0.11000000,-0.10000000,0.76459700000,442.0000,4089.00,0.590000,0.580000,0.3100,40.00000,5.00000,-17.49000,201.3823387,68.8360678,14.1124000,0.0239214,-4.9634100,-45.9215000,70.71450000
"K2-88 b","K2-88","Transit",1.23000000,0.25000000,-0.25000000,4.61220000000,7.8000,3537.00,0.258000,0.256000,,,,,54.7514566,19.1199667,9.0166300,0.0666993,-24.6108000,-47.9981000,110.56100000
"Ross 176 b","Ross 176","Transit",1.84000000,0.08000000,-0.08000000,5.00663380000,36.2000,4041.00,0.577000,0.569000,-0.1900,33.00000,5.00000,,305.6897438,47.3086191,21.5002000,0.0234780,227.0220000,204.4890000,46.44880000
"K2-72 e","K2-72","Transit",1.29000000,0.14000000,-0.13000000,24.15886800000,1.2000,3360.47,0.271365,0.330989,,,,,334.6227504,-9.6120084,15.0242000,0.0449180,195.8550000,74.3391000,66.43210000
"TOI-1411 b","TOI-1411","Transit",1.19880592,0.04935874,-0.04474058,1.45205270000,,4115.00,0.604500,0.614000,0.0120,,,,232.9460470,47.0555507,30.7613000,0.0211787,154.7950000,-298.4810000,32.47780000
"K2-257 b","K2-257","Transit",0.83000000,0.06000000,-0.05000000,1.60588000000,,3725.00,0.520000,0.500000,-0.0300,,,,188.2782840,-1.9532879,15.5949000,0.0624233,-47.1526000,-28.8612000,64.00650000
"TOI-4364 b","TOI-4364","Transit",2.01000000,0.10000000,-0.08000000,5.42401900000,,3528.00,0.487000,0.468400,0.1480,10.57000,0.06000,44.77000,80.0669270,-4.2392481,22.7160000,0.0535858,64.2895000,43.8125000,43.96620000
"TOI-1806.01","TOI-1806","Transit",3.40953670,0.35126720,-0.35126720,15.14546930000,2.1473,3272.00,0.392935,0.401575,,,,,166.1181474,30.4585763,17.9826000,0.0643630,-163.2720000,-40.4349000,55.52110000
"TOI-6008 b","TOI-6008","Transit",1.03000000,0.05000000,-0.05000000,0.85743470000,41.5000,3075.00,0.230000,0.242000,0.3000,,,,310.4487344,49.6468992,43.2596000,0.0542820,158.4420000,44.4040000,23.10080000
"Kepler-120 c","Kepler-120","Transit",1.53000000,0.09000000,-0.09000000,12.79458500000,,4096.00,,0.534000,,,,,287.8915707,39.3390979,2.5444100,0.0211167,-10.1829000,-5.9863900,388.63000000
"Kepler-296 e","Kepler-296","Transit",1.53000000,0.27000000,-0.25000000,34.14211000000,1.4100,3740.00,0.498000,0.480000,-0.0800,,,,286.5400278,49.4372614,,,1.8396000,-11.4940000,
"K2-325 b","K2-325","Transit",2.20000000,0.14000000,-0.15000000,6.93000000000,,3287.00,0.274000,0.298000,,,,,353.9169507,-7.6867213,8.9298200,0.0812290,-1.8691400,-42.1819000,111.63800000
"EPIC 206215704 b","EPIC 206215704","Transit",1.00000000,0.10000000,-0.09000000,2.25543600000,,3297.00,,0.250000,-0.3300,,,,335.0949721,-9.5097112,9.0727000,0.0887447,16.1136000,-43.0331000,109.88800000
"Kepler-296 b","Kepler-296","Transit",1.61000000,0.29000000,-0.27000000,10.86438400000,6.5000,3740.00,0.498000,0.480000,-0.0800,,,,286.5400278,49.4372614,,,1.8396000,-11.4940000,
"TOI-1634 b","TOI-1634","Transit",1.75900000,0.05800000,-0.05700000,0.98934551000,,3550.00,0.502000,0.450000,0.2300,77.00000,26.00000,,56.3906096,37.1122803,28.3210000,0.0420019,81.6429000,13.4860000,35.27360000
"K2-384 e","K2-384","Transit",1.34500000,0.13900000,-0.08200000,9.71504300000,,3623.00,0.330000,0.348000,0.0680,,,,20.4998403,0.7509701,12.0702000,0.1011710,103.2280000,-59.6009000,82.66030000
"TOI-2267 c","TOI-2267 A","Transit",1.14000000,0.13000000,-0.13000000,3.49504120000,4.7000,3030.00,0.171000,0.207500,0.1640,0.69580,,-19.00000,65.0614963,84.9008238,,,192.4500000,-218.9400000,
"Kepler-186 d","Kepler-186","Transit",1.40000000,0.16000000,-0.16000000,13.34299600000,,3788.00,0.478000,0.472000,-0.2800,,,,298.6527360,43.9549884,5.6020300,0.0243567,2.0985600,-4.3605500,177.59400000
"Kepler-1410 b","Kepler-1410","Transit",1.78000000,0.12000000,-0.14000000,60.86616800000,,4092.00,0.630000,0.600000,0.0100,,,,290.5102933,38.7435010,,,,,
"TOI-277 b","TOI-277","Transit",2.65000000,0.18000000,-0.18000000,3.99400000000,,4031.00,0.160000,0.362000,-0.0100,,,,19.0766985,-20.9532772,15.4345000,0.0328113,-115.4320000,-249.1770000,64.66920000
"Kepler-1439 b","Kepler-1439","Transit",1.46000000,0.14000000,-0.21000000,8.07392849000,,3578.00,0.460000,0.430000,-0.0300,,,,285.7396971,40.9798688,4.4086200,0.0488359,-19.2777000,-37.7233000,225.39300000
"EPIC 201170410.02","EPIC 201170410","Transit",1.04700000,0.27600000,-0.25700000,6.79870000000,,3648.00,0.287000,0.282000,-0.0480,,,,170.1408561,-4.8070039,,,8.5777600,-20.1101000,
"Kepler-446 c","Kepler-446","Transit",1.11000000,0.18000000,-0.18000000,3.03617900000,,3359.00,0.220000,0.240000,-0.3000,,,-118.00000,282.2501047,44.9210020,10.3516000,0.0546893,-12.4659000,-24.0108000,96.33900000
"TOI-2453 b","TOI-2453","Transit",3.24380341,0.29909721,-0.25885686,4.44143463188,,3720.23,,0.502498,,,,,74.8374845,12.9363528,12.1807000,0.0451970,45.9433000,-22.0823000,81.90430000
"Kepler-125 c","Kepler-125","Transit",0.74000000,0.05000000,-0.05000000,5.77446400000,,3810.00,,0.512000,,,,,298.2581101,47.6050031,5.4249000,0.0290525,0.6594580,10.6104000,183.36500000
"Kepler-369 b","Kepler-369","Transit",1.13000000,0.06000000,-0.06000000,2.73275600000,,3591.00,,0.471000,,,,,293.6743322,47.9084727,,,17.9522000,11.6172000,
"KOI-4777.01","KOI-4777","Transit",0.51000000,0.03000000,-0.03000000,0.41200000000,320.0000,3515.00,0.410000,0.400000,0.1000,44.00000,1.00000,28.11000,287.2621474,42.0322257,5.7772200,0.0413077,-2.2114000,-13.6741000,172.24500000
"TOI-663 d","TOI-663","Transit",1.92000000,0.13000000,-0.13000000,7.10272680000,12.9000,3681.00,0.514000,0.512000,0.0700,30.00000,3.10000,,160.0658525,-8.5110827,15.5401000,0.0432807,-142.1820000,-82.9620000,64.23080000
"Kepler-2000 c","Kepler-2000","Transit",1.57000000,0.06000000,-0.10000000,20.61803480000,3.9200,3757.00,0.581000,0.576000,0.4800,,,,285.5743032,49.9621218,3.0909000,0.0352528,-7.0500400,-38.5527000,320.58800000
"TOI-2096 c","TOI-2096","Transit",1.91400000,0.09500000,-0.09500000,6.38784000000,3.7000,3300.00,0.231000,0.235000,-0.0300,,,,151.6186989,74.8272107,20.5978000,0.0413973,-26.0438000,-75.1141000,48.48090000
"Kepler-504 b","Kepler-504","Transit",1.59000000,0.18000000,-0.22000000,9.54927542200,,3519.00,0.330000,0.330000,-0.3100,,,,284.9219608,45.9723265,10.0652000,0.0306335,19.1834000,-11.7044000,99.06880000
"TOI-663 c","TOI-663","Transit",2.26000000,0.10000000,-0.10000000,4.69555070000,22.3000,3681.00,0.514000,0.512000,0.0700,30.00000,3.10000,,160.0658525,-8.5110827,15.5401000,0.0432807,-142.1820000,-82.9620000,64.23080000
"TIC 153919886 b","TIC 153919886","Transit",2.70601108,0.28201647,-0.23940357,2.10510492329,,4137.16,,0.591697,,,,,171.8440734,68.1810449,7.5279400,0.0193379,-57.8088000,-14.1465000,132.33000000
"K2-288 B b","K2-288 B","Transit",1.90000000,0.30000000,-0.30000000,31.39346300000,,3341.00,0.330000,0.320000,-0.2100,,,71.60000,55.4442857,18.2684913,15.2166000,0.2006950,185.4760000,-74.0703000,65.61380000
"TOI-7009 b","TOI-7009","Transit",3.71000000,0.15000000,-0.15000000,2.32066120000,,4080.00,0.583000,0.564000,-0.1100,,,,299.5131334,55.6510291,5.4023100,0.0138865,-36.0647000,5.9461600,184.12000000
"K2-133 b","K2-133","Transit",1.34000000,0.07700000,-0.07600000,3.07133000000,,3655.00,0.461000,0.455000,,,,107.20000,70.1493775,25.0098135,13.2743000,0.0353491,185.6580000,-46.3627000,75.17030000
"TOI-7384 b","TOI-7384","Transit",3.56000000,0.21000000,-0.21000000,6.23402580000,4.9000,3185.00,0.318000,0.319000,0.0000,,,,83.1031834,-39.8342501,14.9435000,0.0440628,-45.8651000,-102.0140000,66.79020000
"Kepler-327 c","Kepler-327","Transit",1.03000000,0.05000000,-0.05000000,5.21233300000,,3799.00,,0.492000,,,,,292.6422963,44.0876251,4.1037200,0.0248989,-11.3124000,-7.1930100,241.98700000
"K2-72 c","K2-72","Transit",1.16000000,0.13000000,-0.13000000,15.18903400000,2.2000,3360.47,0.271365,0.330989,,,,,334.6227504,-9.6120084,15.0242000,0.0449180,195.8550000,74.3391000,66.43210000
"TOI-5489 c","TOI-5489","Transit",1.28000000,0.07000000,-0.07000000,4.92126000000,,3547.00,0.410000,0.420000,,,,37.71000,128.6912940,11.4895882,22.1489000,0.0615848,-66.1167000,20.7022000,45.09070000
"Kepler-42 d","Kepler-42","Transit",0.57000000,0.18000000,-0.18000000,1.86516900000,,3068.00,0.130000,0.170000,-0.3300,,,-84.48000,292.2196000,44.6173667,24.9340000,0.0400874,93.1258000,-417.4200000,40.05950000
"Kepler-225 b","Kepler-225","Transit",1.20000000,0.07000000,-0.07000000,6.73897500000,,3682.00,,0.480000,,,,,292.1939846,47.4570808,1.7544100,0.0391617,-3.9046200,-4.7171900,561.10100000
"TOI-1450 A b","TOI-1450 A","Transit",1.13000000,0.04300000,-0.04300000,2.04392740000,,3437.00,0.480000,0.483000,-0.1200,35.00000,5.00000,,286.8540627,59.0866254,44.5209000,0.0259593,69.9227000,160.8810000,22.44670000
"Kepler-676 b","Kepler-676","Transit",3.04000000,0.14000000,-0.34000000,11.59822172000,,3701.00,0.510000,0.490000,-0.0200,,,,296.2220259,50.2873626,3.3591000,0.0319614,8.4445500,32.2834000,295.19600000
"TOI-6716 b","TOI-6716","Transit",0.98200000,0.06700000,-0.06700000,4.71858980000,4.4000,3110.00,0.223000,0.231000,0.0000,,,,111.6570820,-30.5521801,52.9167000,0.0498418,-316.4720000,58.9953000,18.88730000
"TOI-663 b","TOI-663","Transit",2.27000000,0.10000000,-0.09000000,2.59890200000,49.1000,3681.00,0.514000,0.512000,0.0700,30.00000,3.10000,,160.0658525,-8.5110827,15.5401000,0.0432807,-142.1820000,-82.9620000,64.23080000
"TOI-1752 c","TOI-1752","Transit",2.29000000,0.13000000,-0.14000000,32.71443000000,,3762.00,0.524000,0.530000,-0.1100,,,,253.4614861,60.7096197,9.6779800,0.0313663,-171.2520000,125.1960000,103.02100000
"K2-91 b","K2-91","Transit",1.10000000,0.18000000,-0.18000000,1.41954900000,46.0000,3622.00,0.292000,0.284000,,,,,63.2182348,24.2047218,15.9515000,0.0713516,43.0051000,-89.4495000,62.57850000
"Kepler-120 b","Kepler-120","Transit",2.15000000,0.17000000,-0.17000000,6.31250100000,,4096.00,,0.534000,,,,,287.8915707,39.3390979,2.5444100,0.0211167,-10.1829000,-5.9863900,388.63000000
"Kepler-303 c","Kepler-303","Transit",1.14000000,0.09000000,-0.09000000,7.06114900000,,3944.00,,0.485000,,,,,283.1354742,43.6567036,4.7390100,0.0210841,2.4364200,-76.7887000,209.73800000
"K2-125 b","K2-125","Transit",2.18000000,0.19000000,-0.18000000,21.75026400000,2.0000,3654.47,0.494727,0.402049,,,,,204.1418754,-14.9478195,8.0260000,0.0534322,-53.0323000,-49.5439000,124.15600000
"Kepler-974 b","Kepler-974","Transit",1.57000000,0.06000000,-0.29000000,4.19449651400,,3687.00,0.520000,0.500000,0.0700,,,,285.0131082,40.2209547,7.4165600,0.0245117,0.6905380,41.1865000,134.31100000
"Kepler-1366 b","Kepler-1366","Transit",1.43000000,0.10000000,-0.10000000,2.16457096800,,4070.00,0.620000,0.600000,-0.0200,,,,285.0648845,41.5548464,2.1189600,0.0426453,-5.7288500,-7.1864400,465.82600000
"TOI-1266 b","TOI-1266","Transit",2.52000000,0.08000000,-0.08000000,10.89450000000,,3563.00,0.437000,0.423200,-0.1090,44.60000,0.50000,-41.58000,197.9965833,65.8336973,27.7397000,0.0226124,-150.6520000,-25.3682000,36.01180000
"Kepler-1049 b","Kepler-1049","Transit",0.95000000,0.10000000,-0.16000000,3.27346073600,,3864.00,0.510000,0.490000,-0.3300,,,,287.3469567,47.7729078,6.1436800,0.0159958,28.1764000,-5.0337900,162.00600000
"K2-9 b","K2-9","Transit",2.25000000,0.53000000,-0.96000000,18.44980000000,1.3600,3390.00,0.300000,0.310000,-0.2500,,,-31.02000,176.2637240,0.0054085,12.0250000,0.0537978,-170.7520000,26.6291000,82.96310000
"LHS 1678 c","LHS 1678","Transit",0.94100000,0.05100000,-0.05000000,3.69428400000,13.5000,3490.00,0.345000,0.329000,,64.00000,22.00000,11.46670,68.1789866,-39.7908744,50.2773000,0.0236008,239.4100000,-967.7720000,19.87820000
"TOI-5720 b","TOI-5720","Transit",1.09000000,0.07000000,-0.07000000,1.43445550000,41.7000,3325.00,0.383000,0.383000,0.0300,,,,170.3135774,25.2732942,27.8846000,0.0980912,-350.3670000,-91.4915000,35.82560000
"Kepler-445 c","Kepler-445","Transit",2.51000000,0.36000000,-0.36000000,4.87122900000,,3157.00,0.180000,0.210000,0.2700,,,-61.00000,298.7363395,46.4991236,7.8334700,0.0610546,41.5165000,132.1730000,127.20100000
"Kepler-236 c","Kepler-236","Transit",2.00000000,0.17000000,-0.17000000,23.96812700000,,3750.00,,0.510000,,,,,283.8664285,39.8981928,3.4344000,0.0269563,9.2480800,21.6213000,288.76300000
"K2-240 b","K2-240","Transit",2.00000000,0.20000000,-0.10000000,6.03400000000,,3810.00,0.580000,0.540000,-0.1000,10.80000,0.10000,,227.8493710,-17.8754464,13.6878000,0.0975584,-53.7479000,-52.3229000,72.91050000
"TOI-654.01","TOI-654","Transit",2.37800000,0.08900000,-0.08900000,1.52756100000,65.0000,3521.00,0.419000,0.430000,0.1200,,,,164.7245509,-5.5475446,17.2857000,0.0542808,99.1738000,-266.1070000,57.75530000
"K2-69 b","K2-69","Transit",2.32000000,0.36000000,-0.36000000,7.06599000000,17.9000,4127.00,0.551000,0.491000,,,,,335.7596816,-10.4886817,5.5058100,0.0476985,26.6608000,-28.6452000,180.69700000
"K2-95 b","K2-95","Transit",3.31000000,0.20000000,-0.14000000,10.13464540000,,3566.00,0.410000,0.400000,0.1000,,,,129.3625717,18.9766197,5.5351900,0.1213840,-35.7678000,-12.3856000,179.85400000
"TOI-7166 b","TOI-7166","Transit",2.01000000,0.06000000,-0.05000000,12.92063621000,1.0700,3099.00,0.190000,0.222000,-0.2000,,,,320.6806363,8.8893975,28.2078000,0.0743154,260.6040000,-270.5990000,35.41530000
"Kepler-1652 b","Kepler-1652","Transit",1.60000000,0.18000000,-0.18000000,38.09722000000,0.8100,3638.00,0.404000,0.382000,-0.3000,31.18000,1.56000,,294.3660313,49.9150219,,,-7.4772000,-2.4850200,
"Kepler-1735 b","Kepler-1735","Transit",1.19429134,,,7.71792984000,,3975.00,0.535000,0.509000,-0.3400,,,,281.0503476,47.1882005,4.0478500,0.0248655,28.8285000,9.3776800,245.30300000
"Kepler-1729 b","Kepler-1729","Transit",3.89404186,,,4.22097015400,,3837.00,0.544000,0.517000,-0.0600,,,,296.6939428,42.6261145,1.7078500,0.0364301,-3.9936200,4.1464900,576.18100000
"K2-284 b","K2-284","Transit",2.78000000,0.14000000,-0.12000000,4.79506900000,42.6000,4140.00,0.630000,0.607000,0.0000,8.88000,0.40000,16.96000,79.1407971,20.2549034,9.2934600,0.0430569,25.0003000,-45.9383000,107.27200000
"Kepler-303 b","Kepler-303","Transit",0.89000000,0.05000000,-0.05000000,1.93705500000,,3944.00,,0.485000,,,,,283.1354742,43.6567036,4.7390100,0.0210841,2.4364200,-76.7887000,209.73800000
"Kepler-138 b","Kepler-138","Transit",0.64000000,0.02000000,-0.02000000,10.31340000000,9.9000,3841.00,0.535000,0.535000,-0.1800,,,,290.3814122,43.2930645,14.9272000,0.0237547,-20.5991000,22.6980000,66.86240000
"K2-384 f","K2-384","Transit",2.22200000,0.09100000,-0.08200000,13.62749000000,,3623.00,0.330000,0.348000,0.0680,,,,20.4998403,0.7509701,12.0702000,0.1011710,103.2280000,-59.6009000,82.66030000
"Kepler-779 b","Kepler-779","Transit",0.92000000,0.07000000,-0.07000000,7.09714223000,,3804.00,0.460000,0.440000,-0.4300,,,,285.6285208,44.3107855,3.5031300,0.0323485,-4.5419800,-24.4780000,283.15500000
"Kepler-1650 b","Kepler-1650","Transit",0.96000000,0.11000000,-0.10000000,1.53818001000,,3410.00,0.326000,0.334000,-0.1100,,,,297.7292296,42.8666919,7.4120300,0.0396361,-1.6826300,-51.2618000,134.39700000
"K2-416 b","K2-416","Transit",2.66000000,0.19000000,-0.14000000,13.10200000000,,3746.00,0.548000,0.554000,,,,,349.2211822,-5.2015032,8.2831300,0.0412854,91.3660000,-56.1650000,120.31100000
"K2-133 d","K2-133","Transit",2.00300000,0.10700000,-0.10700000,11.02454000000,,3655.00,0.461000,0.455000,,,,107.20000,70.1493775,25.0098135,13.2743000,0.0353491,185.6580000,-46.3627000,75.17030000
"Kepler-1350 b","Kepler-1350","Transit",2.52000000,0.16000000,-0.25000000,4.49686040000,,3827.00,0.550000,0.530000,-0.0600,,,,288.2506110,46.6794847,2.9075600,0.0497661,3.7287800,-24.4129000,340.69100000
"Kepler-1009 b","Kepler-1009","Transit",2.17000000,0.27000000,-0.24000000,11.35011917000,,4027.00,0.590000,0.570000,-0.1200,,,,282.8598614,42.6658336,2.7900900,0.0642814,-5.5198700,16.7787000,355.01900000
"TOI-5319 b","TOI-5319","Transit",2.83000000,0.57000000,-0.59000000,4.07853000000,,3580.00,0.500000,0.485000,,,,,35.2135563,23.5204408,16.3190000,0.0552967,41.9693000,-86.7432000,61.17100000
"K2-384 d","K2-384","Transit",1.39200000,0.11800000,-0.07500000,6.67958200000,,3623.00,0.330000,0.348000,0.0680,,,,20.4998403,0.7509701,12.0702000,0.1011710,103.2280000,-59.6009000,82.66030000
"K2-148 c","K2-148","Transit",1.73000000,0.24000000,-0.21000000,6.92260000000,26.5000,4079.00,0.650000,0.632000,-0.1100,,,,14.5176494,-0.1932580,8.0061500,0.0399039,-38.6993000,-23.5905000,124.45800000
"K2-122 b","K2-122","Transit",1.16000000,0.10000000,-0.05000000,2.21930230000,,4009.00,0.630000,0.590000,0.3200,,,,126.4762179,20.3593384,13.8516000,0.0484217,-21.9332000,-53.5685000,72.04440000
"TOI-1470 c","TOI-1470","Transit",2.47000000,0.02000000,-0.02000000,18.08816000000,3.3500,3709.00,0.471000,0.469000,0.0000,29.00000,3.00000,,10.0891431,61.2133868,19.2202000,0.0273979,48.5759000,-55.6022000,51.95030000
"K2-286 b","K2-286","Transit",2.10000000,0.20000000,-0.20000000,27.35900000000,,3926.00,0.640000,0.620000,0.0000,23.80000,3.70000,,233.3698192,-16.7737113,13.1035000,0.0403454,57.8067000,-105.6450000,76.14860000
"Kepler-231 b","Kepler-231","Transit",1.73000000,0.12000000,-0.12000000,10.06527500000,,3767.00,,0.490000,,,,,293.9733913,50.5318460,3.1299500,0.0328129,5.0404100,-12.6196000,316.61800000
"TOI-4552 b","TOI-4552","Transit",1.11000000,0.04000000,-0.04000000,0.30110032000,263.0000,3258.00,0.261900,0.286900,-0.0700,,,-26.21620,264.7142556,-47.6370457,36.6437000,0.0674179,-134.7270000,-472.4860000,27.26840000
"Kepler-61 b","Kepler-61","Transit",2.15000000,0.13000000,-0.13000000,59.87756000000,,4017.00,0.635000,0.620000,0.0300,,,,295.3044942,42.4753193,2.9565100,0.0435556,-2.2549800,10.4817000,335.07900000
"Kepler-1388 d","Kepler-1388","Transit",2.86000000,0.12000000,-0.19000000,20.95681580000,,4098.00,0.630000,0.610000,0.0200,,,,283.3360156,47.1744499,2.1754900,0.0360522,-7.3150900,-15.2703000,453.79500000
"Kepler-617 b","Kepler-617","Transit",1.32000000,0.07000000,-0.07000000,1.68269614800,,3712.00,0.510000,0.480000,-0.0700,,,,283.7407247,47.5161237,5.7398500,0.0313792,-0.0041178,-37.6593000,173.35400000
"K2-72 d","K2-72","Transit",1.01000000,0.12000000,-0.12000000,7.76017800000,5.4000,3360.47,0.271365,0.330989,,,,,334.6227504,-9.6120084,15.0242000,0.0449180,195.8550000,74.3391000,66.43210000
"TOI-521 b","TOI-521","Transit",1.98000000,0.14000000,-0.14000000,1.54285047000,66.0000,3544.00,0.420000,0.421000,-0.1200,,,-9.31000,123.3442567,12.2221079,16.3803000,0.0598232,90.4089000,80.6946000,60.94250000
"K2-417 b","K2-417","Transit",3.31000000,0.14000000,-0.12000000,6.53500000000,,3861.00,0.569000,0.577600,,,,,350.1417675,-10.0365901,10.6047000,0.0338112,133.6320000,-144.1500000,94.04240000
"Kepler-1902 b","Kepler-1902","Transit",1.17563613,,,3.82222008700,,3729.00,0.520000,0.514000,0.0600,,,,292.7376545,42.0147792,2.8768200,0.0532302,-0.8316440,-3.1474900,344.33700000
"KOI-1843.03","Kepler-974","Transit",0.61000000,0.12000000,-0.08000000,0.17689130000,,3584.00,0.460000,0.450000,0.0000,34.50000,1.00000,,285.0131082,40.2209547,7.4165600,0.0245117,0.6905380,41.1865000,134.31100000
"K2-317 b","K2-317","Transit",2.93000000,0.19000000,-0.17000000,6.22000000000,,3387.00,0.403000,0.379000,,,,,228.6188638,-21.0227209,5.6471800,0.1063750,-48.3983000,-37.0179000,176.29100000
"K2-3 c","K2-3","Transit",1.58200000,0.05700000,-0.05100000,24.64672900000,3.1700,3844.00,0.549000,0.546000,-0.1570,,,,172.3353708,-1.4551364,22.6610000,0.0552838,94.0337000,-78.1392000,44.07270000
"GJ 1252 b","GJ 1252","Transit",1.19300000,0.07400000,-0.07400000,0.51823310000,,3458.00,0.381000,0.391000,0.1000,64.00000,4.00000,7.48356,306.9286462,-56.4622865,49.0558000,0.0458730,424.4140000,-1230.6200000,20.37300000
"SPECULOOS-3 b","SPECULOOS-3","Transit",0.97700000,0.02200000,-0.02200000,0.71912603000,15.5400,2800.00,0.100900,0.123000,0.0700,,,17.81600,312.3632611,33.6123832,,,-203.0000000,-412.0000000,
"TOI-1470 b","TOI-1470","Transit",2.18000000,0.04000000,-0.04000000,2.52709300000,46.3000,3709.00,0.471000,0.469000,0.0000,29.00000,3.00000,,10.0891431,61.2133868,19.2202000,0.0273979,48.5759000,-55.6022000,51.95030000
"K2-343 b","K2-343","Transit",1.65000000,0.16000000,-0.08000000,2.78717400000,,3804.00,0.490000,0.460000,-0.1000,,,,134.2021746,21.5026882,5.9893300,0.0376275,-10.9033000,3.4116200,166.16900000
"K2-345 b","K2-345","Transit",2.11000000,0.20000000,-0.09000000,10.36743700000,,3779.00,0.560000,0.520000,0.2600,18.47000,1.60000,,132.7075876,21.7890367,6.1286200,0.0334269,-56.2295000,-19.5426000,162.40800000
"K2-354 b","K2-354","Transit",1.56000000,0.08000000,-0.08000000,3.79330600000,,3669.00,0.430000,0.410000,-0.0400,,,,129.1299193,10.1472175,10.8741000,0.0612686,0.1902900,-16.6779000,91.72200000
"Kepler-249 b","Kepler-249","Transit",1.09000000,0.05000000,-0.05000000,3.30653900000,,3568.00,,0.482000,,,,,296.9853002,43.6586043,5.2234800,0.0333944,33.5245000,17.5178000,190.40100000
"Kepler-1319 b","Kepler-1319","Transit",1.34000000,0.72000000,-0.08000000,2.88676264500,,3655.00,0.560000,0.540000,0.4400,,,,290.9564463,49.3667933,9.5942800,0.0325055,53.2159000,124.1990000,103.91700000
"Kepler-49 c","Kepler-49","Transit",2.44400000,0.08300000,-0.08200000,10.91000000000,,4095.60,0.607000,0.618000,,,,,292.2945208,40.5918123,3.1845000,0.0257186,-7.6144900,4.2785600,311.22200000
"TIC 88692598 b","TIC 88692598","Transit",1.81295951,0.20824409,-0.19567673,2.64909436758,,3483.17,,0.532473,,,,,149.2109097,47.7706699,13.5717000,0.0236205,-83.2004000,31.4492000,73.52580000
"TOI-904 c","TOI-904","Transit",2.16700000,0.13000000,-0.11800000,83.99970000000,,3770.20,0.557000,0.527000,0.0220,17.10000,,,89.3712733,-83.1297264,21.6681000,0.0162974,-28.9408000,110.8580000,46.08910000
"Kepler-1074 b","Kepler-1074","Transit",1.25000000,0.24000000,-0.09000000,5.94566534000,,4002.00,0.600000,0.570000,-0.0600,,,,284.4766869,46.2526781,3.9581900,0.0232540,18.7800000,23.4963000,250.81700000
"K2-89 b","K2-89","Transit",0.61500000,0.08000000,-0.08000000,1.09602600000,78.0000,3691.00,0.347000,0.318000,,,,,57.0671234,20.4594885,11.5940000,0.0416119,90.2269000,-33.8286000,86.03860000
"Kepler-54 b","Kepler-54","Transit",2.10000000,,,8.01094340000,,3705.00,0.510000,0.500000,,,,,294.7739245,43.0561976,3.6522800,0.0392143,0.0348401,-18.4991000,271.70100000
"K2-400 b","K2-400","Transit",1.16300000,0.05100000,-0.04900000,3.86505300000,,3578.00,0.374000,0.382000,-0.0510,,,,154.5110307,3.6969271,16.0021000,0.0595686,-69.3460000,32.8600000,62.38040000
"K2-146 c","K2-146","Transit",2.19000000,0.07000000,-0.07000000,4.00498000000,,3385.00,0.331000,0.330000,,,,,130.0266951,19.0923416,12.5821000,0.0749898,-15.9167000,-129.0200000,79.30020000
"Gliese 12 b","Gliese 12","Transit",0.93000000,0.06000000,-0.06000000,12.76141800000,,3328.00,0.255000,0.265000,-0.2400,85.00000,,,3.9579137,13.5576175,81.8711000,0.0866381,618.0030000,329.3190000,12.21000000
"TOI-1243 b","TOI-1243","Transit",2.33000000,0.12000000,-0.12000000,4.65947790000,,3515.00,0.515000,0.511000,-0.2000,,,,135.7326412,71.6364158,23.1265000,0.0326275,-100.4040000,-142.9460000,43.18650000
"Kepler-732 c","Kepler-732","Transit",1.27000000,0.07000000,-0.10000000,0.89304123600,,3631.00,0.490000,0.460000,-0.0100,,,,283.7317274,45.9585288,5.6912000,0.0277465,-41.1414000,-52.6457000,174.82600000
"Kepler-1321 d","Kepler-1321","Transit",2.62843782,,,5.72092008600,,3640.00,0.513000,0.503000,0.2100,,,,294.5285970,46.6408737,1.2752800,0.0636602,-4.0502100,-21.3143000,769.14600000
"K2-3 b","K2-3","Transit",2.07800000,0.07600000,-0.06700000,10.05465350000,10.5000,3844.00,0.549000,0.546000,-0.1570,,,,172.3353708,-1.4551364,22.6610000,0.0552838,94.0337000,-78.1392000,44.07270000
"Kepler-2000 b","Kepler-2000","Transit",2.73000000,0.10000000,-0.17000000,6.38315913500,18.7300,3757.00,0.581000,0.576000,0.4800,,,,285.5743032,49.9621218,3.0909000,0.0352528,-7.0500400,-38.5527000,320.58800000
"TOI-620 b","TOI-620","Transit",3.76000000,0.15000000,-0.15000000,5.09881790000,20.8000,3708.00,0.577000,0.550000,0.3500,8.99000,,,142.1734459,-12.1671652,30.2530000,0.0531631,35.8716000,-389.8540000,33.02310000
"TOI-6086 b","TOI-6086","Transit",1.18000000,0.07000000,-0.07000000,1.38887250000,26.8000,3200.00,0.254000,0.259000,0.1100,,,,265.3704236,30.3037755,31.7609000,0.0406214,-110.5950000,2.1650500,31.45660000
"TOI-5486 b","TOI-5486","Transit",3.96824928,0.40461614,-0.33059240,2.02470073205,,3750.17,,0.553216,,,,,190.5495041,3.7886012,11.1218000,0.0330205,-59.6623000,-96.9256000,89.68110000
"TOI-1467 b","TOI-1467","Transit",1.92000000,0.17100000,-0.11300000,5.97114713000,18.1300,3834.00,0.489000,0.491000,,,,,19.1146441,49.2331382,26.6793000,0.0387206,108.3940000,-149.0590000,37.44180000
"TOI-2257 b","TOI-2257","Transit",2.19400000,0.11300000,-0.11100000,35.18934600000,,3430.00,0.328000,0.313000,-0.2700,,,,194.7396141,77.6617157,17.2748000,0.0312343,-35.9925000,31.4246000,57.79110000
"K2-251 b","K2-251","Transit",2.35000000,0.26000000,-0.21000000,9.30075000000,,3717.00,0.520000,0.490000,-0.0400,,,,190.6892403,-8.5359826,6.7729100,0.0474972,10.9579000,-18.0102000,147.03000000
"Kepler-1948 b","Kepler-1948","Transit",1.03283226,,,15.57129955000,,3872.00,0.585000,0.557000,0.1200,,,,287.3640804,47.7853043,5.1287100,0.0378551,4.3675200,25.9205000,193.90300000
"Kepler-26 c","Kepler-26","Transit",2.72000000,0.12000000,-0.12000000,17.25590000000,4.8200,3914.00,0.544000,0.512000,-0.1300,,,,284.9410627,46.5664505,2.9537300,0.0269816,9.5402300,-13.9610000,335.30700000
"TOI-544 b","TOI-544","Transit",2.01800000,0.07600000,-0.07600000,1.54835200000,,4169.00,0.631000,0.623000,-0.1700,19.34300,0.07300,,82.2900716,-0.3428983,24.2922000,0.0430782,34.2967000,-78.1307000,41.11660000
"TOI-2095 c","TOI-2095","Transit",1.33000000,0.08000000,-0.08000000,28.17232000000,1.8400,3759.00,0.440000,0.440000,-0.2400,40.00000,0.20000,-19.94000,285.6365235,75.4185135,23.8274000,0.0282397,203.4400000,-21.3176000,41.91760000
"Kepler-236 b","Kepler-236","Transit",1.57000000,0.12000000,-0.12000000,8.29561100000,,3750.00,,0.510000,,,,,283.8664285,39.8981928,3.4344000,0.0269563,9.2480800,21.6213000,288.76300000
"Kepler-705 b","Kepler-705","Transit",2.11000000,0.10000000,-0.08000000,56.05605380000,,3722.00,0.530000,0.510000,0.0700,,,,289.5085612,41.8120234,3.5838100,0.0492697,10.7519000,-18.2242000,276.88100000
"TOI-4559 b","TOI-4559","Transit",1.41500000,0.12600000,-0.11200000,3.96599100000,15.7700,3558.00,0.392000,0.374000,-0.0900,,,,211.0135378,-30.0141252,31.5815000,0.0732230,37.1535000,-246.1510000,31.63540000
"TOI-782 b","TOI-782","Transit",2.73400000,0.08500000,-0.08500000,8.02400150000,5.9100,3370.00,0.397000,0.413000,0.3400,65.25700,0.06300,-7.80000,183.9203614,-18.9103377,19.0147000,0.0732826,-163.7200000,-36.8186000,52.51220000
"Kepler-1855 b","Kepler-1855","Transit",1.21620500,,,0.72733098300,,3460.00,0.385000,0.356000,0.0700,,,,283.4018628,41.5161554,,,-13.0494000,-35.3547000,
"K2-242 b","K2-242","Transit",2.54000000,0.21000000,-0.19000000,6.51389000000,,3459.00,0.380000,0.370000,-0.0100,,,,179.8358421,-6.5178542,9.1258900,0.0516706,-6.9378000,-4.5807700,109.23700000
"TOI-4529 b","TOI-4529","Transit",1.77000000,0.09000000,-0.08000000,5.87957700000,,3697.00,0.482000,0.480000,-0.2400,20.70000,1.40000,,16.9688462,12.8809549,35.2022000,0.0506136,276.1360000,-22.6414000,28.38400000
"Kepler-446 d","Kepler-446","Transit",1.35000000,0.22000000,-0.22000000,5.14892100000,,3359.00,0.220000,0.240000,-0.3000,,,-118.00000,282.2501047,44.9210020,10.3516000,0.0546893,-12.4659000,-24.0108000,96.33900000
"K2-154 b","K2-154","Transit",1.99000000,0.21000000,-0.11000000,3.67626000000,,4097.00,0.650000,0.630000,0.2100,,,,189.0015173,-2.6696217,7.7017500,0.0264005,0.7503210,-34.5675000,129.35600000
"K2-72 b","K2-72","Transit",1.08000000,0.11000000,-0.11000000,5.57721200000,8.5000,3360.47,0.271365,0.330989,,,,,334.6227504,-9.6120084,15.0242000,0.0449180,195.8550000,74.3391000,66.43210000
"Kepler-186 b","Kepler-186","Transit",1.07000000,0.12000000,-0.12000000,3.88679070000,,3788.00,0.478000,0.472000,-0.2800,,,,298.6527360,43.9549884,5.6020300,0.0243567,2.0985600,-4.3605500,177.59400000
"Kepler-138 d","Kepler-138","Transit",1.51000000,0.04000000,-0.04000000,23.09230000000,3.4000,3841.00,0.535000,0.535000,-0.1800,,,,290.3814122,43.2930645,14.9272000,0.0237547,-20.5991000,22.6980000,66.86240000
"Kepler-1651 b","Kepler-1651","Transit",1.84000000,0.11000000,-0.11000000,9.87863917000,,3713.00,0.522000,0.503000,-0.1600,,,,283.6282602,48.3908081,15.0296000,0.0238610,-10.8223000,-48.6738000,66.40740000
"Kepler-1582 b","Kepler-1582","Transit",1.49000000,0.17000000,-0.14000000,4.83817712000,,3208.00,0.280000,0.300000,0.4800,,,,289.3765441,41.1580845,12.6475000,0.0701111,-20.8038000,-119.9160000,78.89060000
"TOI-1224 c","TOI-1224","Transit",2.88400000,0.09800000,-0.09800000,17.94546600000,,3326.00,0.400000,0.404000,,1.23000,,14.63000,37.1978356,-80.8991053,26.7584000,0.0427381,159.8830000,27.0526000,37.33120000
"Kepler-32 d","Kepler-32","Transit",2.70000000,0.20000000,-0.20000000,22.78020000000,,3900.00,0.580000,0.530000,0.0000,,,,297.8423073,46.5743595,3.0594800,0.0321976,-13.6176000,19.6456000,323.84700000
"EPIC 228836835 b","EPIC 228836835","Transit",1.10000000,0.30000000,-0.20000000,0.72811300000,,3782.00,,0.320000,-0.1800,,,,189.5748998,-5.2446247,6.6337500,0.0783233,-108.2350000,10.6569000,150.12400000
"K2-146 b","K2-146","Transit",2.05000000,0.06000000,-0.06000000,2.64460000000,,3385.00,0.331000,0.330000,,,,,130.0266951,19.0923416,12.5821000,0.0749898,-15.9167000,-129.0200000,79.30020000
"K2-54 b","K2-54","Transit",2.61169250,0.21297063,-0.19055267,9.78330000000,,3990.00,0.615000,0.643000,-0.0200,,,,338.0541631,-17.5440636,5.6870600,0.0329001,-5.0045200,-9.7060000,174.95500000
"TOI-1756 b","TOI-1756","Transit",1.94225664,0.34679104,-0.20376951,2.78301736297,,3891.86,,0.562607,,,,,306.3287741,77.6364119,11.5029000,0.0146958,-12.5772000,52.0961000,86.71590000
"TOI-715 b","TOI-715","Transit",1.55000000,0.06400000,-0.06400000,19.28800400000,0.6700,3075.00,0.225000,0.240000,-0.2500,,,,113.8523276,-73.5774089,23.5534000,0.0472244,82.6344000,9.9871900,42.40480000
"Kepler-1749 b","Kepler-1749","Transit",1.61301783,,,14.53409958000,,3957.00,0.551000,0.553000,-0.1600,,,,290.2945805,45.5645196,3.6997300,0.0193682,-0.1475750,-18.0048000,268.20000000
"Kepler-1350 c","Kepler-1350","Transit",1.73000000,0.12000000,-0.18000000,1.76678906200,,3827.00,0.550000,0.530000,-0.0600,,,,288.2506110,46.6794847,2.9075600,0.0497661,3.7287800,-24.4129000,340.69100000
"TOI-122 b","TOI-122","Transit",2.72000000,0.18000000,-0.18000000,5.07803000000,8.8000,3403.00,0.312000,0.334000,,72.00000,22.00000,-72.40000,332.9482355,-58.9460850,16.0698000,0.0555096,138.1380000,-235.8100000,62.11800000
"K2-83 c","K2-83","Transit",1.48300000,0.09900000,-0.09900000,9.99767000000,7.4200,3910.00,0.484000,0.424000,,,,,59.9013782,15.5587994,7.9375000,0.0323816,-40.4300000,-18.7895000,125.52900000
"LHS 1903 b","LHS 1903","Transit",1.38200000,0.04600000,-0.04600000,2.15550980000,66.6600,3664.00,0.538000,0.539000,-0.1100,40.80000,,,107.8658260,48.3279327,27.9890000,0.0649198,-93.0762000,-570.5520000,35.69170000
"K2-148 d","K2-148","Transit",1.64000000,0.24000000,-0.21000000,9.75790000000,16.8000,4079.00,0.650000,0.632000,-0.1100,,,,14.5176494,-0.1932580,8.0061500,0.0399039,-38.6993000,-23.5905000,124.45800000
"K2-4 b","K2-4","Transit",2.10000000,0.20000000,-0.19000000,10.00341700000,15.6000,4014.73,0.635026,0.569359,,,,,174.7455392,-3.9055746,4.2850600,0.0389650,-23.9542000,-1.4477100,231.82800000
"Kepler-1455 b","Kepler-1455","Transit",2.16000000,0.15000000,-0.16000000,49.27676400000,,4075.00,0.620000,0.600000,-0.0200,,,,294.0830662,50.5027572,2.7682200,0.0409922,1.4025400,-9.1825500,357.62100000
"TOI-1759 b","TOI-1759","Transit",3.14000000,0.10000000,-0.10000000,18.85019000000,6.3900,4065.00,0.606000,0.597000,0.0500,,,,326.8516615,62.7538164,24.9302000,0.0261687,-173.4700000,-10.4595000,40.06540000
"TOI-2459 b","TOI-2459","Transit",2.95310000,0.09160000,-0.06580000,19.10471800000,,4195.00,0.660000,0.675100,,,,,82.1433321,-39.3730456,27.2850000,0.0255967,88.5756000,16.7487000,36.61130000
"K2-239 c","K2-239","Transit",1.00000000,0.10000000,-0.10000000,7.77500000000,,3420.00,0.400000,0.360000,-0.1000,,,,160.5941265,4.4413751,32.1414000,0.0851176,-42.2651000,3.9756200,31.08490000
"Wolf 327 b","Wolf 327","Transit",1.24000000,0.06000000,-0.06000000,0.57347450000,233.9000,3542.00,0.405000,0.406000,-0.1700,44.40000,0.40000,9.39000,148.3783199,35.5705480,35.0195000,0.0624582,-87.8546000,-177.2160000,28.53210000
"Kepler-1388 b","Kepler-1388","Transit",2.59000000,0.13000000,-0.14000000,12.28546030000,,4098.00,0.630000,0.610000,0.0200,,,,283.3360156,47.1744499,2.1754900,0.0360522,-7.3150900,-15.2703000,453.79500000
"K2-153 b","K2-153","Transit",2.00000000,0.21000000,-0.18000000,7.51574000000,,3845.00,0.550000,0.530000,-0.0900,,,,183.8088709,2.0208765,6.9583500,0.0440573,-75.2591000,-16.0984000,143.12500000
"TOI-540 b","TOI-540","Transit",0.90300000,0.05200000,-0.05200000,1.23914910000,23.4000,3216.00,0.159000,0.189500,,0.72610,0.00039,,76.3096949,-47.9375391,71.3886000,0.0447734,-66.0851000,25.0774000,14.00220000
"Kepler-32 b","Kepler-32","Transit",2.20000000,0.20000000,-0.20000000,5.90124000000,,3900.00,0.580000,0.530000,0.0000,,,,297.8423073,46.5743595,3.0594800,0.0321976,-13.6176000,19.6456000,323.84700000
"K2-316 b","K2-316","Transit",1.33000000,0.10000000,-0.09000000,1.13300000000,,3436.00,0.408000,0.379000,,,,,233.6247336,-23.2594663,8.8622200,0.0753087,-0.3893850,-64.4727000,112.48600000
"EPIC 206042996 c","EPIC 206042996","Transit",1.20000000,0.20000000,-0.10000000,0.35488400000,,4114.00,,0.500000,0.0060,,,,337.5136198,-13.6101475,2.1868900,0.0659555,7.2981400,-7.4296300,451.76900000
"TOI-198 b","TOI-198","Transit",1.36000000,0.13000000,-0.13000000,10.21521300000,7.2000,3801.00,0.417000,0.418000,-0.6600,48.50000,1.00000,19.70000,2.2715087,-27.1217452,42.1185000,0.0467580,692.2550000,90.1419000,23.72620000
"K2-137 b","K2-137","Transit",0.64000000,0.10000000,-0.10000000,0.17971900000,,3697.00,,0.290000,-0.0590,,,,186.8704260,-6.1952168,10.0853000,0.0623176,-79.5329000,3.1548400,98.87650000
"Kepler-186 c","Kepler-186","Transit",1.25000000,0.14000000,-0.14000000,7.26730200000,,3788.00,0.478000,0.472000,-0.2800,,,,298.6527360,43.9549884,5.6020300,0.0243567,2.0985600,-4.3605500,177.59400000
"K2-26 b","K2-26","Transit",2.67000000,0.46000000,-0.42000000,14.56650000000,5.8000,3785.00,0.560000,0.520000,-0.1300,,,95.34000,94.2064312,24.5958335,10.0674000,0.0518704,-28.0444000,-115.6390000,99.05040000
"K2-5 b","K2-5","Transit",1.91000000,0.44000000,-0.44000000,5.73594000000,24.1000,3930.00,0.610000,0.570000,-0.3300,,,,169.3034598,-1.8778254,4.8989900,0.0398059,-11.0734000,33.3186000,202.94300000
"K2-413 c","K2-413","Transit",1.23270000,0.05650000,-0.05930000,5.33010000000,69.5290,4116.00,0.808000,0.700000,-0.2050,,,,353.4175668,-7.6120272,3.4784900,0.0430269,-7.0716200,-22.0485000,285.16200000
"TOI-4527.01","TOI-4527","Transit",0.90866170,0.95341300,-0.95341300,0.39944450000,571.5072,3702.00,0.483901,0.485948,,,,,19.4722574,5.4711996,55.2084000,0.0527018,87.7667000,-634.3370000,18.10370000
"Kepler-32 c","Kepler-32","Transit",2.00000000,0.20000000,-0.20000000,8.75220000000,,3900.00,0.580000,0.530000,0.0000,,,,297.8423073,46.5743595,3.0594800,0.0321976,-13.6176000,19.6456000,323.84700000
"TOI-2120 b","TOI-2120","Transit",2.12200000,0.06500000,-0.06500000,5.79981640000,3.6100,3131.00,0.211000,0.245000,0.3900,,,20.90000,23.5073150,65.5139877,31.0507000,0.0506334,306.2820000,-215.5310000,32.17550000
"K2-150 b","K2-150","Transit",2.00000000,0.27000000,-0.21000000,10.59357000000,4.9000,3499.00,0.457000,0.436000,0.0900,,,,18.3443908,8.9874328,9.7297000,0.0751656,46.6903000,-25.6336000,102.48300000
"TOI-4184 b","TOI-4184","Transit",2.43000000,0.21000000,-0.21000000,4.90198040000,4.8000,3238.00,0.210900,0.234700,-0.2700,,,,43.8284749,-79.4147039,14.3881000,0.0666086,79.0485000,165.7350000,69.36490000
"K2-318 b","K2-318","Transit",1.66000000,0.13000000,-0.13000000,7.01000000000,,3851.00,0.561000,0.552000,,,,,232.4461375,-17.5574630,6.7344600,0.0449643,-55.0804000,-44.2031000,147.86600000
"Kepler-1308 b","Kepler-1308","Transit",0.52000000,0.06000000,-0.05000000,2.10433811900,,3468.00,0.350000,0.340000,-0.1300,,,,285.9287514,38.5207097,8.8439200,0.0330216,-24.5914000,-57.6533000,112.70500000
"TOI-244 b","TOI-244","Transit",1.52000000,0.12000000,-0.12000000,7.39722500000,7.3000,3433.00,0.428000,0.426000,-0.3900,53.30000,1.20000,,10.5697537,-36.7179743,45.3562000,0.0681810,-155.1860000,45.4446000,22.03370000
"TOI-1743 b","TOI-1743","Transit",1.83000000,0.11000000,-0.10000000,4.26604600000,,3277.00,0.339000,0.338000,0.2200,,,,257.7473322,71.8722039,24.1985000,0.0516618,66.9792000,188.7730000,41.27580000
"TOI-5388.01","TOI-5388","Transit",0.99000000,0.07000000,-0.06000000,2.59467480000,,3440.00,0.292000,0.300000,-0.3600,,,,152.1765169,35.5475571,53.9592000,0.0481785,192.5360000,133.1210000,18.52260000
"Kepler-42 c","Kepler-42","Transit",0.73000000,0.20000000,-0.20000000,0.45328509000,,3068.00,0.130000,0.170000,-0.3300,,,-84.48000,292.2196000,44.6173667,24.9340000,0.0400874,93.1258000,-417.4200000,40.05950000
"K2-239 d","K2-239","Transit",1.10000000,0.10000000,-0.10000000,10.11500000000,,3420.00,0.400000,0.360000,-0.1000,,,,160.5941265,4.4413751,32.1414000,0.0851176,-42.2651000,3.9756200,31.08490000
"Kepler-1904 b","Kepler-1904","Transit",1.39049940,,,4.57702016800,,3805.00,0.526000,0.497000,-0.1000,,,,288.8744026,51.1542215,3.6634500,0.0307293,5.3845400,22.8237000,270.85400000
"Kepler-249 d","Kepler-249","Transit",1.57000000,0.14000000,-0.14000000,15.36845900000,,3568.00,,0.482000,,,,,296.9853002,43.6586043,5.2234800,0.0333944,33.5245000,17.5178000,190.40100000
"Kepler-1367 b","Kepler-1367","Transit",0.92000000,0.07000000,-0.08000000,1.57409027200,,4106.00,0.620000,0.600000,-0.0600,,,,288.4166786,47.8787308,2.4623400,0.0308834,19.7941000,3.1679000,401.48400000
"TOI-2274 b","TOI-2274","Transit",2.45000000,0.23000000,-0.13000000,2.67963000000,,3943.00,0.612000,0.631000,,,,,277.4593110,40.5414117,20.4310000,0.0240629,-14.9190000,88.0634000,48.87600000
"Kepler-249 c","Kepler-249","Transit",1.51000000,0.09000000,-0.09000000,7.11370200000,,3568.00,,0.482000,,,,,296.9853002,43.6586043,5.2234800,0.0333944,33.5245000,17.5178000,190.40100000
"LHS 1903 c","LHS 1903","Transit",2.04600000,0.07800000,-0.07400000,6.22618500000,16.2000,3664.00,0.538000,0.539000,-0.1100,40.80000,,,107.8658260,48.3279327,27.9890000,0.0649198,-93.0762000,-570.5520000,35.69170000
"TOI-2084 b","TOI-2084","Transit",2.47000000,0.13000000,-0.13000000,6.07842470000,12.8000,3551.00,0.453000,0.475000,-0.1300,,,,259.2545389,72.7470231,8.7010100,0.0257440,47.7174000,36.7746000,114.54900000
"K2-240 c","K2-240","Transit",1.80000000,0.30000000,-0.10000000,20.52300000000,,3810.00,0.580000,0.540000,-0.1000,10.80000,0.10000,,227.8493710,-17.8754464,13.6878000,0.0975584,-53.7479000,-52.3229000,72.91050000
