sample,mode,arm,rep,beta_hat,se,n,beta_inj
M,independent,null,0,0.09763375993960038,0.42518804388589737,411,0.0
M,independent,null,1,0.5664465158791032,1.1862611178216071,429,0.0
M,independent,null,2,-0.3981121955262221,1.2301692294336557,451,0.0
M,independent,null,3,1.1397785281022637,0.36255132695329356,424,0.0
M,independent,null,4,0.42203748155756404,0.25116539314218855,395,0.0
M,independent,null,5,0.39419227740989976,0.83019037688119,410,0.0
M,independent,null,6,-1.5351835587352058,1.8078351620048363,413,0.0
M,independent,null,7,-0.007170906246695324,0.37186270595845194,421,0.0
M,independent,null,8,0.7959578205210391,0.42311548988470693,415,0.0
M,independent,null,9,0.7929284491258625,0.3956550657359514,430,0.0
M,independent,null,10,-0.20392353763740192,0.5640886823121177,439,0.0
M,independent,null,11,-0.9500909924958145,0.2653658565723749,408,0.0
M,independent,null,12,0.10607748100414423,0.42688957445229364,400,0.0
M,independent,null,13,-0.05500061981230669,0.31183822627555247,406,0.0
M,independent,null,14,0.607285025081445,0.42969050195042324,403,0.0
M,independent,null,15,0.12768190330219426,0.4222108055624122,431,0.0
M,independent,null,16,0.1612858628103709,0.7810834024010781,436,0.0
M,independent,null,17,1.2693942271587915,0.4388181881204952,401,0.0
M,independent,null,18,0.5853751994002775,0.2610590418183346,430,0.0
M,independent,null,19,0.39397325339434525,0.44218084641773814,424,0.0
M,independent,null,20,0.7862968919775444,0.456178640123268,422,0.0
M,independent,null,21,-0.08225709923576086,0.45226110375815415,432,0.0
M,independent,null,22,-0.7174190768477439,0.3907741017523561,439,0.0
M,independent,null,23,-0.115978428779074,0.49975489202446605,414,0.0
M,independent,null,24,-0.02068525597348097,0.5481014404316944,434,0.0
M,independent,null,25,0.46911409062943,0.44805902162908984,403,0.0
M,independent,null,26,0.46623519155413723,0.41078229592340065,419,0.0
M,independent,null,27,-0.783718602186598,0.359439580622784,425,0.0
M,independent,null,28,0.8148415415749384,0.7426051367680195,419,0.0
M,independent,null,29,0.8515376494881952,0.4194660269020974,403,0.0
M,independent,null,30,0.11610353378966677,0.3428016555168696,424,0.0
M,independent,null,31,0.22737128500692233,0.3074776002371352,417,0.0
M,independent,null,32,0.14068859302148873,1.1774533290561353,427,0.0
M,independent,null,33,-0.16179128990537028,0.493719809636015,418,0.0
M,independent,null,34,0.014927228071105561,0.6947206008411092,416,0.0
M,independent,null,35,-0.5355200074285934,0.37626650128902994,430,0.0
M,independent,null,36,-1.5012017063278589,0.7192494340776816,416,0.0
M,independent,null,37,-1.946257507689552,0.4314842459089268,435,0.0
M,independent,null,38,-0.18922806544064638,0.5006858986504938,419,0.0
M,independent,null,39,0.279865782876576,0.6370033927735054,424,0.0
M,independent,null,40,0.8103838159815104,0.31903813798903935,398,0.0
M,independent,null,41,0.023132056285568525,0.319289781533233,419,0.0
M,independent,null,42,-0.3328109743416674,0.44003335424609935,413,0.0
M,independent,null,43,-0.375575818856803,0.7577272236910276,417,0.0
M,independent,null,44,-0.20630318051514795,0.4813602801907731,403,0.0
M,independent,null,45,0.6391232942433016,0.23344601275612165,451,0.0
M,independent,null,46,0.3927940543778038,0.3478763299214951,427,0.0
M,independent,null,47,0.6663698209135733,0.24233245736144823,403,0.0
M,independent,null,48,0.03587170304979467,0.3105601459947696,419,0.0
M,independent,null,49,0.06958104493868847,1.1008189974515292,415,0.0
M,independent,null,50,-0.633834895637825,0.499513814420161,440,0.0
M,independent,null,51,1.6848691233799167,0.3377393005387588,394,0.0
M,independent,null,52,0.12819314292435519,0.3412010917425984,403,0.0
M,independent,null,53,-0.19023960313318036,0.6700439992038035,428,0.0
M,independent,null,54,-0.2108405575392179,0.2109499340640245,424,0.0
M,independent,null,55,0.06500601582838253,0.2794423412448841,422,0.0
M,independent,null,56,-0.7579352532765233,0.5892300070700338,418,0.0
M,independent,null,57,0.07828320357645457,0.3525828196331888,415,0.0
M,independent,null,58,0.36763035770610136,0.31139622396379135,413,0.0
M,independent,null,59,-0.7943017593113374,0.5310619399118558,430,0.0
M,independent,null,60,0.075447927822827,0.5231286797767206,422,0.0
M,independent,null,61,-0.772135034163492,1.1909953454549345,404,0.0
M,independent,null,62,-0.10199768584104457,0.5528822812268847,398,0.0
M,independent,null,63,-0.0047210407846846394,0.5763997517015765,419,0.0
M,independent,null,64,0.3998592478538754,0.4669696616707843,442,0.0
M,independent,null,65,0.06818526410015373,0.5295627143366831,390,0.0
M,independent,null,66,0.09909689716375322,0.4011783677035465,433,0.0
M,independent,null,67,0.9762695428716461,0.40632844348076,435,0.0
M,independent,null,68,-0.08197833247120032,0.37906536639709876,432,0.0
M,independent,null,69,0.535583134654936,0.23193499587296748,406,0.0
M,independent,null,70,0.0756084801361361,0.5440865282775462,425,0.0
M,independent,null,71,0.5941781411865317,0.31953198753364764,409,0.0
M,independent,null,72,0.3771726275520703,0.36919748507002687,436,0.0
M,independent,null,73,0.051557036221921405,0.6167183191890864,405,0.0
M,independent,null,74,0.8475401104913219,0.3698435062783748,412,0.0
M,independent,null,75,-0.16619452805441523,8.14127229029918,437,0.0
M,independent,null,76,-0.08692976463523991,0.4731896778931214,427,0.0
M,independent,null,77,-0.47103621601728857,0.2832006468801013,412,0.0
M,independent,null,78,-1.4391011919812624,0.5837460416290265,406,0.0
M,independent,null,79,0.5126973640028497,0.3788289208478783,413,0.0
M,independent,null,80,0.5174408864719031,0.39599873469402486,443,0.0
M,independent,null,81,-0.36005102861507926,0.43913292355695066,396,0.0
M,independent,null,82,-0.6738278795517326,2.8988350592367906,409,0.0
M,independent,null,83,0.15419437431449437,0.35602752501301504,398,0.0
M,independent,null,84,1.417537708685932,0.3666655470735678,431,0.0
M,independent,null,85,0.05525718570330794,0.4506309379280497,405,0.0
M,independent,null,86,-0.21450605210236925,0.3614718137147413,415,0.0
M,independent,null,87,-0.10885295643720039,0.3657466817588179,418,0.0
M,independent,null,88,-0.4860317235088909,0.44718392214870517,418,0.0
M,independent,null,89,-0.6868994307479004,0.28319731298305734,407,0.0
M,independent,null,90,0.07366599411139975,0.5857412982365257,435,0.0
M,independent,null,91,0.0007421954843043155,0.5536794621204812,421,0.0
M,independent,null,92,0.42106095253286546,0.32702620802681237,410,0.0
M,independent,null,93,0.05440199020990215,0.4036308993649253,412,0.0
M,independent,null,94,0.29173503372337384,0.4066715800607906,433,0.0
M,independent,null,95,0.4761103874569802,0.4357250848281842,409,0.0
M,independent,null,96,-1.310032016959018,0.641078302179946,421,0.0
M,independent,null,97,-0.747332903364391,0.7789793862480406,396,0.0
M,independent,null,98,0.4314730107009488,0.24906475249025362,421,0.0
M,independent,null,99,-0.5711900474600288,0.28614676275683376,419,0.0
M,independent,null,100,-0.05091883300299128,0.43349135884148465,419,0.0
M,independent,null,101,-0.16768382502766818,0.3945491016209801,428,0.0
M,independent,null,102,0.4142538836758025,0.22556531932077198,431,0.0
M,independent,null,103,1.5817316964143817,0.38485134648565955,395,0.0
M,independent,null,104,-0.5383129520367006,0.2962529607601273,412,0.0
M,independent,null,105,0.0143677053983829,0.4626459168597247,421,0.0
M,independent,null,106,0.9995627366329348,0.454966508783582,427,0.0
M,independent,null,107,0.1341420231431779,0.38023025266089716,416,0.0
M,independent,null,108,0.014055263634245616,0.4736422675215421,408,0.0
M,independent,null,109,-0.02957080386440826,0.3412293884844201,439,0.0
M,independent,null,110,0.13292443768503315,0.3414212839116175,413,0.0
M,independent,null,111,-0.10946461989785954,1.854213203891589,428,0.0
M,independent,null,112,0.6374995338032944,0.33788814846425425,434,0.0
M,independent,null,113,-0.09583690841964239,0.6300282899467093,423,0.0
M,independent,null,114,-0.554810570835918,0.29476440874264237,404,0.0
M,independent,null,115,-0.12893729444654636,0.5634716023147951,435,0.0
M,independent,null,116,0.31038771435279044,0.2718495441111867,397,0.0
M,independent,null,117,-0.25589378824099607,0.275559762994214,393,0.0
M,independent,null,118,-0.6421590514875659,0.4399624907839601,420,0.0
M,independent,null,119,-0.5077087694446525,0.800644342728059,414,0.0
M,independent,null,120,-0.3688996602676199,0.4231231534196279,394,0.0
M,independent,null,121,-0.9553076320583375,0.3500952069068032,410,0.0
M,independent,null,122,0.27838059893633316,0.3755602582418183,404,0.0
M,independent,null,123,-0.21729246765746946,0.6469045307612111,404,0.0
M,independent,null,124,0.07857826764858324,0.5081386398283992,424,0.0
M,independent,null,125,-0.22699927069585413,0.41812652429716346,424,0.0
M,independent,null,126,-0.36141432090268316,0.2692176083176489,401,0.0
M,independent,null,127,0.9923421836683411,0.30082834036413275,413,0.0
M,independent,null,128,0.7037244473669545,0.7439750613358918,421,0.0
M,independent,null,129,0.008230710652562359,0.6205402420816186,421,0.0
M,independent,null,130,-0.020604825200213214,0.3068398553184774,413,0.0
M,independent,null,131,-0.6028134225001923,0.4024930905970671,427,0.0
M,independent,null,132,0.5677338357186082,0.5372926238635232,419,0.0
M,independent,null,133,-0.7536898252694666,0.7586020662891336,425,0.0
M,independent,null,134,-0.3391338495276183,0.43145970172786985,379,0.0
M,independent,null,135,-0.3387101926969354,0.5314162967261805,425,0.0
M,independent,null,136,-0.49617549703251745,0.669473953808993,419,0.0
M,independent,null,137,0.1822976179644616,0.6885334698030646,411,0.0
M,independent,null,138,-0.02179449432755239,0.49794466963568035,383,0.0
M,independent,null,139,-0.7366720537243815,0.454174732629843,431,0.0
M,independent,null,140,0.19729490554894472,0.42878483910826165,405,0.0
M,independent,null,141,-0.6960235642629616,0.44789450208257775,401,0.0
M,independent,null,142,0.5955052364508636,0.48716810812670475,409,0.0
M,independent,null,143,0.7529723003235076,0.5062912065221123,423,0.0
M,independent,null,144,-0.2998871288768877,0.3482865078874746,418,0.0
M,independent,null,145,-0.39342994007074567,0.2938151520798036,398,0.0
M,independent,null,146,0.24103350645369712,0.4289633710728846,406,0.0
M,independent,null,147,-1.0531788019975412,0.48726783496201836,424,0.0
M,independent,null,148,0.14303667451940835,0.5839112552054985,442,0.0
M,independent,null,149,-1.2030112587690969,2.6712738826131557,430,0.0
M,independent,null,150,-1.2252266127591958,0.392852453350223,420,0.0
M,independent,null,151,-0.5155320661273799,0.690813093715018,443,0.0
M,independent,null,152,0.20757040507809107,0.3310442950815216,422,0.0
M,independent,null,153,0.20137080537080718,0.42667130408678294,404,0.0
M,independent,null,154,-1.423820244153667,0.9550976942902514,424,0.0
M,independent,null,155,-0.8955318513147993,1.6770362375823522,422,0.0
M,independent,null,156,-0.643974883576452,0.665646924697458,400,0.0
M,independent,null,157,-0.3553604051634794,0.6016582392632573,416,0.0
M,independent,null,158,0.27966594329187633,0.5255900622514789,407,0.0
M,independent,null,159,0.3685758683667999,0.47227942044527876,425,0.0
M,independent,null,160,-0.568138466358176,0.5690742153301562,419,0.0
M,independent,null,161,-0.19312508948453522,0.4211413304354379,434,0.0
M,independent,null,162,-0.8636727837193138,0.26322176040627243,415,0.0
M,independent,null,163,-1.1822125716306442,0.5712325446887132,419,0.0
M,independent,null,164,0.9643327000367194,0.5665117077827229,446,0.0
M,independent,null,165,-0.0034267547551803438,0.6324760891787653,407,0.0
M,independent,null,166,-0.5464532562820773,0.2864855999715598,411,0.0
M,independent,null,167,0.09170037567111886,0.4589861340063377,441,0.0
M,independent,null,168,0.3158027065988285,0.25445200915846855,445,0.0
M,independent,null,169,-0.5405875735691443,0.4693624913375405,417,0.0
M,independent,null,170,-1.5238546785821538,0.5371382543021032,432,0.0
M,independent,null,171,-0.3467330453657893,0.5367896665775539,414,0.0
M,independent,null,172,0.5906918793207031,0.28173938758400296,405,0.0
M,independent,null,173,-0.0858932282575664,0.5035083290008063,441,0.0
M,independent,null,174,0.22215410663729568,3.914003697521019,404,0.0
M,independent,null,175,-0.43543033418261795,0.6314205777102072,405,0.0
M,independent,null,176,-0.21405709113760646,0.49893600373763625,416,0.0
M,independent,null,177,0.3363054890649589,0.23495772883829524,417,0.0
M,independent,null,178,-0.17148241466133637,0.37256100372781553,431,0.0
M,independent,null,179,-0.5952343348556257,0.3526160872543132,410,0.0
M,independent,null,180,1.4164489233738546,0.32745732820725487,423,0.0
M,independent,null,181,-0.0638664691455232,0.6316517861867217,416,0.0
M,independent,null,182,0.6372772226769403,0.47142636204024835,428,0.0
M,independent,null,183,-0.09055616635072926,0.32300023642119163,417,0.0
M,independent,null,184,0.12170298439851036,0.7576084179453701,434,0.0
M,independent,null,185,0.2866753529765183,0.4943146918258287,419,0.0
M,independent,null,186,-0.7406029596062901,0.3640203588679765,430,0.0
M,independent,null,187,-0.6320418951600352,0.39438168952514496,414,0.0
M,independent,null,188,-0.4985090027903095,0.4100538746961902,415,0.0
M,independent,null,189,0.2729168650344712,0.45679815287096864,432,0.0
M,independent,null,190,0.13807287362163692,0.7122388059310669,407,0.0
M,independent,null,191,-0.6050883329790159,0.30591077443307785,407,0.0
M,independent,null,192,-0.1377760950416598,1.1060640663179278,408,0.0
M,independent,null,193,-0.39115345656706574,0.42107530087781436,418,0.0
M,independent,null,194,0.07579639394663598,0.2936377838551989,421,0.0
M,independent,null,195,-0.06547915849057441,5.081380907735211,426,0.0
M,independent,null,196,1.0330040228031954,0.32351930204611873,412,0.0
M,independent,null,197,-0.28664308726450904,0.3707817749345052,440,0.0
M,independent,null,198,0.14068428375042755,0.37304119474423375,412,0.0
M,independent,null,199,-0.7975130396563985,0.526145424870969,431,0.0
