sample,mode,rep,beta_inj,beta_hat,se,detect_correct_sign,n
M,independent,0,-0.07523891674246747,-0.1367469292502529,0.6208606049380864,False,431
M,independent,1,-0.10398547283079852,0.6354258897612329,0.888696026629617,False,417
M,independent,2,0.10935654399941565,0.1892486339413994,0.304117459405164,False,444
M,independent,3,0.08833230519845091,0.32083177720557626,0.4092104365752675,False,410
M,independent,4,-0.2825391687136764,-0.6601970856582788,0.6424213269713783,False,389
M,independent,5,-0.1608266510367673,-0.17718918058015742,0.5194441256109946,False,416
M,independent,6,-0.18693771724760957,-0.7891789500301782,0.3492459884522062,True,400
M,independent,7,-0.11809599700777017,0.31938896120280125,0.3382678692960735,False,408
M,independent,8,-0.44852555042163067,-0.28989320632508847,0.40920058002262405,False,430
M,independent,9,-0.03183364946431552,0.13102964330782393,0.37251382414537115,False,396
M,independent,10,-0.26763097593923824,-0.1569099704571514,0.5762640856790656,False,418
M,independent,11,-0.153402401052175,-0.3092049496315923,0.3740769202191205,False,415
M,independent,12,-0.17266381131469832,0.3512959489034234,1.1878927876965848,False,391
M,independent,13,-0.06784165694297968,-0.029702505696264696,1.6323263160727657,False,428
M,independent,14,0.04722839307771676,0.16704067272150505,0.3835323603693703,False,432
M,independent,15,-0.19547840811730838,0.354215736470094,0.5139889268590615,False,419
M,independent,16,-0.09116027021737062,-1.375922972264248,1.164802020070378,False,385
M,independent,17,0.02608833890286908,0.5225336090187113,0.33672060671031245,False,457
M,independent,18,-0.18269532886769463,-0.598864108898704,0.45846121162565223,False,427
M,independent,19,-0.279075084520146,-0.017257106944971318,0.25934451028545114,False,424
M,independent,20,-0.2782911096062044,-0.9775063644745893,0.3621322857463311,True,426
M,independent,21,0.04662380994129106,0.4560147956715979,0.5970367036862616,False,426
M,independent,22,-0.14607885249406544,0.40503693884495073,0.5221651020745406,False,453
M,independent,23,-0.27031754601650676,-0.17390879652240843,0.3121121710714655,False,439
M,independent,24,-0.0763376994865337,0.9811340011070526,0.27122903352840816,False,414
M,independent,25,-0.19808782966601235,0.022881439724271528,0.5283898616227605,False,403
M,independent,26,-0.1700147912299064,-0.700553346178159,0.5180801083297693,False,428
M,independent,27,-0.047727752405036517,0.7192426323246076,0.36612615024507356,False,397
M,independent,28,-0.08638766061814705,0.1135412727775907,0.4185528086039341,False,426
M,independent,29,-0.33971410123215595,0.4385895802095337,0.7879943339016303,False,427
M,independent,30,0.04488842841066716,-0.2900554954088755,0.5576842108538068,False,399
M,independent,31,-0.04127125607099734,0.3922512443013989,0.4377838691640641,False,424
M,independent,32,-0.04878611472326953,0.28428530049226375,0.4074457086785329,False,444
M,independent,33,0.001156585479208487,-0.9642154882455037,0.35252215747368604,False,423
M,independent,34,0.02805083206959158,-0.08630006817191993,0.33931705962145686,False,431
M,independent,35,-0.07548991975925151,0.2273836290418838,0.35906233834557444,False,423
M,independent,36,-0.25512320904097363,-0.12220913502479906,0.5055283578051476,False,429
M,independent,37,-0.225828223622847,0.02030942591803258,0.7299931203232628,False,397
M,independent,38,-0.16385163428609045,-0.8669890035664292,0.5981730547323612,False,425
M,independent,39,-0.12170023026541135,0.8873079827318628,0.42210229375536557,False,413
M,independent,40,0.14266934234103013,-0.14763329179470877,0.36981378200716847,False,423
M,independent,41,-0.0028460849477994835,-0.3182441372787791,7.650671590227655,False,418
M,independent,42,-0.10510251599392433,-0.787371973577249,0.5534935249056474,False,411
M,independent,43,-0.1528310148506487,0.43754621870919536,0.5937816816522659,False,434
M,independent,44,-0.08366321548568245,0.14583845938659265,0.6061634899495019,False,433
M,independent,45,-0.4070388953455221,-0.2865034181438439,0.4358472659923841,False,425
M,independent,46,-0.017160101592449892,-0.14232046371684526,0.5560094563757401,False,420
M,independent,47,0.04341901950538428,-0.45553415293042565,0.26751595057219113,False,416
M,independent,48,0.12640144751846394,0.3423047111980287,0.2739699623506468,False,425
M,independent,49,-0.3606757641742686,0.3056593941453815,0.4956986780337196,False,407
M,independent,50,-0.2758558404331017,-1.3962416138676035,0.7112209785914886,True,424
M,independent,51,-0.14122889745814013,-0.610154284137281,0.9452854458103505,False,414
M,independent,52,-0.18539577574195032,-0.8535587040702215,0.47552273604076273,False,415
M,independent,53,-0.34050037570101543,-0.3130392235329803,0.7220881597910865,False,423
M,independent,54,-0.07940347838816655,0.573564131940176,0.2807009481012611,False,442
M,independent,55,0.0004517296978841234,0.49966492920004246,0.5387803718923679,False,415
M,independent,56,-0.2063795245090315,-0.7560797543413997,0.5419679328875715,False,430
M,independent,57,-0.284935676650111,-0.0959772632366521,0.6347497025863901,False,419
M,independent,58,-0.12348768090916479,-0.6378276912925704,0.37614096595780333,False,410
M,independent,59,-0.14960915939441516,-1.0577087399983651,0.3472693388088468,True,396
M,independent,60,-0.19986128075041742,-0.1494451997915024,0.25497627621054014,False,391
M,independent,61,-0.0425362482464009,0.2915398712731275,0.3960371339120564,False,415
M,independent,62,-0.22343445444464996,-0.7627571666033345,0.41655097530435686,False,405
M,independent,63,-0.22839109848201236,-1.3215811580629018,0.73110146847311,False,406
M,independent,64,0.004603844178444061,0.3867719194173116,0.6014112325383143,False,415
M,independent,65,-0.017650097069498438,0.23518188503572027,0.28540731003505454,False,424
M,independent,66,-0.32230968907438956,-0.2868807807324476,0.4823596117139171,False,399
M,independent,67,0.061517278578602994,-0.028877355231824522,0.6828175910673662,False,402
M,independent,68,-0.14252267812501246,0.04683658375610842,0.5648135784569005,False,422
M,independent,69,-0.0918143114306691,0.06921811176432656,0.4514395444546404,False,410
M,independent,70,-0.10501493584368626,-0.05050832570631924,0.5267176078916138,False,416
M,independent,71,-0.26836475548316124,-0.4122473254420323,0.4299430834530054,False,432
M,independent,72,-0.18221377323609567,0.19903724608192921,0.4424438388701517,False,402
M,independent,73,-0.08132740747798184,0.38416911175930846,0.4874293035402432,False,409
M,independent,74,-0.0696958238736322,0.06850086108403511,0.5781360611628236,False,414
M,independent,75,-0.5067769517427972,-0.0644140716571331,0.697971031748528,False,400
M,independent,76,0.03895538342258052,0.40247153350171055,0.4334694748399548,False,416
M,independent,77,-0.022216657450434968,-0.32598331259937186,0.3420639933423529,False,410
M,independent,78,-0.3054688647740561,0.6343366502598464,0.45238928401869993,False,428
M,independent,79,-0.3111546463930481,0.10357315877531353,0.39325547546743445,False,425
M,independent,80,-0.3095736513460724,-0.8137154109207978,0.352579183849634,True,404
M,independent,81,0.017697735640974724,-0.23837998990531867,0.2233068310668207,False,408
M,independent,82,-0.19967700913971936,-0.32316476403535915,31.937423088699866,False,401
M,independent,83,0.02050867717614875,-0.8942061240170717,0.4350510534496457,False,419
M,independent,84,-0.3351526479458626,-0.4155318291834353,0.3750908072253191,False,396
M,independent,85,-0.011628236967716268,0.019023864647091326,0.41137091227737954,False,433
M,independent,86,-0.13151326383265208,-0.14319167804373184,0.30177119525515794,False,408
M,independent,87,0.29578944611946895,-0.30864050673529453,0.36303540241004656,False,417
M,independent,88,-0.011983960607894265,-0.42310609181983094,0.6140342252793114,False,407
M,independent,89,0.19385043007300112,-0.19721938493147714,0.6211245526219186,False,411
M,independent,90,-0.04896067572512049,0.5672275450525834,0.3528070576698253,False,419
M,independent,91,0.1790113968095914,0.624553668017161,0.23579103123067385,True,431
M,independent,92,0.0816257895707051,-0.4777679672931425,0.4122463789144058,False,417
M,independent,93,-0.15405524919959018,-0.6754450300720523,0.3727639459874617,False,419
M,independent,94,-0.088148852289546,0.3513021282522988,0.3305304513741009,False,408
M,independent,95,0.026239241523031594,-1.1838507288356945,0.4362651703807047,False,404
M,independent,96,-0.13638828710166045,0.17502404862664267,4.334661388375629,False,399
M,independent,97,-0.411181491204637,-0.8727673506931596,0.30762468422880473,True,425
M,independent,98,-0.404604950558916,0.16101615957404586,0.741966366597506,False,422
M,independent,99,-0.4100307160004225,-0.9592481056965642,0.4385350212062816,True,437
M,independent,100,-0.08485964278681898,0.004464748425698895,0.254647070264268,False,425
M,independent,101,-0.35251770855290004,-1.0560427398385006,0.38740450544650196,True,437
M,independent,102,-0.2829684294877312,-0.5642888732824841,1.5190169269660605,False,413
M,independent,103,0.016921577510797293,-0.34176551849187076,0.33391064954994226,False,394
M,independent,104,-0.032011690832331775,0.5012308178060613,0.9422972412313866,False,420
M,independent,105,-0.06160434297298522,-0.5097669679702612,0.2584730424124411,True,411
M,independent,106,-0.13069608685953188,-0.3280578274902145,0.6660699660843651,False,412
M,independent,107,-0.029639057667467626,0.19130234729326212,0.39103865230061974,False,416
M,independent,108,0.0231535285129748,0.010603809825203097,0.5088698676547218,False,404
M,independent,109,-0.03876528230574432,-0.18741125426125582,0.37824549976813726,False,405
M,independent,110,-0.05602318240863043,-0.37745082405729863,0.3467161898375432,False,427
M,independent,111,-0.41626999689184985,-0.18933515662532072,0.48974826521548315,False,412
M,independent,112,-0.2793115613197384,0.44606844001420215,4.099266516650756,False,430
M,independent,113,-0.4916528826034494,-0.4036521358931266,1.3178611760964096,False,405
M,independent,114,-0.5118312371665559,-2.242585552862187,0.757762524605363,True,433
M,independent,115,-0.008186826067208414,0.5975801603602923,0.43608492004731597,False,421
M,independent,116,-0.1038620497645764,-0.2075324773094335,1.8191925657712098,False,415
M,independent,117,-0.15247650206838145,0.6436525985335332,1.4391732845977065,False,404
M,independent,118,-0.34575211921000093,-0.45509122694256965,0.36791458777543967,False,406
M,independent,119,0.020336111340720914,1.496789394232008,0.7466407887681843,True,412
M,independent,120,-0.18710085281219993,0.5910282007264164,0.5101083880005729,False,431
M,independent,121,-0.1523619152211192,-0.2333788063734463,0.3149742533947497,False,440
M,independent,122,0.28685234946545,0.26673691902186103,0.3565632959016701,False,433
M,independent,123,-0.0645556458718885,0.4196375515373601,0.29150682238985853,False,424
M,independent,124,-0.27359992842427744,0.16216798653469366,0.7325679330623117,False,408
M,independent,125,-0.5693634818332179,-0.6727791499436452,0.6497029301067473,False,394
M,independent,126,-0.14445611181082896,-0.8875740005657247,0.3877036272907246,True,397
M,independent,127,-0.2849643226671061,0.4129216138085192,0.33492049191795226,False,413
M,independent,128,-0.1171066508131751,-0.6425092365126126,0.6715200553513764,False,411
M,independent,129,-0.023599613101078915,-2.2310579566649005,1.075099693632306,True,421
M,independent,130,-0.38735608201086824,-1.1627615188220646,0.6750127290015911,False,414
M,independent,131,-0.10979037505196916,-1.6706321045055987,0.5405111129015592,True,433
M,independent,132,-0.47333452453414554,-0.21808282898974074,0.3795936499360056,False,427
M,independent,133,-0.10504154528494514,-0.42346434298552177,0.49193061361326745,False,407
M,independent,134,-0.3756331135036815,-0.5833206487191301,0.36995363961915856,False,458
M,independent,135,-0.1365683424519111,0.7656473394567253,0.33396251420162537,False,422
M,independent,136,-0.3211289352294661,-1.1162958021936593,0.46502320841066064,True,421
M,independent,137,-0.3120018967226055,-0.565816897968991,0.7636204369738816,False,406
M,independent,138,-0.17812117370887326,0.6472062717454404,15.703591999474797,False,409
M,independent,139,-0.050344172265383985,-0.3431003208134042,0.46089755846359065,False,419
M,independent,140,-0.1613887007452136,-1.594773110279985,0.424112403110114,True,425
M,independent,141,-0.34705108298397447,-0.8103124634160714,0.5657056147605588,False,439
M,independent,142,0.15530259965563323,0.06467804998356404,0.6952239130946897,False,432
M,independent,143,0.0971596804687249,-0.00774992463382533,0.5897590748966516,False,416
M,independent,144,-0.381783411641972,-0.34620913327554803,0.5241331444945436,False,405
M,independent,145,-0.06975194838770182,-0.67118906471341,0.395903177327714,False,394
M,independent,146,-0.13343661460988845,0.01160092212128368,0.4663744933932976,False,406
M,independent,147,0.28084080928492494,-0.41750509176905043,0.2909596445210514,False,437
M,independent,148,-0.16079432066276092,-0.060221140496643503,0.5393072679887531,False,416
M,independent,149,-0.08266154359575638,-0.20820001454974876,0.5288297271035549,False,420
