scale,effect,n,null_q025,adj_detect,k,adj_wilson_lo,adj_wilson_hi,nominal_detect,coverage,cov_wilson_lo,cov_wilson_hi
0.5x,SWEET,500,-0.4651,0.08,40,0.0593,0.1071,0.09,0.954,0.9319,0.9692
0.5x,strong,500,-0.4651,0.13,65,0.1033,0.1623,0.162,0.91,0.8817,0.9321
1x,SWEET,500,-0.3686,0.072,36,0.0525,0.0981,0.094,0.918,0.8906,0.939
1x,strong,500,-0.3686,0.2,100,0.1673,0.2373,0.27,0.888,0.8573,0.9127
2x,SWEET,500,-0.2548,0.126,63,0.0997,0.158,0.136,0.912,0.8839,0.9338
2x,strong,500,-0.2548,0.376,188,0.3346,0.4193,0.388,0.894,0.8639,0.918
4x,SWEET,500,-0.2219,0.182,91,0.1506,0.2182,0.188,0.908,0.8795,0.9303
4x,strong,500,-0.2219,0.454,227,0.4109,0.4978,0.502,0.884,0.853,0.9092
8x,SWEET,500,-0.1994,0.198,99,0.1654,0.2352,0.232,0.914,0.8862,0.9355
8x,strong,500,-0.1994,0.558,279,0.5142,0.6009,0.606,0.852,0.8182,0.8804
