rep,beta_pooled,se_pooled,beta_strat,se_strat,beta_lo,beta_hi,n
0,-0.05264741235014083,0.6111640891167596,0.07056580629563873,1.2544241506881426,0.2826743981762287,-1.6821548649913762,429
1,0.8977271474749129,0.48682142515320476,,,,,389
2,-0.034696300066479634,0.3267302127469366,,,,,405
3,0.44818032361079274,0.4532213037463774,,,,,410
4,0.09631245303287281,0.3707967153484605,,,,,435
5,-0.3952423999352831,0.5257053664731199,,,,,425
6,1.035828673255607,0.46337490291860056,,,,,403
7,-0.3799824714069547,0.5744941406250343,,,,,418
8,-0.7387420535817987,0.58905306433227,-0.8689707207380961,0.6101240918684002,-0.880414505494655,0.1642044244585864,416
9,-0.5169767554544207,0.7519523005741561,-0.6322231785755882,0.44402337771612405,-0.4910050904665512,-0.8186891811048326,422
10,1.6311382823894198,0.3186813871415469,,,,,402
11,-0.8258495821560583,0.47315061277310927,,,,,399
12,0.06298390835207733,0.36914895965760125,0.030434288145564876,0.3080557990443173,0.004807150602543173,0.05946912017346507,418
13,-0.04492911428835027,0.5180025779758273,-0.04473933643717403,0.5147492647767824,-0.5084855375413765,0.6915137909402976,425
14,0.1304819505894048,0.3284795638025968,-0.0701433338974073,0.2067956642259941,-0.10541768347926056,-0.02507428848399495,417
15,-0.3311981081025562,0.26824320576379573,-0.37394528971861685,0.7124565892357738,-0.37444062904146175,-0.3716202360375584,426
16,0.3117096634681607,0.5748802872979164,0.1893029246673093,2.2323841583521506,0.5014895574991959,-0.23304174389759716,421
17,0.2848985526692221,0.3058996785437911,,,,,410
18,-0.0026919369448541335,0.3448218059589478,-0.32713511988931704,0.4025592422751022,-0.4310106762450602,0.8467837016926333,436
19,-0.27408170944566995,0.41585381075434136,-0.0874549893789399,0.4412527879693268,-0.07360027623036734,-0.18092265103736638,428
20,0.9029505422875665,0.5249968537101496,,,,,412
21,0.20872878513903814,0.5124822823223814,0.4110106325365835,0.3508528018659666,-0.390877763174925,1.7863424386742954,419
22,0.32150955395910874,0.6915024439337424,,,,,411
23,-0.9446445258553371,0.6403629564965373,,,,,428
24,-0.01923650214001766,0.3427499954872412,,,,,388
25,-0.3151821721721435,0.5761735316561193,0.04630116308389782,0.5125456055190154,-0.06501818771351264,0.3644377447987982,437
26,0.7248077272855357,0.3541823672143446,,,,,411
27,-0.5864418270540047,0.41102854134292577,,,,,415
28,-0.5359098521194453,0.5540614031282585,-0.5530139164509621,0.35388602310978756,-0.5528437140848014,-1.4078500009515533,409
29,0.53685521204994,0.3924447906350528,,,,,403
30,0.0269540413451475,1.5228337257592468,,,,,414
31,0.4968463380242024,0.9851806208363681,0.3756099720153599,0.7056737371286265,1.0998775237908642,-1.3993415197924066,441
32,-0.414655910878068,0.3913918219052021,,,,,404
33,1.826739937840614,0.5908671632631967,,,,,403
34,0.47399716061184527,0.6138757799930712,,,,,435
35,0.9097834653339255,0.48148978357338196,0.35549624690156156,0.3844163947162706,0.3129583935973679,1.0426199011191315,437
36,-0.5833628874498163,0.3587086880478472,-0.15870920162250599,0.3988401188716375,-0.25243316072696653,0.03913979142543493,442
37,0.059979337297800285,0.4161900875432242,-0.42600165667321976,0.39469677252361723,0.2303703424626887,-0.6465605305881779,442
38,0.5334525755700819,0.37729994713643666,0.3447264767916845,0.37160595628190046,0.5997583844823074,0.16812508985369282,423
39,0.295616396144075,0.3803022080031861,0.2058433569416429,0.3834126900731686,0.3061023794399381,-0.05022217644341526,441
40,0.47348700422216883,0.4853308966640332,0.732972198096073,0.5094764728240296,0.7676490246910517,0.5114807481954171,436
41,-0.5673009730989558,0.5087080065822465,-0.44784742800916616,0.5633256832747107,-0.6957215941361519,0.354665527065622,413
42,-0.23890802495623728,3.7316582733900003,,,,,424
43,-0.3553207190749313,0.7252242561795507,0.676398616710316,0.3620363239873082,-0.2183072024163849,1.1312119729226757,440
44,-0.40304017444144874,5.413128691090042,,,,,418
45,0.21239930024377957,0.5987627712184904,0.3549293319199525,15.424687028845913,-0.0011242119761408545,0.35592347237836236,413
46,0.1493958509719115,1.139565707676168,0.7288130471230229,0.8238401149906971,-0.29785521224029726,1.3915655708976995,421
47,-0.38707373679167467,0.3440193974068516,,,,,413
48,0.6195051913805147,0.515591931863709,,,,,400
49,-0.8505236549419106,0.43236467855229654,,,,,443
50,1.1239202908456463,0.740083020510173,1.1302538782572464,0.42392271476084903,1.6640170622696275,0.0718112397614371,430
51,0.6337978854804144,0.381452710149369,,,,,382
52,0.26716594054390447,0.35979481016992826,,,,,402
53,0.7192572555826997,0.28651661412095697,,,,,400
54,-0.899431511132624,0.7293522396011893,,,,,412
55,-0.6896513675188565,0.394348100403109,,,,,416
56,-0.5250789583586833,0.4320484304415044,,,,,420
57,0.27535734288132063,0.3271821291202336,,,,,423
58,0.5921694031090404,0.30888867316483903,,,,,400
59,-1.0332471235032163,0.5527927582289897,-1.3153215019173132,0.6422274915002444,-1.0928464256625103,-1.9307909225407767,447
60,0.28329602585285196,0.2996676757405922,,,,,416
61,-0.5048287650852862,0.9561459510794066,,,,,393
62,0.8183593888729267,0.40558064393189713,,,,,393
63,0.5059641503891451,0.43111844887612627,0.11828073112567769,0.34378161298566573,0.6334545393318032,-0.2533327088182917,425
64,0.09334555822008836,0.5213408527690462,,,,,398
65,-0.08875550197114786,0.3320349712119651,0.34017217703059915,0.4149551517214574,0.8174768419391352,-1.231528915355438,434
66,0.47672931693859844,0.5748554501012756,-0.1856694438043063,0.41771252357021554,0.7232732300450394,-1.0018901541720457,431
67,0.5285871026502169,0.6881184316897159,,,,,421
68,0.1832958340059027,0.29450654513668717,,,,,398
69,-1.7401921852793623,0.5225130549575517,-1.0877696998288533,0.4882165573369631,-1.8682911936997624,0.15109693758731013,427
70,0.11226679991970819,0.42519106790095523,,,,,428
71,0.8848399988282749,0.37417752370474805,0.9188848919123485,0.307375208003151,0.9160600155244946,1.2822953292490182,427
72,0.3730011478397393,0.3761446589204167,0.5342701864867135,0.4952073344638701,0.7079144234055148,-0.6259375415578695,415
73,-0.33893895164611826,0.4378245828219463,,,,,415
74,0.8368324567661395,0.3308134739933965,,,,,401
75,0.05960059840459736,0.6701046493302454,0.15397873255195307,0.4327711057289386,0.2109414535758678,-0.025559537258030694,435
76,0.456227837910516,5.676020351896452,,,,,403
77,0.022899301704328637,0.5349479801987206,,,,,399
78,0.9282520561808759,0.2694777179659496,,,,,423
79,0.13382353619671683,0.39216791810927065,1.131084547196592,0.3937581668102379,1.3090102344964334,-0.7227799576642558,431
80,0.847393847687054,0.656524000532872,,,,,397
81,0.6284491814628094,0.39022356475965064,,,,,410
82,0.6213900356231673,1.1465667983987844,,,,,408
83,-0.8335847779640371,0.5214960739308325,,,,,440
84,0.4747383676056415,0.22613660300914326,0.4593058802211726,0.23393751922490197,0.3857173368935889,0.7758372355350127,435
85,-1.3381372097266195,0.7960116354355433,,,,,408
86,-0.1624566782098819,0.47602049803915597,0.19432594890079755,0.29542756169570694,0.20451285091985597,-1.1292109428045363,442
87,-0.23342127474174382,0.47663492866794555,-0.337809196694639,0.4206723974484539,-0.26846897580038376,-0.36666358389690706,446
88,1.0402783056563145,0.4447796389976673,,,,,431
89,-0.7516471410448186,1.2602408345091143,-1.9975492058137472,0.39696210040880114,-0.21390603411509523,-2.661536163834236,421
90,-0.4686433913948882,1.416614303050438,0.4353669696015174,0.8866457391514659,-0.19059648403562737,0.6857005771876244,411
91,0.062408325557365425,0.45755624105903103,0.04919947026761441,0.5570486650986035,0.17268441415480837,-0.23150681516753693,433
92,0.8871234846847993,0.3899061918136171,,,,,399
93,-0.9893718984094638,0.26201498081862873,,,,,417
94,0.150131109601786,0.3844253888120363,,,,,395
95,-0.28028795487631675,0.3087457824096303,,,,,399
96,-0.5729620795526438,0.3757692155408717,,,,,433
97,0.08837728066276158,0.27352544222303027,,,,,376
98,-0.41232768595173835,0.3497079114003322,,,,,422
99,0.3826856053835227,0.29153460582195534,-0.014254265044683025,0.3366444573779277,0.10626890419077796,-0.4480325095073645,428
100,-0.2810412335530679,0.5458820907526649,,,,,403
101,-0.7818631034668163,0.4980274874575346,,,,,401
102,-0.35622574364288534,0.9318270012320242,0.1035424164853418,0.5544518745428709,-0.9476240649754242,1.203038770091913,424
103,-0.2859319854592097,0.183335154885805,,,,,402
104,1.5534751795485915,0.43070966768964314,,,,,443
105,0.34654517013163194,0.2916217376997187,0.23347071776653872,0.24267952481189403,0.306058514805039,-0.167198494617227,419
106,0.17569642491191326,0.573751656025772,1.2117866704125526,0.3250677836207362,0.4149646332903824,1.777663573163205,422
107,0.3099300438784172,0.4086846515090302,,,,,419
108,-0.4785370871856279,0.8814430830377831,-0.7805961330434745,0.7684552124276492,-1.1685157611889707,-0.519057694116267,416
109,-0.7342467623935458,0.43733059288410203,-0.9150894450746737,0.614557823378728,-1.049630795719547,0.12500917770072256,411
110,-0.008929394854518755,0.4757158771506031,,,,,403
111,0.6623706006125947,0.4163633780575459,,,,,399
112,0.08503694072676443,0.5581768992878141,0.27212854233888845,0.7846980648080994,-0.26867392919047095,0.8894995861527218,430
113,-0.6456275400927437,1.1282446676080546,-1.0236694004811338,0.7435662585451854,-0.5315434421645517,-1.328443733985691,433
114,-0.28067968563799744,0.34905817971012776,-0.8573746125747098,0.4661083377323776,-0.8991096158308373,1.673042722214347,425
115,0.39323006752048434,0.5152967558930669,,,,,405
116,0.3526679351636829,0.47914257209866784,,,,,441
117,1.3009403230625554,0.6564996104667145,,,,,418
118,-0.3443247466886422,0.4562014020264915,-0.8488529688226207,0.5545668968739258,-0.07331640384034682,-3.6133997115849708,407
119,0.31931272228131713,0.5156682397420387,,,,,425
120,0.69791278947818,0.452425598880957,0.4116254164926713,0.3539427277415202,0.5071034653849269,-0.5921084734762647,429
121,-0.8276727119634701,0.42099016441195175,-0.3436421720451535,0.6512637614648945,-0.8172614486849845,-0.14902152449729655,447
122,0.003992335232870559,0.7038148425975427,0.0024030552914964753,0.9776737111150406,-0.028758924739050933,0.00242287563057996,433
123,1.4342798268550199,6.457021554244507,0.9584309789946829,0.45409963562339967,0.9599729764431868,0.6754747075781219,423
124,-1.2656701345610206,1.5256292520730843,,,,,406
125,0.34489110033906867,0.559437876933241,0.1933465766970714,0.40737404978774516,0.9965760249795378,-0.6330477635883799,448
126,0.489792482928826,0.3614638216286116,0.5759797417440157,0.40529507209273286,0.5187928722990296,0.7220928149015599,450
127,-0.4950863021181267,0.46420367991050604,-0.5203343341860824,0.43533876067230853,-0.6108738690927882,0.5880696045247368,421
128,0.07990383022388756,0.3656153621771761,0.31375231879522775,0.327191889705019,-0.0942559915759799,0.9083257645371869,431
129,0.7575927224932709,0.36605432111998065,0.3367582578010664,0.32694978968330213,0.29834600341442447,1.027102780035114,425
130,-0.5997284465002548,0.4885039154826354,-0.7434349565361472,0.35305206127145916,-0.8667056080390234,-0.3054979853579972,440
131,0.2869113108274587,0.3944224967414907,,,,,397
132,-0.22890932666412298,0.38034057325920423,,,,,387
133,0.078731209104145,0.6266028746928116,1.263758631640409,0.4616361639134355,-0.5146437232057031,2.5513143396053968,420
134,0.10735444902753408,0.44703533867600176,0.1597168671209297,0.4331034482411298,-0.3540630950374597,0.9666382933775279,433
135,0.021014645681068644,0.4620844775074382,-0.034445896313736214,0.4443451601300741,-0.23697132771108786,0.9008517468614934,424
136,0.682799253585607,0.4735942678534179,-1.478011417734277,1.4445421664238989,1.814107335828284,-2.2984111611803812,432
137,0.11821377111942984,0.338150000279587,,,,,428
138,-0.12091157616541814,1.08415959195786,,,,,388
139,0.205459721314168,0.7544976201834411,1.0243375520394216,0.7228354606665628,0.032907923952333114,1.0517186325570962,416
140,0.8054126419228536,0.41684196383086747,0.2725443287986989,0.35953310658161736,0.75726979033366,-0.4242765542199042,436
141,-0.1486878637547618,0.3269579111565247,-0.2815063318810096,0.29674379544202545,-0.3044568609418525,-0.08133229866114518,419
142,0.7593849291422816,0.40946226340514796,1.0578979181069639,0.45137339900233775,1.0225458490004748,1.6440874515524495,413
143,-0.9524499747908972,0.5665093390531187,-0.8708987920312148,0.4676314648217741,-1.7478148032365677,-0.06495413957356641,437
144,-0.2973462643179945,0.25328477519722875,,,,,383
145,0.376701847300703,0.6104866475591861,0.7146371631310877,0.30727674693553625,0.6837960624547472,0.8241555520514485,438
146,-0.9946067554612027,0.4811884671962612,-0.7151044518319634,0.3675550475173408,-0.7555625601069929,-0.6407632787096803,422
147,0.11935476532642304,0.46905228300447055,,,,,431
148,-1.0539614744492911,0.5699300309164395,-0.8569149077527431,0.3655395528491339,-0.9597855986844718,-0.1883296823250378,426
149,0.35823076055546066,0.4391867469937861,0.49742504023877726,0.589035133896204,0.5329910451948577,0.45351704343720206,415
150,0.49366931461378927,0.3954167027841165,0.6003796940811048,0.3972912616586969,0.8262198063358264,-0.6005666222599138,433
151,-0.11172426025499378,0.6234333221727346,,,,,414
152,-0.5695280362784135,0.39929325205336924,0.3292283612640488,0.34187409702100363,-0.9374012017007353,0.7149961572920017,410
153,0.3219486895260357,0.4622379505293902,,,,,406
154,-0.13481903034173506,0.5626425211036914,-0.0317149156829673,0.5792474936998498,-0.03175760231578984,0.3361209961715935,410
155,0.12079257060081375,0.3412850894770661,,,,,426
156,0.939553771292004,0.22101548224367548,0.801739926836378,0.20290244677006988,0.8677926870814325,0.4878543394500695,422
157,-0.1800096425051891,0.41091399603477813,-0.3315348584024507,0.4495370638471257,0.015814343593496902,-1.1170179942193328,402
158,0.49209792045563744,0.442018867498121,0.4171282465372231,0.48247284381219596,0.26739591749824854,0.513450912435027,415
159,-0.26245190519856765,0.8257186056528523,-1.6754159853102415,1.4874680360460784,1.5114706143068242,-2.1344521545802473,424
160,-0.14069168807344404,0.4378327045904459,,,,,404
161,-0.4296909769886335,0.33225871422936215,-0.29249148562670424,0.31491372932006595,-0.7985596254977142,0.05861487132235412,421
162,-0.6290676887241843,0.45634221827690796,,,,,425
163,-0.05968636406532147,0.3692496546472007,-0.4927434405194815,0.37527252303171554,-0.49865311394309686,0.7156191155685346,431
164,-1.1619059753232486,0.611660357759103,,,,,400
165,-2.2213242731079585,0.4934695630744043,-1.84394874636111,0.5157989935638188,-2.1761756527063474,-1.45223231918399,432
166,-1.524218495516152,1.2996445809880406,-0.8512548428369484,0.5926600351166414,-2.3834541377392373,0.743262315060307,415
167,-0.5889056216686774,0.5096079940662861,0.03745097775093584,0.37491262287163785,-0.8835118424026631,1.092011005749862,437
168,-1.7834975686319796,0.7628309867814479,-2.8275378584757864,0.5994852676498593,-1.5411311077607703,-4.592046925656908,416
169,-0.5725067182333148,0.31202145382930124,-0.4023508672321903,0.29768537776561343,-0.6868382496202701,0.15833729418609457,409
170,-0.462676576634725,0.656975272478553,,,,,406
171,-0.8436666195447172,0.5215390965437611,-0.6406707563967168,0.3996351092766519,-0.9069811038100062,-0.23302361427160315,428
172,-0.03281850996960685,0.2635153131633511,-0.10579473294197439,0.22592839727339953,-0.2399319844766199,0.28298935551476856,415
173,0.6725416237619389,0.3940684765599473,,,,,382
174,-0.5751810324978347,0.623989087349123,-0.9670582338057768,0.36424779821101533,-0.4280837397250561,-1.9034421362625231,411
175,0.0929840776259475,0.26461589883049963,0.01565695867666681,0.34175992136365363,0.07911848822846711,-0.512243065588212,429
176,-1.1479528278699174,0.37462883626652516,,,,,408
177,0.4906048299928116,0.2492677088583911,,,,,417
178,-0.8555228717599498,0.6474163797199116,-0.7019755062338209,0.48350852542798245,-0.28619346007545593,-2.213887218075907,434
179,-0.4801876952343707,0.4225762631602773,,,,,418
180,0.2309929900974954,1.7284826550178678,0.46083917183363904,0.36954685524790815,0.19034710554477544,0.7523604490348563,429
181,0.4256868326723804,0.6044381292150637,0.4774372668768359,0.8767443432230813,0.4815817157880019,0.28299259141205374,442
182,0.9586348372501354,0.33059249569458105,,,,,437
183,0.8942572431467448,0.9157163918007593,,,,,394
184,1.6290743809690713,0.6615082577261656,,,,,415
185,0.11800946435178765,0.3256947996335091,0.20911032806460736,0.28026778616171166,0.2882504329495807,-0.45295134950209864,417
186,1.0068566773509675,0.39885634896621536,1.8743934282690453,0.6910340679683302,1.9604967284340762,1.699040251729918,428
187,0.2878979728727566,0.39162923117401144,,,,,427
188,1.7817220335161412,0.4432070565108818,1.5900627896704496,0.3044385393447386,1.4558460765760477,2.124717675711423,434
189,-0.2730834073845552,0.621933832928978,,,,,408
190,0.2629763687846258,0.8128975812150675,,,,,406
191,0.5221222255588848,0.3303649645607404,-0.10513199833030981,0.38852255909396366,0.9490522884707757,-0.5162280788486965,436
192,0.37992386497887765,0.45600407424632494,0.4581008547730378,0.5560293348030028,0.4407683880981283,0.6689779075892772,428
193,1.6236072921353626,0.5500374126559455,1.291835247850731,0.48633581288594907,1.261956843180712,2.8782517024770606,417
194,-0.28490553717867734,0.5906638089415528,,,,,395
195,0.17031879505360262,0.5585334998020821,,,,,405
196,-1.2704729388797535,0.5730627060355336,-0.9184427074203696,0.5058168673823276,-0.4339374862631888,-1.717253975053003,445
197,-0.36182992941162856,0.6004478850210855,,,,,401
198,-0.039933292591932804,0.9533334411036517,,,,,395
199,-0.05015284343284377,0.5215302726642128,-0.18340103496988097,0.736601660210969,-0.18175274218287438,-0.27008113636387215,409
200,-0.7707713125561023,1.7030678793479874,-0.9707145863805579,0.4143012970939563,-0.8193067665087239,-1.0351345440816782,430
201,0.273227761679934,0.3948412848338342,0.44266684936060274,0.3353579638609769,0.4180490688410966,0.4646021981137558,423
202,0.2906527211715164,0.4355562842874281,,,,,409
203,-0.6190636216531625,0.44289504667372126,-0.30648356587921727,0.44046795128370875,-0.308929525569941,-0.1894691859957992,429
204,-0.21374891549008382,0.42658346506895817,,,,,407
205,0.4901209004748515,0.4687253038578546,0.4951241607571617,0.4909315351872057,0.306308608629316,0.5898834519905184,408
206,0.05661074240347037,0.4669120899041443,0.42555079357297554,1.4179343064502536,0.19281984351832906,0.43630531935142375,422
207,-0.4739446738294908,0.4656603761855028,,,,,396
208,-0.23740877416090445,0.40410706350285164,-0.3265721994623068,0.3772944681613664,-0.49415551437858574,-0.07029133149866108,417
209,-0.487648194469278,0.25723594297780145,,,,,402
210,0.286714970909334,0.5410666733464341,0.17683983515155766,0.357612441589139,0.20533286342881793,-0.44663455241944655,423
211,0.2651900527088347,0.450867304344789,,,,,424
212,-0.0876300405683778,0.8671597864338505,-0.282316067905833,1.0972723754884837,-0.007540100923046702,-0.340410368612954,439
213,-0.9815063226443471,3.090442914484312,-0.6061065107412786,1.447406725329959,-1.0713735010591456,0.6792076420334994,418
214,-0.19251756605288678,0.4039492790106847,,,,,385
215,-0.21683136306882544,0.31512426214552897,-0.17759426902212075,0.25607832947003195,-0.15381176875468594,-0.8677024591259702,423
216,0.1352799272846146,0.41988457068422097,,,,,393
217,0.19186098905972773,0.3256580432972145,0.13025658248278868,1.044975376411967,0.5685837702908297,0.10648989298333884,413
218,-0.0019053328171286957,0.3796365938466827,,,,,420
219,0.9281231476538951,0.4647171106448144,,,,,418
220,-0.6571489799719973,0.5319840420016209,,,,,410
221,0.894014982019251,0.38528743341413896,0.9046512789183824,0.37120373583157457,0.8675141121883503,1.0271885813217725,427
222,-0.8761105621322709,0.41605787984805476,-1.4988426030615474,0.611654859673141,-0.9385784976017666,-1.5154664797819455,420
223,-0.8475910710553569,0.42394128279941606,,,,,419
224,-2.6694291138623707,1.1922721949848092,,,,,404
225,-1.0873611936782572,0.6232143006007212,-0.013879982072996731,0.42914192648094585,-1.6414438898343209,1.0601390514075644,416
226,0.3163327773006452,1.4680000506661819,,,,,415
227,0.03171030638988959,0.5097005460329811,,,,,408
228,1.5380503732117579,0.3475239955023784,,,,,408
229,-0.6585076792290094,0.6011567873934346,1.0718018887471144,0.6911560511838089,-3.0307801481758605,1.1525458476944397,419
230,-0.48437018061491594,0.37903242394156167,0.17063892613133574,0.3219900198082118,0.15302180436093585,0.20589033840416449,415
231,-1.260007376704132,0.500694556162047,-0.5591353494390818,0.33126268592853997,-0.41822457486340214,-2.648240475933962,433
232,-1.7804792992495027,0.7060964940313601,-1.6085530953582208,0.4534028634127161,-1.6676876072278537,-1.5927932075116475,428
233,-0.22889827579151237,1.0943487139848502,-0.5257671481727177,0.5624229940351134,-0.3487075166162261,-0.8537095040016177,425
234,-0.10504930261418984,0.18579996013351313,,,,,413
235,-0.58343729034597,0.370002572678519,-0.49085253781417987,0.43885647073911616,-0.78346793711206,0.6306406196090774,411
236,-0.1945627343720667,0.3607620481999323,-0.06129014120647502,0.257160146114591,0.03215591444485684,-1.5700411136737968,419
237,-0.16934641940994077,0.44379098282640694,,,,,414
238,0.6198396406058594,0.44372827172740686,0.23243716267983197,0.3390720242112266,0.08197761162704902,1.5776699517828923,416
239,-0.849269550098309,0.505811286922382,-0.6404063240022316,0.37764940797172447,-0.9407838759979815,-0.4225141385306954,448
240,0.49298350687629333,0.3474001016301547,,,,,413
241,0.3325066061974097,0.6031170036845941,,,,,410
242,-0.4498781977152081,0.5454417362366722,-0.8126183213213891,0.38156990264731827,0.3956004525049412,-4.206701680661095,424
243,-0.1515218491140944,0.39047557247360176,,,,,416
244,0.15824674662191993,0.5307078349648023,,,,,410
245,0.8211538155831052,0.32333462268966945,0.3902029549138762,0.41545554097744275,1.0483893509592583,-0.5546925692322283,436
246,0.5789294669736256,0.4093387378821822,,,,,400
247,-0.1291533808547213,0.7817324833075183,,,,,419
248,-0.1520896199035556,0.5555848183674856,,,,,400
249,-0.22416503103778493,0.43974185432715346,,,,,416
250,-0.07885607214642829,0.8373369516882927,,,,,422
251,0.02401237049923743,0.49992535746690714,,,,,414
252,0.17684197536359952,0.319250063668955,,,,,421
253,-0.4534183256830432,0.5989275392420274,,,,,438
254,1.2256777332705646,0.4824451420453042,1.0913761537085649,0.3987490422121605,1.1594392764804975,0.4934037117542377,427
255,0.13177841443914814,0.3918757288103169,0.267324906041523,0.37646180986193223,0.281607923070732,-1.2699410548878618,426
256,0.11963093108405172,0.44457512081987166,-0.3510151183860124,0.4215537458690598,0.056784819403859654,-0.932325218897173,431
257,-0.41062898581353224,0.24782478574531036,,,,,403
258,-0.8975435921664037,0.5328510650682001,-1.2923842005941861,0.414421502237894,-1.042560941380257,-1.4129991931888795,443
259,-0.3946121632327173,0.6587472212181913,,,,,416
260,0.05345644289261253,0.5722822916664807,-0.12133241860161945,0.30154970120744296,0.20774847859031956,-0.24048382080730527,411
261,-0.5297167768441724,2.9787128608010627,,,,,411
262,-2.1443510112607096,1.370888556915102,,,,,413
263,0.08054139163593432,0.6361851202975288,,,,,394
264,-0.08505725208478096,0.4273137445328757,0.2307890715703219,0.606960964848381,-0.11637799003909217,0.7958594898120557,420
265,0.1345821824888972,0.6198537787315416,,,,,406
266,-0.1930554055894161,0.4642811931481792,,,,,397
267,-0.5268935143233462,0.5664006544507562,,,,,406
268,-0.13934534262572004,1.4292844650462588,1.6575825796751849,0.6686927824761044,-1.1973972102029375,1.8463407619503112,418
269,0.07720512974373155,0.2899525697568248,,,,,406
270,0.4084843789152242,0.3811574243854508,-0.22309209383165896,0.5573262762434972,-0.3256211851264928,1.6252186489702236,443
271,0.3108609991254847,0.3944371960537041,,,,,398
272,-0.5584103913276308,0.5202871904603483,,,,,414
273,0.5271741303419729,0.635237341847102,,,,,412
274,0.23785789736247223,0.7543898040405661,,,,,400
275,-0.25890918356956377,0.46662268272584806,,,,,397
276,-1.0110921583381622,20.181689314693543,,,,,408
277,0.0755268892129025,0.3957308023812435,0.26199157222327,0.34263241065765887,-0.07824108721797277,0.9925391935296888,442
278,-0.518509166780893,0.3528134972536002,-0.3062579281168767,0.472551757624501,-0.46702821347440393,-0.09243170335018766,437
279,0.1530384742273188,0.504551459079619,0.4668838930071072,0.5061512768273408,0.2356155105514873,0.7610281172723866,424
280,1.0913053515232307,0.381528533404431,1.121027624413435,0.2252180025357377,1.2381642694395958,-1.8602536895992416,446
281,0.3910760216315876,0.38184873520684404,0.23599011787496602,0.4085381833674363,0.5317589023616879,-0.47838384185432575,414
282,0.21870012368073818,0.36729904168970207,,,,,401
283,0.9977319539824678,0.8925278504754864,,,,,415
284,-0.065883479081293,0.41803877997219935,,,,,397
285,1.2057781030383905,0.8427826340726765,,,,,420
286,-0.5396127434245852,4.610235363937277,-1.0531505430496162,0.9282220823121123,-0.8082664526122189,-1.057347830380641,428
287,-0.6399125239061005,0.6039774877425101,0.9388080206662812,0.6206591008958037,-0.664944324900546,0.9770605770026355,430
288,-0.4074023916322666,0.48001562854606517,-0.7350120010845997,0.5014658061362187,-1.0550259703477707,0.22963850173194764,449
289,-0.6006442311786024,0.5085420757540413,,,,,421
290,-0.2845723635838957,0.3968901528727143,,,,,411
291,-0.3309880029307586,0.48553805269151395,,,,,417
292,-0.28900111244327015,0.44835089663959177,,,,,412
293,-0.16954188046313898,0.8040491386799293,,,,,418
294,-0.8077901814722179,0.3839919041092309,,,,,404
295,-0.384073988338351,0.3850676338314343,0.2914927348588656,0.3578990962647213,-0.4267008829206574,1.58398658240347,412
296,0.5574788223743395,0.3668053421416285,,,,,403
297,-0.6682797045397345,0.36382093283447925,,,,,403
298,-0.9329889546191363,0.32304585557649845,,,,,410
299,-0.9939969896090434,132.06314457003273,-0.9020458267149456,0.29806709474881943,-0.7413770260273782,-0.9223439644214018,415
300,-0.559594959446892,0.5042093747315753,,,,,410
301,0.48903344769289064,0.49830082128068715,,,,,394
302,-0.21503580347891338,0.3676015401994089,-0.12765693328602637,0.3540545328289043,-0.043440246020177195,-0.3090184686596842,424
303,0.4886911901031146,1.0699746860553325,0.2163325289378529,1.0253186526137532,0.21694816274125833,0.21633252240292825,439
304,-0.2564998590149021,0.6021253339111821,,,,,401
305,0.8053772638488771,0.5914388481384859,0.17807435015207965,0.6247566980307726,1.0250069489542353,-0.49916952810426185,448
306,-0.6160993907191216,0.4617466091921188,,,,,408
307,0.1923446181175089,2.243112908494102,,,,,415
308,-0.43813738036800715,0.2964435563350942,0.2342129680366958,0.8033382167232775,-0.6793379653698204,1.4159915883398306,435
309,0.09556042703002116,0.27443238048288493,,,,,415
310,-0.057136664871183115,0.5620452757767388,,,,,414
311,1.429264325255454,0.5894050255782941,2.2418258670397786,0.9563396538236133,0.8517974803301993,2.245666303718805,438
312,-0.9977082051672549,0.6506161907447467,,,,,399
313,0.46099146737191277,5.353842247273411,0.014495653181491548,0.33637540917804387,-0.17106430669184106,1.9387390913956883,433
314,-0.09521527352002737,0.46146391011168153,,,,,420
315,-0.5128588932080757,0.33265471495856985,,,,,412
316,-0.09430752931760518,0.5059912063283238,,,,,406
317,-0.5420164415924908,2.382659512140385,0.30927514910108567,2.07299274674262,-2.782406721979174,0.4599959346198159,421
318,1.0247675914728414,0.43320380512530177,0.44095463926398604,0.26534872543062415,0.7267351111302195,0.3266982406213044,417
319,0.7023691762914401,1.1123422014712145,,,,,423
320,-0.6858152977266745,0.5764566772228195,-1.461567904505212,0.7667522632870937,-0.7797111090614051,-1.7410733961967022,420
321,-0.8821471099132819,0.33937015121600766,,,,,410
322,0.7156195938511649,0.8171417524423225,,,,,410
323,-0.2566299690745664,0.4285933288133394,-0.3872336928954184,0.34588869022666613,-0.028302421264225695,-0.5516555761212669,429
324,0.5990633817829362,0.39655785655496445,0.7900191072590798,0.4821096581459737,0.23945030216389593,1.5175936611493388,414
325,-0.2961730918583923,0.5176834232224469,,,,,403
326,0.10199442670653218,0.43298545640558783,,,,,393
327,2.0515485358791943,0.7151640526826948,,,,,413
328,-0.9870462827163868,1.1609491303957344,,,,,420
329,0.21171750241024367,0.22909362931018218,0.41220883296519667,0.22968439674561927,0.41581090630295464,0.25077221652790616,430
330,0.05820901069919025,0.4082954126290681,-0.3465511714065292,0.2845038909773737,-0.571017269057101,0.5743257491062491,426
331,-0.28026944957623134,0.3821746012756043,-0.14141595338933013,0.4795380017060787,-0.1167336521850338,-3.213359736464437,439
332,-0.2001590612435361,0.5076762747255961,,,,,419
333,-0.3457401921245425,0.45409099611110704,,,,,390
334,0.06090136020454158,0.4017005973191912,0.5908725682849731,0.3361449820877345,0.24785437451430722,0.8207969737692441,421
335,-0.3215475190099857,0.25755264938242267,-0.40673998463384936,0.20948208225804782,-0.44746719379577055,-0.15861559080553794,419
336,-0.9505782651723541,0.4241752789506234,-0.16641510405823567,0.3779387361504792,-0.7382110230720931,0.27388271137200265,422
337,0.42730838617274236,0.4675500252862493,0.37751408217120563,0.44309459314291016,0.47240293475103434,-2.914532985183154,422
338,-0.3934186482801601,0.2534034600268754,-0.6170369284237236,2.9535604662934487,-0.2513579581420119,-2.2236952123450213,414
339,-0.27337205548557786,0.5426580251442069,,,,,440
340,1.3170993100937496,0.7428283608575611,,,,,399
341,0.3043900906447874,0.2784111387673055,-0.06167471449315049,0.2540190357696675,0.3297007858308994,-1.54893376649475,450
342,-0.22793128911451782,0.8059644847329878,,,,,415
343,0.5809428441935983,0.4118519943361818,0.5993104067076548,0.2904795115400641,1.1596199071904145,-0.8426926573301731,417
344,-0.6848654073675156,0.7386865180562203,,,,,416
345,0.3204378692177573,0.17344408812237652,0.35788687486780457,0.14488432562216877,0.41704661221122874,0.07912850652550162,440
346,-0.24994933010885023,0.3933091526570576,-0.1702941269055507,0.4216471283615704,-0.3140727486564161,0.8229355219027429,423
347,0.36302906978573135,0.5280445020376212,,,,,416
348,0.5241968988102611,0.2502004506680598,,,,,451
349,-0.7020221166233991,0.3373481968216705,,,,,405
350,0.00950802647773587,0.24658224917311516,,,,,417
351,-0.3827345414396996,0.6497074871132162,,,,,410
352,-0.16365957186042246,0.22227912766379015,-0.20016760844090872,0.16984907223757492,-0.19500930240862901,-0.34070064022129787,410
353,1.2974113784463854,0.41743277425349223,,,,,402
354,0.8208863710074998,0.6800448161839628,,,,,412
355,-0.4831302863716016,0.46409400983136984,,,,,414
356,-0.6857220677654658,0.5543055151293207,,,,,396
357,-0.5448695997104385,0.4987555266191121,,,,,413
358,0.017688137520526354,0.5171572269170079,0.8499667624694714,1.4734228506973424,-1.3125998614353558,1.4307998474659764,426
359,0.21166406828131007,0.4492152616032167,0.12015665160316734,0.40158904384497307,0.19097341106534083,-0.17733038537801393,426
360,0.39595235667954476,0.30497236595949406,,,,,427
361,0.4778996287981417,0.3179699889546754,,,,,435
362,0.5755567888177621,0.4258286755150152,0.5918765403385235,0.35518879159372735,0.8378239015427719,-0.698509786280762,411
363,0.3819951678515638,0.6179706528061193,,,,,417
364,1.0426844138395273,0.6318423680718915,1.0740983286360029,0.9409836103453749,1.0881663936240604,0.7096349738050376,412
365,1.3142964768187668,0.503429143311486,,,,,406
366,0.10611018748950699,0.5089201045234725,0.18373171384206732,0.699346417642252,0.4314425892591618,-0.4211613854036922,419
367,-0.41827087601588603,0.3786291838081315,,,,,407
368,-0.9163900621880685,1.6634908915769462,,,,,379
369,0.07407568919494208,0.13213479389902386,,,,,414
370,-0.13136993610082268,0.5565458927242903,0.5088204468742951,0.4052553784232241,0.4217875870335822,0.5154624839907027,454
371,0.8345049205524191,0.4119053467340676,,,,,422
372,-0.16638689153116704,0.49627794062785835,-0.08676896196191472,0.3686302697988603,-0.0736121858332909,-0.2101286134800115,431
373,-0.04628971366162843,1.277691246146309,-0.14599275264157163,2.383722614611787,-0.11071947210200109,-0.15282786380572172,415
374,-0.9156181069609783,0.7639973469029364,,,,,396
375,-0.3441977272050367,0.7366838932165025,0.38789247101439644,0.9087466035925215,-0.6295075047581303,1.5438593093130328,457
376,0.5592907563065856,1.0537574591466687,1.070473444034576,0.3823533766888247,0.40981881505783424,1.2217839823181862,424
377,1.3389288603733636,0.5509616835569862,1.1413533188257152,0.5144167214870093,1.1475931844887488,1.1089489168408837,454
378,-0.32149808444308986,0.710182162319595,,,,,399
379,0.07056922763914872,0.6336537929467224,,,,,394
380,-0.35316301003176825,0.7862400349942917,,,,,397
381,-0.1539778952835959,0.4903306271410372,,,,,416
382,-0.5880695104326206,0.6332617208236774,,,,,409
383,-0.5473812786684394,0.4181559485526216,-1.017350491304786,0.5265051507556694,-0.13609005517407427,-1.0921272158009556,406
384,-2.732442623842502,0.7007557255090922,,,,,395
385,-0.3636450687420477,0.44858783082924075,-0.5268479412575197,0.3565247572617475,-0.24398071004263702,-0.9720386559197707,407
386,0.06980691149367631,0.4430525703745002,-0.24979432090589834,0.5245291055310548,-0.9921233602009084,0.650863107845058,415
387,-0.589919189126213,0.41996690843968243,,,,,448
388,-0.9002428771662736,0.8809475941595024,-0.7049810643190683,0.5619317269001138,-0.8388835104727138,-0.6432851272657337,427
389,-0.6213822117880321,0.32120365784876387,,,,,416
390,-0.23596183605511276,0.4811196288519109,-0.09005226148030795,0.5319428808668091,-0.5036405567611811,0.6637452206898369,421
391,-0.1918628950972635,0.5963290886867632,,,,,403
392,0.6497268311159357,0.2972412751233609,,,,,403
393,-0.755599481120274,0.6391624464685363,,,,,404
394,0.13581539189239603,1.1536375108714974,0.552089302437531,0.6511966784682154,0.767092318735458,-0.13840650809914143,407
395,-0.14214352191050755,1.252798908864447,,,,,393
396,-1.603447688551161,0.7904159391283098,,,,,410
397,-0.39976112831158156,0.5847307695351792,,,,,409
398,0.9537791135678516,0.5044984905283593,,,,,394
399,-1.0891460281246992,0.5324303217897876,-0.039025657999654385,0.5700231315080712,0.08944579415237966,-2.9075047377631145,432
400,-0.6132719323365429,0.36809471933411575,-0.7607840020106716,0.4137732371626382,-0.8746687141139529,1.0565758501906113,445
401,-0.4542969269015822,0.4529350098229425,-0.6843269113678975,0.3965682696236857,-0.6661370370311488,-0.7381206866806166,418
402,0.6002621186069419,157.28976516203488,,,,,402
403,0.06869957380117224,12.50269895574321,-0.26779746608664373,0.8120548021829941,0.008467053532465066,-0.28139813554500814,428
404,-0.22605832442554338,0.4774131081993112,,,,,415
405,0.6665161452150988,0.48057726847643095,0.9224411164176451,0.370587270455015,0.8056567442273912,1.0225305930956128,433
406,0.9084784021016447,0.33799983562007846,,,,,420
407,-1.0760177464168936,3.9003194097659044,-1.1158694359302608,0.6656589343495294,-0.7043394820827179,-3.4271207856605943,430
408,-0.0219613699081096,0.29173619278291985,0.960020612603248,0.6634208622137214,-0.04593514066641055,1.170531275364542,417
409,-0.5814896851936097,0.39842164461830726,-0.8016483525413893,0.3493772497745652,-0.7097048708335635,-0.817528365440153,416
410,-0.0996905614828417,0.5809071673545101,,,,,418
411,-0.3068482674165269,0.28872213266899727,,,,,411
412,0.26192791334763454,0.7244149712071375,,,,,399
413,0.4701026721572057,0.38573629997076053,,,,,425
414,-0.20979234650216477,0.5267938627598863,,,,,419
415,1.1357012275332135,0.5402518999660357,,,,,385
416,-0.7080164259606465,0.48563138260497885,,,,,401
417,0.2869859800649257,0.3705044363185921,0.010301873954331709,0.797263417420387,0.38444795868874876,-0.06585279268949067,424
418,-0.32107815244542287,0.34709061787067913,,,,,427
419,0.23544870615955035,0.4553710286167717,,,,,410
420,0.7140684598377497,0.7115048795490834,0.470145470447777,0.5458424055176473,1.2133018980404806,0.14863342358309867,435
421,-0.6464036345332518,5.287213059227692,,,,,407
422,0.7781309183322929,1.5531695156728345,,,,,398
423,0.5458139233257935,0.5299900945239094,,,,,403
424,0.8542274646649398,0.38394572106102764,0.929758379582449,0.3988532250897769,1.2280356417224523,0.4614684280259664,446
425,-0.4290579065776405,0.598256797018954,,,,,406
426,0.7051661632151298,0.31435933902494273,0.5241272280838664,0.328790309149598,0.8368347472814436,0.05493285815984112,420
427,-0.30177160745822085,0.47071889273380296,-0.3400944360503072,0.4327151059878397,0.07895665056973664,-0.8498477688691072,433
428,0.652413895704631,0.33435508570949607,,,,,414
429,0.27370816887029253,0.40233453558175986,0.4243848438389231,0.45506812610753494,0.00868438347492192,1.3998342554382597,459
430,-0.7088162334322962,0.5170930610798068,,,,,412
431,0.7733248229099697,0.8772944352897979,0.19198833523642353,0.5022824239867822,0.006617538550560338,0.523811316321015,428
432,0.31638538471763494,0.8542414900211709,0.02204379304456487,0.4488274912532861,0.945812666302005,-0.6745771317507046,428
433,-0.09648061746614493,0.4434615586910714,1.2749011082389305,0.6822973372205403,0.5156366987144939,1.692584641232057,443
434,-0.1474207776514998,0.6431804953009406,0.18695415648557887,0.27736854951778644,0.20841582078468865,0.18162912425978922,408
435,0.23229060285887282,0.2827186189758327,,,,,445
436,-0.19902593499798607,0.1942139539876894,-0.2921254868451986,0.2773570534557457,-0.24654159282040927,-0.5166886410596,411
437,0.6920308145491869,1.4492455619089106,,,,,393
438,-0.6767056478436728,0.5059443928987043,,,,,397
439,0.5355935415333906,1.3685747601219553,1.4625203459368037,0.7636877291168771,0.3562040857896221,1.4632148528570368,434
440,-0.052384569811682095,0.267874634418098,,,,,416
441,0.08332660495571194,0.3653412788319804,1.3393744710092883,0.589642792962259,-0.8039244082856875,1.9176639777363977,434
442,0.07968879336672398,0.8137750915517987,0.378426500264141,0.7750905848713738,0.2477873133721346,0.4503582303105635,426
443,0.5057546062924176,0.34433353210611595,0.2958772074200344,0.23686676021576478,-0.5524875149123042,0.5911860231416254,412
444,-1.0637769794681187,0.7772328236494809,-0.7090341397636694,0.5654347479945263,-1.4916165651005524,0.7110888759598658,420
445,-1.3059521184675955,0.5119931951016259,,,,,393
446,-3.9997809287504165,1.5977015105838306,-1.2864744478269987,5.769544399474314,-3.0130286334644967,-0.8781034119267239,427
447,0.32986337877696287,0.2589839798644501,,,,,428
448,0.46228416645935677,0.9009338783599676,,,,,421
449,-0.7876984060486671,0.5249966907871757,-0.7717608190348,0.5739575345236708,-1.29624837501185,-0.4636134541448585,426
450,-0.2615264181446602,3.8758041580380516,,,,,409
451,-0.9031641193196548,0.38973187568430867,-0.985943754371895,0.43140052720807104,-1.294159742921634,0.933741329418461,417
452,-0.08982766292781746,0.6218172303891378,,,,,400
453,2.0039236025489062,2.1917090589810773,,,,,396
454,0.8534835043349919,0.5811875253180868,,,,,411
455,0.5305589435428468,0.4257216034103245,0.7191839394953567,0.4140472982342735,0.1733753126616962,1.0070475201211773,427
456,0.2610890007143919,0.424929159469421,,,,,413
457,0.08000967526166708,0.4243564415276038,,,,,402
458,-0.44720604212535753,0.36484888479704164,,,,,410
459,1.0693147117365898,0.8598622276580005,,,,,401
460,-1.1801005632866992,0.48807933640786916,,,,,404
461,-0.5086600120567658,0.5435068902164129,-0.20168677175803018,0.4312454613051291,-0.12254772797995021,-0.2796238908142273,423
462,-0.3518288649278292,0.24837912238938373,-0.22800530151044476,0.3295437610902611,-0.22568206918177178,-0.5337610805044821,431
463,-0.031164349359826753,0.3805005993952152,,,,,419
464,-0.6816710488672214,0.8136048690595616,,,,,412
465,-1.028692923914645,2.2290677943051054,,,,,422
466,-0.8581018770546031,0.6687967363010656,0.4524830932893094,0.3011448199943323,-0.8369323857094251,1.0264787163563163,430
467,0.0501374735671259,0.5805652568100136,-0.38269318140753855,0.37505789225676966,-0.029839114662707885,-0.5602584236811803,418
468,0.7078380100230048,0.44737245210176296,,,,,405
469,0.7293597525137657,0.44672294448947497,,,,,408
470,-1.1207864874031261,7.363484555531087,-0.3395693107806861,0.31237375174052173,-1.7488106311125047,0.6467420393168888,418
471,0.06633863471816828,0.8073786584890442,,,,,400
472,0.6813385146588254,0.19502982487778184,,,,,405
473,-0.4662578090860826,0.658216534121385,-0.5830263568138908,0.4998442452028693,-1.8661154511114295,2.5243773852020683,417
474,0.9663814822434073,0.595913483289715,0.7193238077216835,0.8274982906558843,1.357355132903571,0.3132776307546815,422
475,-0.06346719521520562,0.40426426964497025,-0.2909251224234977,0.3717220455442226,-0.7457459106722881,0.37336247653569915,427
476,0.25990882895507317,0.21706920870696128,,,,,383
477,0.5358555039380021,0.644546067333769,,,,,400
478,-1.5433067987431028,2.036061629789594,,,,,405
479,-0.41809790246143064,0.4461178402238613,-0.2423026964385925,0.3405145320755759,-0.18455309208579274,-1.0757500494064625,434
488,-0.18433803282370198,0.2808016347476537,,,,,396
489,0.15014265411801156,0.4519802654153759,,,,,410
490,-1.0378361139339245,0.2836830891179696,,,,,416
491,-0.2335086142537669,0.5049500274487,-1.1043696038264565,0.47850178014287564,0.7708626392252608,-2.945107667192597,430
500,-0.5130014671892309,0.36518993008361755,-0.41491798539151403,0.22173848161745655,-0.06510336752666408,-1.0428935732881577,411
501,-0.8867092667429864,0.7248433815261585,,,,,417
502,0.5737077525660443,0.3365751407085898,0.6536396595521855,0.4441809830398274,0.8163244458653086,0.6003493548272341,438
503,0.9268009477765149,0.3358086479397737,,,,,420
504,-0.08881805539651436,0.3258563410606038,,,,,426
504,-0.08881805539651436,0.3258563410606038,,,,,426
505,-0.8183669737505775,1.1694991926644815,,,,,417
505,-0.8183669737505775,1.1694991926644815,,,,,417
506,0.9959451390437065,0.492211490611343,0.9850880775413154,0.39280664024311057,0.9538931499252485,1.2053045403015699,445
506,0.9959451390437065,0.492211490611343,0.9850880775413154,0.39280664024311057,0.9538931499252485,1.2053045403015699,445
507,-0.7097727273808743,0.4513977744381843,,,,,385
507,-0.7097727273808743,0.4513977744381843,,,,,385
508,0.3620926363126988,0.2695529732617957,,,,,399
508,0.3620926363126988,0.2695529732617957,,,,,399
509,-1.0781898037605684,1.1313083692696566,,,,,424
509,-1.0781898037605684,1.1313083692696566,,,,,424
510,-0.6070383073467538,0.621940067991797,0.21803611190316866,0.6395457319886912,-0.12129449707398576,0.2973344970341925,426
510,-0.6070383073467538,0.621940067991797,0.21803611190316866,0.6395457319886912,-0.12129449707398576,0.2973344970341925,426
511,0.37926912024507975,0.3366162052009604,0.089143393003433,0.3035739125441103,0.3429999033946919,-0.020553020044378794,408
511,0.37926912024507975,0.3366162052009604,0.089143393003433,0.3035739125441103,0.3429999033946919,-0.020553020044378794,408
512,0.11145631397211561,0.22613998081102424,-0.0696312158258758,0.3315253482018858,0.05378442070473025,-0.21394443415152897,444
512,0.11145631397211561,0.22613998081102424,-0.0696312158258758,0.3315253482018858,0.05378442070473025,-0.21394443415152897,444
513,-1.4321821402414785,0.774499056271127,,,,,411
513,-1.4321821402414785,0.774499056271127,,,,,411
514,0.12055441648048706,0.4941889551108274,,,,,436
514,0.12055441648048706,0.4941889551108274,,,,,436
515,-0.23736971212130142,0.5275396978280485,,,,,411
515,-0.23736971212130142,0.5275396978280485,,,,,411
516,-0.02589064982095864,0.40970224465097294,0.18359369218535776,0.47210538720439554,-0.2582376371251959,0.5372960580187782,437
516,-0.02589064982095864,0.40970224465097294,0.18359369218535776,0.47210538720439554,-0.2582376371251959,0.5372960580187782,437
517,1.0613576713986934,0.5522671633645075,,,,,407
517,1.0613576713986934,0.5522671633645075,,,,,407
518,-1.1089561049562229,1.3820998153665849,,,,,419
518,-1.1089561049562229,1.3820998153665849,,,,,419
519,-1.0044250444231713,0.3587087830082635,,,,,422
519,-1.0044250444231713,0.3587087830082635,,,,,422
520,-0.17165006000193592,0.43484831119318035,-0.20254055735510873,0.43001768737372353,-0.45052448550985563,0.07631928718490907,427
521,-0.6062585343969173,0.4903212761286895,-0.273479086046467,0.4827455225153671,-0.38743615348399435,-0.14170117255231765,435
522,0.66471625349953,0.36419038626875205,,,,,402
523,0.05383446880720013,0.5685799970643182,,,,,391
524,-0.8610154676456389,0.2991542235788593,-0.881692025320478,0.4678368526143885,-0.9060490173813119,-0.5299232635933846,429
525,-0.0869363767397852,1.114063825653428,-1.9377930628622153,0.6525739097224335,-1.964485472513873,1.984548069983059,419
526,0.04108364747084517,0.28613701122473956,-0.18567603359109858,0.3877513097673894,-0.9230572168466927,0.6389182257504039,439
527,-0.49844905146474655,1.3337152376628683,,,,,418
528,1.215760295434401,0.9608034219838691,,,,,417
529,-0.3114271034455964,0.5788579805685824,,,,,399
530,-0.04735201197697924,1.0673165320196532,-2.733891540731131,2.853201132263284,0.5605065058969179,-2.8274109250696364,402
531,0.9279780121979195,0.6544364211190165,0.4084583352290058,0.4412974468500925,0.24002908925753555,1.468273597927741,410
532,-1.0873931847510885,0.6020738346919422,,,,,403
533,0.6109962357789703,0.3309403608421223,,,,,426
534,0.45973790681216475,0.43940893086474353,,,,,416
535,0.5531230383739587,0.474361596065802,,,,,402
536,-0.4475186566176788,0.44601918295210496,-1.7337395547923375,0.9149948377225102,-0.34545092897710267,-1.78703222891918,405
537,0.002150222470586298,0.45906968747558974,,,,,439
538,0.8892216287380122,0.6003217078630638,,,,,407
539,-0.0388400072782906,0.4029464119075835,,,,,394
540,-0.35280250088448345,0.45358386032625325,,,,,419
541,-0.2621398211443744,0.7196831931150477,,,,,403
542,-0.841501600750614,0.5353406131735556,,,,,408
543,-0.1866097850828235,0.5735515661851269,-0.5809402514598964,0.7155955821689275,0.1702947006134176,-0.9886651073612407,441
544,1.0810887553441302,0.8435201860732784,,,,,414
545,-0.1804839943039498,2.912231738627761,,,,,401
546,-0.5506743876931952,0.5661652309098006,0.029999878555628332,0.3412828015587857,-0.7313435976875625,0.32971281019957516,422
547,-0.8093818111016606,0.2929162416129178,,,,,415
548,-0.30133670285606007,0.7102238986996944,,,,,405
549,0.7204735096487922,0.6059512755984285,,,,,399
550,0.25484093906028527,0.31705231250177596,0.6751061872531552,0.35051036980252176,-0.2672517855316493,1.5875230549193484,425
551,-0.01754640487777938,0.1694583819942127,,,,,405
552,0.16101033822045868,0.5730834489258737,0.4179133308753154,0.36321764360499226,0.6037814251825385,-2.5555034541843553,427
553,-0.08822634271801025,0.2942806683015141,,,,,412
554,-0.4069352250191351,0.32810787301231376,0.3146540166467774,0.255156965042645,0.49522531106786943,-0.6927612367234566,423
555,-0.5102647218326299,0.5608651163950533,,,,,406
556,-0.7166381969664191,0.5423185414586973,-0.19351176465662598,0.3994308845409478,-1.1850878885052587,0.6194796640886536,435
557,0.07352071753252898,0.3108641740393828,,,,,384
558,-0.4598526141694392,0.3791733482849115,-0.6602334426543077,0.3884090378102814,-0.9272683283013267,1.043889385453447,438
559,-1.4137782159774677,0.6291091670550847,,,,,413
560,-0.5433195119535926,0.48856394430219013,,,,,402
561,0.09462579798258762,0.5068815808238077,,,,,404
562,-0.4848178306331275,0.40604868094017393,,,,,404
563,0.04888187491167566,0.290987141353574,,,,,409
564,-0.19758602369711448,0.7313584890562095,,,,,406
565,0.04649505398837644,0.6501015348159566,0.503414163255327,0.6596922028645141,0.040129199265874646,1.1554070580721645,435
566,-0.18380049250101105,0.24467593471223398,-0.32552951525770185,0.2863800066982553,-0.32561807294547823,-0.2975266806005271,419
567,0.9987140621311592,0.3693822941356736,,,,,477
568,-0.08332731162266212,0.2977318259910352,-0.03741293790888275,0.28504998868328635,0.036495749290578895,-0.8185481965919068,429
569,0.4083281550640466,1.3252530579210273,,,,,404
570,0.3602248402148175,0.7221117751273811,,,,,407
571,-0.24081039185410405,0.3903192661674442,-0.06815822885163647,0.41250650739777694,-0.03225709471597429,-0.14358553569511104,415
572,-0.9516341331973869,0.7854461820886381,-1.6670695656601535,0.4682491043566264,-0.932076214371088,-1.8560070019780655,425
573,0.5429904653331319,0.37536205215749624,,,,,408
574,0.3072327136560675,0.4232650628638542,,,,,411
575,0.13782963256322778,0.503846965295181,,,,,393
576,0.03071331005458098,0.3826307300128143,,,,,420
577,-0.13838701285974567,0.5733585949034319,,,,,408
578,0.3452252292604074,0.41282443655797046,0.35907076045498865,0.3497675890121104,0.31976081600246076,0.4850466665421992,415
579,-0.22577955697117819,2.2745617311194355,,,,,404
580,0.34741821839743536,0.6976040974120691,0.05084890267010458,0.2948446772785896,0.35017177358954577,-3.3783042115507267,422
581,-0.2371262076932912,0.6718889808381601,,,,,395
582,0.535174345280743,0.41821078569380943,,,,,411
583,0.5082139475104587,0.4277504641782242,,,,,416
584,-1.0349483601580458,0.7549091148074231,-0.7848041362321001,0.7480875292840307,-2.6568229941287855,-0.4167487521984279,439
585,-0.45101857155386704,0.47694013841073096,,,,,421
586,0.5451627465725454,0.42828557618794505,0.8040389120368251,0.3742125264303416,0.8237521759987704,-1.3307140926607803,416
587,0.8782541841223368,0.30990365904282435,,,,,411
588,0.6117651879323209,0.36841629363987116,0.5076114851870788,0.4943871043124278,0.43405808153893727,1.4006193556431477,432
589,0.6579120031204888,0.3514390961593758,,,,,408
590,0.5201680848303823,0.38133555254089874,0.5078365453343526,0.30997252975353473,0.6478816360096789,-0.5540038367217478,410
591,-0.22348200709956098,0.2662172583776392,-0.0032616754729540504,0.20984898338425192,-0.25385961359674014,0.512607138042071,438
592,0.21920147945415297,0.6551186795991953,0.11953190204318753,0.48816345958265805,0.5689933062485242,-0.9892112918895941,444
593,-0.5807224721161718,0.30424081052981145,,,,,427
594,0.4306999430518384,0.45732310657128006,0.7692380816884188,0.5776407351075012,0.5182221251508373,2.1441856053855566,420
595,0.2833019806562544,0.3905035141981573,0.3296994236023492,0.36208736931652796,0.16388058707179512,0.7548378265440274,434
596,-1.3853107849968949,0.9649368613861434,,,,,399
597,-0.6597322304161319,0.35126587868998604,,,,,410
598,-0.06702285473251211,0.3657205522607321,0.28581661925448176,0.3666476754499094,-0.19003232787205884,1.011172530531491,413
599,1.0139298478071601,0.867587330967578,,,,,398
600,-0.6153381401762246,0.3496446824869398,,,,,429
601,0.4296308304671185,0.38951959475051734,,,,,392
602,-0.19618334101692128,0.7566819408753606,,,,,414
603,0.6408172472214975,1.0460435191323312,,,,,396
604,0.9893294508075934,0.22794771085083707,1.005449138101869,0.3252935505254705,0.7037415154739226,1.9211885075229846,433
605,-0.7547755143842478,1.1460662966890927,-0.0022841371717927167,0.4312023632903965,-0.7479014426060059,1.439336828267567,429
606,0.7939551039690829,0.5521499848896936,0.4365021194917712,0.31698288572195354,0.33377098922065235,0.4770068536324427,415
607,-0.23286508687301638,2.5288217652860263,,,,,415
608,0.473368881449485,0.3953928330135729,,,,,424
609,0.2935819789698949,0.5630800644211985,,,,,431
610,-0.5225464977926005,0.44079113400287534,-0.7054474931693554,0.2759696433165608,-0.8896459221513687,0.41086868876767135,401
611,0.213378392161868,0.37090660901620515,0.5362705593106409,0.5267457546760372,0.5242598090363516,0.5484586203118454,446
612,-0.65957628028038,0.4521195698277948,-0.7428617609155123,0.4380145393157358,-0.3479685941920909,-1.5287422956415553,416
613,-0.21443074429689543,0.5135500457029956,-0.23214977046520424,0.46064012149152095,-0.7286297619177414,0.27209753019133154,430
614,-0.5201610959187242,0.47529037413186204,,,,,416
615,-0.13044769610907472,0.7442665099526903,-0.08741600513170014,0.4539189802887636,-0.2758093539797049,-0.08442020275906596,446
616,0.4765373190282332,0.3974939030450374,,,,,442
617,0.19764238528515576,0.2460570659982738,,,,,405
618,0.11551315036373594,0.20930262359084614,,,,,414
619,-0.026699538401570366,0.3993351319842569,,,,,416
620,-1.11410974671991,0.8737615525626805,-1.4244657734295223,0.4616000471326723,-0.35003860041604706,-2.916651586352175,433
621,0.12772558145377175,0.3398812904897622,-0.06843375396871938,0.381158851991751,-0.3102237224866989,1.8725973391530806,434
622,0.01908207843313167,0.42883561732171105,,,,,400
623,-1.2102161586960904,0.8350892192927083,,,,,411
624,0.3552601953497357,0.8098130781303227,-0.1498700409926956,0.7819393529409333,0.4742760940788166,-0.5756151064914323,408
625,-0.0019669405419312784,0.3592874880478815,,,,,407
626,-0.09684772708196326,0.3294597613411868,0.08943245777558208,0.31483527722278193,-0.31448327926780667,0.43571313337161643,433
627,-1.280767113752084,0.6636339782021576,-0.6669367402183773,0.4551445981384806,-0.9532765240880715,-0.14464820656922664,419
628,0.09402938325065935,0.4240945029909812,,,,,412
629,-0.6107324743022544,0.34006464145821363,-0.6871436313265887,0.5056900754482699,-1.5021950314210344,-0.3128675147553971,428
630,0.38943274196444844,0.33712517810004733,,,,,394
631,-0.03255001519447715,0.46984772565394556,0.09673198890740951,0.3571871995585578,0.226439053360361,-0.04597902594197034,411
632,-0.07838945952493873,0.4117041364781697,0.1156869958113628,0.39569501842980437,-0.47418322449085143,0.49073154129503305,428
633,-0.19485976726663604,0.3411686258718616,,,,,407
634,0.26715041218403607,0.4339763333660495,,,,,392
635,0.28633579356867483,0.30854318353094506,,,,,407
636,-0.4081464769969989,0.6815105372989071,-0.24395199048773678,0.6154669553244787,-0.7650377288913877,0.48672816734467955,425
637,-1.2130317810709415,0.8115744265554485,,,,,430
638,0.6383244733264838,0.647521908653683,,,,,406
639,-0.06975241407378681,0.618922990314809,0.10790271787049448,0.42033836174100625,-0.01493618354063214,0.3948461943035839,420
640,-1.292192879716963,1.9983337501495106,-1.2255354670977567,0.4785131149505893,-1.958394620816173,-1.0630203990659566,434
641,1.6430421609008958,0.5010691886042599,1.2568687885489396,0.35398747210586234,1.088793743532341,3.645700715137441,444
642,-0.0808513596892418,0.3458100325641564,0.08890270223813114,0.31037128775043177,-0.020598474868704694,0.6498571707409196,425
643,-0.35747948925188827,0.3771257754851488,,,,,414
644,-0.7109516419496702,0.6758039302496641,,,,,403
645,0.23996552292180198,0.3021623166165044,,,,,408
646,0.7241402607341366,7.997510689408413,,,,,391
647,0.5457864808106543,0.3682699458513469,,,,,424
648,1.2558881314223844,0.4625531726786577,,,,,410
649,2.2313041100385,0.4194818612083273,,,,,402
650,-0.5863390564913232,0.4168422135345402,,,,,404
651,0.002667793238491344,0.36690877810648703,,,,,431
652,0.6372673911001879,0.6755992665573506,0.233212764531927,0.6891432405851246,0.8327097875658868,-1.1697767582484297,416
653,0.6853387875495995,0.532079827337266,-0.0057117583025212346,0.4699739478010479,1.109788915955323,-1.138621495496887,423
654,0.1608829390231698,0.573364572721451,0.25259674529707454,0.5767967855808721,0.27165416891308686,-1.1521288596597086,435
655,-2.150483041618012,0.9585104655625765,-1.0489733175339615,0.4238048939584731,-2.351399057601643,-0.5845100692462227,412
656,-0.43058086559497216,0.35618959297676767,-0.6698143816784987,0.2514080387855735,-0.4869052342203979,-0.6981913853269175,410
657,-0.6071787318049331,0.46145361232196075,-0.7901645501243397,0.31891438321583837,-0.3406601967237974,-2.3964754457701263,432
658,0.4257223323765633,0.4164477582837462,0.7890985896073176,0.4139513327065917,0.8753597258525808,-1.1616287785624302,463
659,0.6623713780762716,0.5630350976425604,,,,,405
660,-0.7024397542324378,0.4491041379605148,,,,,426
661,-0.4019057831778308,1.1793228913284957,,,,,422
662,-0.7373626591610689,0.41265507802550805,,,,,424
663,-0.2983122526694368,0.37324289940842326,-0.4421473074699642,0.32543852699717485,-0.44888389453515637,-0.3844279407877194,416
664,0.3533817425679535,0.41069140541027194,,,,,419
665,-1.0831146293001221,0.5292921475887405,-1.7334450523108602,0.7996738941180903,-2.238006806790234,0.29131746588620877,406
666,-0.8944878166360403,1.1043803690801093,-0.4922146119120415,0.4431570318159792,-0.9990475302292344,0.4811645978595203,423
667,1.1765471060978492,0.503899540763658,,,,,418
668,-1.1808632550879554,0.6706616616752684,-1.212708321437858,0.5477838857832394,0.17364700404969566,-3.413219577116536,431
669,-0.021929975478235237,0.32370267223243365,0.25127895119570454,0.34253026700206046,0.3657899233730671,-2.1773826982970883,421
670,0.5769306896962437,0.4960718098564997,,,,,395
671,-0.45662200855129503,0.4060094976514101,,,,,422
672,-0.485823275622926,1.7878388054495216,,,,,398
673,0.24051226753392646,0.46175491509393085,,,,,410
674,0.13135228299944665,0.4679969050398662,,,,,396
675,-1.3311842206509539,0.4841518415555989,,,,,420
676,0.44533865975702,0.6338244186877963,,,,,384
677,-0.17666495636768306,0.2794409925077458,-0.41404321100882385,0.2688294639420449,-0.20252074165173203,-1.1206101520568412,420
678,0.2289164690956815,0.5184797795006356,0.23078005544051297,0.6045897987597025,-0.36054126712037227,0.7744319414288311,413
679,1.0141057648752632,0.7315054513977891,,,,,420
680,-0.12647178008338908,0.42645803918697306,0.0017149798895105361,0.39527058695843625,-0.03422715966761433,0.6561147777318096,423
681,-0.35564926548832654,0.4166331340400356,,,,,410
682,-0.6431312872261086,0.4219320538630711,-0.3834059500468871,0.3482172049149816,-0.3414585382044992,-1.1840393866736272,442
683,-0.5776939918337111,0.6017895808691077,-0.5417504521982429,0.54066515728388,-1.2430437829487402,-0.09198563077069306,437
684,-0.7968186557090037,0.5439908370367501,,,,,414
685,0.25172011899174085,0.4370110217821248,,,,,408
686,0.16490686596595572,0.53064377288119,,,,,395
687,-0.037933621082538296,0.5199728659690316,-0.02352910302339799,0.44550508713212456,0.06111210954036034,-0.057305285901104876,413
688,-0.02937834420074597,0.3264930183184867,0.2032722511651529,0.2982940573515469,-0.09007960190335175,0.69257401271718,425
689,0.5805371015469573,0.9821957937285576,,,,,390
690,-0.16534244493739692,0.42448229010087773,,,,,410
691,-0.16247786537085712,0.2867034113364538,,,,,393
692,0.36503629381644664,0.33624195971825926,,,,,409
693,-0.9222449911209487,0.5047772720098729,,,,,403
694,-1.5164679392649638,4.786181285193199,-1.8747369558811187,0.6229698214769176,-1.877162720534088,-0.06752985481231752,409
695,-0.30949611480762235,0.39637121962137845,,,,,400
696,0.23439817074953362,0.49689291000415803,,,,,390
697,0.05391623735333315,0.6781359261625299,0.6454903686980178,0.2960442666757764,0.4768886427694298,0.7913830840492524,427
698,-0.7223219958638234,0.4637920873376502,-0.4956268320679601,0.5057522392649137,-0.9909299715803229,-0.48671297433160526,412
699,0.05825657449958036,0.6084430139645308,-1.421430244593621,0.6331787012237998,-2.003977862354442,1.2462231141599822,425
700,0.849816846194173,0.5695395806427462,,,,,431
701,-0.019651222860279916,0.40251380466520825,0.517468030541589,0.3660839968327583,0.27341158756767975,0.715907007255598,422
702,-0.3859076781124928,0.28606707441753665,-0.17423141206233406,0.2720459083907053,0.32667571409720386,-2.005882467977115,407
703,0.5053031486489453,0.32065943909344397,,,,,396
704,-0.6463556751864029,0.44955632396081596,-0.6618265314963291,0.37246709530313915,-0.6999568681633439,-0.3925195966889316,424
705,-0.2024815837662206,0.5020304689112873,0.14553098938939193,0.472605011115204,0.1323548227396753,0.16104982751696578,446
706,-0.332976170647217,0.4221640989743953,,,,,435
707,-0.9687520498004468,0.5942066139666984,-1.9055691731934536,0.5459492680469794,-1.9960606949280024,-1.850460302531963,428
708,-0.6941540885019534,0.47540922381834727,-0.5866593619520151,0.8653879347416611,-0.33174920791616125,-2.4251895005090507,409
709,-0.8686459735677889,0.36098801589193086,-1.0948376081128082,0.34163298865814673,-0.8307011502936166,-1.974898072912729,419
710,-0.08164132807569177,0.3576200340391132,,,,,412
711,-0.037799824467572886,0.22588717713731268,0.08178656437023238,0.28896631050445276,-0.6492210830553389,1.0188353428277663,413
712,0.7994358175485958,0.3679025663407149,,,,,398
713,0.2500656561972141,0.3622672750913755,,,,,406
714,0.08358909962955685,0.3198823596020305,,,,,397
715,0.6800227328050266,0.5275356873177091,0.7658669423626703,0.3849026240241119,0.7257974467142002,1.0778805536288323,412
716,0.18450214490711517,0.389981481374226,-0.029027597319336764,0.4209285885961465,0.1760940820144409,-0.2590495281762024,432
717,0.7322112006193967,1.4727112015192916,,,,,418
718,0.10196626746760383,0.4543738389258931,0.07238287967683475,0.4261741099293857,-0.03903700351988,0.39879015622559494,418
719,0.9014905471205373,1.0806775183109116,,,,,411
720,0.04322156203749448,0.44599010048419446,-0.04287216115293898,0.40375585731136604,0.13796064273738848,-1.2702138256688584,412
721,0.09826799981323431,0.4386958651112411,,,,,404
722,-0.7224381233316339,0.41696505521352645,-0.6500651447757658,0.42545673228390596,-0.6451233780654029,-0.8560451773434952,407
723,0.924131981530974,0.3645099139098067,0.9323550201071686,0.36917941954803857,0.7699126158308003,1.5528006516027304,429
724,-0.46810964400166516,0.39124739623490834,-0.5941229486094822,0.29428799690390195,-0.6441637530077958,-0.5540464839079348,441
725,-0.23160156160068548,0.6599946769266917,,,,,420
726,0.010353215856851923,0.381030023786031,0.23421616095290104,0.5555461539735081,0.2554826527785038,-0.260641492582538,414
727,0.2781552847507021,0.41383787194399824,,,,,395
728,1.19212058864656,0.6123512750961327,0.9412264709752614,0.9512570275929474,1.0021655529136926,0.5874746781347665,421
729,0.5968321193365711,0.6811426806359713,,,,,398
730,0.4814707294273319,0.3490901116207868,,,,,407
731,0.2247708580618788,1.0729871065496106,,,,,420
732,-0.007191639706426265,0.857922372199344,0.13395195502750012,0.48545645983907365,0.06288906404905348,0.2726385205417104,434
733,-0.5582478719963407,0.5374965688818634,0.4956290771904524,0.6118955275763941,-0.9449744107224454,1.6224046254538655,423
734,-0.3367183766972565,2.5140814070401145,,,,,417
735,-0.2613053334986506,0.539063507714882,0.02173588500145848,0.5734302174070108,-0.020160396573201463,0.3495113167215365,417
736,0.1956499754724172,0.3891644996989488,,,,,391
737,-1.129279954797462,0.8403164948518221,-0.5331708804959672,0.34011264801557933,-0.6499826924632748,-0.46788867652419025,407
738,-0.7042707829959394,0.5176022324949477,,,,,420
739,0.2704580916895684,0.5779997207174012,,,,,428
740,0.09289654601444683,0.6853016725692833,,,,,426
741,-0.7915332542282754,0.4349799227150157,-1.164503107704461,0.43728599157160136,-1.225936585440133,-0.6744410800764881,430
742,0.9689978212373894,0.342779353665632,1.1583361330542241,0.3616303604324081,0.7643501881912155,1.4286967493891602,439
743,0.10044633040192814,2.1463098883149447,-0.04029504293858655,0.4541669097112845,0.17114447271771893,-0.37232424057512054,420
744,-0.3973711172417515,0.34507230339176903,-0.27673300464508077,0.3166316592747464,-0.15166398148774735,-0.4818407262723155,418
745,0.13946726863649778,0.4292020901397375,-0.13829944605292324,0.3334114517050209,0.23646161588081238,-0.4069008554851354,409
746,0.30594546946016804,0.48847242772602745,0.0381074423581193,0.5137830814670221,0.7397608603631098,-1.064937107296412,408
747,0.26071664104553766,1.8060318095050865,,,,,407
748,-0.42355664700362033,0.44926584320776564,,,,,401
749,0.14660685459007744,0.3373030279957372,,,,,409
750,-0.474906430066869,0.5781372661826233,-0.011535556246239382,0.4660518738997206,-1.064043795612402,1.0916464705421594,416
751,-0.679821823348073,0.3144167943643967,-0.3128132463826177,0.29592212280837854,-0.48346545022071036,0.08725422435259882,427
752,0.07645859758918028,0.9036511481625971,0.4862651027301979,0.6231060158607583,-0.7929625653993715,1.6284504969359104,416
753,-0.2197568257140483,0.5877151912697587,,,,,402
754,-0.12915244660228198,0.5640195192825257,-0.39926362837453,0.41990434949885164,-0.39744690949308886,-0.4026896728543918,434
755,-0.8328918675239773,0.49074083478084735,-1.050893897854641,0.4971611819504809,-0.9806465222597164,-1.182127161671114,420
756,0.34645505310031954,0.3635214597938839,,,,,428
757,-0.12674308246158797,0.5635433855328237,,,,,397
758,1.5246546796512723,3.5210363708614394,2.3225305151101345,0.9816939446397263,0.9933126281285919,2.4590900990399263,421
759,-0.9486095479275016,0.5978505141014483,-0.6208446198149612,0.4909148204819409,-0.8556952916293977,-0.19609041490243836,437
760,-1.0764561609913335,0.9576377039851117,-2.0276650748951077,0.8323588610721967,-1.0161848101445672,-2.114452878107683,447
761,-0.36158608913690116,0.6090730407743499,,,,,421
762,-0.39628933199568045,0.3449830651053613,,,,,399
763,-0.03883439367533156,0.4707449005013394,,,,,414
764,0.024481117428314957,0.5915648197309583,,,,,409
765,0.6949147986694557,0.32975552022432114,0.5825085225202686,0.2982090081056995,0.5988428170102555,0.569608665879495,425
766,-0.1468264576963538,0.5068601501070991,,,,,399
767,0.5547262585960021,0.4448902014679365,,,,,392
768,0.2195205945990538,0.26625368281007106,,,,,386
769,-1.0088841032019835,0.460970126422887,-1.3269483072571397,0.7491865129817897,-0.7520640201512149,-1.631627148149108,433
770,0.48550945975328647,0.46160258382028024,,,,,401
771,-0.5417718976032937,0.5811924499166211,-0.36579903684812365,0.5926513390017056,-0.9575886721381813,0.5609483727342055,420
772,1.0230926912866063,0.246986066505352,,,,,390
773,0.2743616591183554,0.3580540239348202,0.3476441196002522,0.3775172987757383,0.48871811156134964,0.17533878202401848,427
774,0.23804493352288653,1.0703784525968332,0.2790580177148982,0.28211140711457233,0.35446040051500505,-1.57394860260575,432
775,0.32021780417711493,0.41149429258693887,,,,,423
776,-1.3874054528892987,0.5448920879809029,,,,,400
777,-0.5819642885914071,0.8718962405289252,-1.2395288318043933,0.5736098809264566,-1.878347254457538,2.556995179531423,422
778,-0.037990851487300754,0.39496202812332887,,,,,427
779,-0.9023683778826537,0.6560196365237393,-1.0467458772534413,0.5426970555329494,-1.608846130034768,0.015210700028304738,421
780,-1.1163876137604143,0.6704064123766378,,,,,414
781,-0.09775872343041105,0.4082536784515695,,,,,395
782,0.2793816417760384,0.31186354640679503,0.17054376728402024,0.4595584012795936,-0.1874931366064955,0.5403373884923672,410
783,-0.12677227820410497,0.35730692415655413,0.014675173786193324,0.2989416096065349,-0.017016815434797956,0.8101621586391541,444
784,-0.05462363892603573,0.4654564310179937,,,,,422
785,-1.842158982309601,0.972059852988782,-1.8830432954680019,1.1865588650570755,-1.4628761165603816,-1.916639845106934,440
786,-0.49899811291755475,0.738264347229782,,,,,383
787,0.15007770661305125,0.22471647969446995,-0.0016981001978514352,0.17110713407413822,0.0012926327044168744,-0.1389513493745839,420
788,-0.3909428415344314,0.605195212683772,-0.6203883008112253,0.5454172308729089,-0.5255323849517468,-1.839112756577173,422
789,-0.446500015743064,0.47323065496477773,-0.4014446636201975,0.24137789809451626,-0.35310583139655,-0.42952394522889115,421
790,0.4384130058154849,0.3605791361221032,,,,,388
791,0.12274058073029351,0.36889178543078643,,,,,394
792,-0.7788051529838534,11.648799635562263,,,,,406
793,0.7576323351910648,0.8089520843285326,,,,,423
794,-0.16178974183271758,0.44184391020604274,-0.33251418996440607,0.2827690487705362,-0.3959929547141755,0.0389835820126371,432
795,1.2475927296624623,0.4845763428051821,1.1244377328271256,1.1161569933623026,1.544147236613288,1.0972165255313144,437
796,-0.11296544730274546,0.6000755266387796,,,,,415
797,0.14855844669351467,0.3287548462443902,,,,,398
798,1.5385685032187073,6.95242068914922,,,,,434
799,-0.11153367547855463,0.47891423987815634,,,,,405
800,1.138882427604357,0.3956318825318593,,,,,419
801,-0.4320773228569875,0.3461782280724438,-0.6666624082621528,0.33051162036987,-0.4187541208339912,-1.1379130368439372,418
802,-0.5628954002705491,0.240192750182671,-0.9376514513514453,0.31905693950715724,-0.4801233012326107,-1.6116962287136765,432
803,0.7608578502479089,0.5882073332210963,0.4966804461695075,0.30496452174941774,1.3872196360760802,-0.7715579652032549,407
804,-0.218142373835577,8.166426547675142,0.6763324900673421,0.6203249578806724,0.6698345842748096,0.9197744672135869,438
805,0.5269324396473581,0.4261978139901203,,,,,418
806,-0.6396997400329817,0.4255689322646841,,,,,402
807,-0.08078607813997647,0.47498191491562786,0.2178795727977762,0.7628036209363638,-0.1349696233985362,0.5692293769439926,413
808,0.1596766778347696,0.3154799341947445,0.5402922135244793,0.28839712781291843,0.6002912499552242,0.11477015335280816,439
809,-0.1936925010129104,0.3121785813122935,-0.5525985031265345,0.30531842595533704,-0.023748284069654884,-2.6472354265009397,431
810,-1.4611657370567237,0.591727246967441,-0.32599448308246887,0.5173805780835401,-0.046087653768760166,-3.079292475009059,427
811,0.5738121523075367,0.3929316511767312,,,,,401
812,-0.028877327008710575,0.5019969648952695,,,,,405
813,-0.1351369142889891,1.2691664171507988,-1.2519469362545392,0.7182682722620808,0.6275776451158306,-3.179159422391802,437
814,-0.18389397990009407,0.30419879363836977,-0.20056562613688997,0.49729210082148034,-0.1526662114877073,-0.431008727553538,438
815,0.1389760766502943,0.3273535831381518,,,,,397
816,0.9412855636005973,0.6838725951168511,1.3241011814278594,0.7301345687681473,0.6538144436510125,2.550375677521102,434
817,-0.18012681532789138,0.268756458886756,0.1484150332310267,0.2539686992370286,-0.04048936526727052,2.457477884965494,417
818,0.3793009164118534,0.3761315467619423,,,,,418
819,-0.30730406970898144,0.2910423117592881,-0.3160283241011971,0.34782686060901485,-0.11645834304799223,-0.670367045965211,427
820,0.10141018664668322,0.5803530621043884,,,,,413
821,-0.10125658200423475,0.5764840506108779,,,,,392
822,0.21700140566585246,1.0166006970188848,,,,,402
823,0.3856132665628739,0.4455075726191614,0.5354020080665051,0.2554532565270083,1.1507050136459935,0.39488265339717166,438
824,-0.18352140760989344,0.26979310473307233,-0.26564178665667265,0.34607376164267317,-0.23545334990809963,-0.29589583691815424,422
825,0.037670044960817516,0.29387155857520686,,,,,423
826,-0.7756558965173389,0.34208588428200537,0.5404370551152988,0.45137494357987834,-0.7788509028946866,0.7707895188712549,415
827,0.6962698376533295,0.3996592891040557,0.68292376237322,0.3618737415667039,0.473613194224299,0.7495767192139375,454
828,-0.3148512337606721,0.49417821596877853,,,,,387
829,-0.23129138319266865,0.8042190895279776,,,,,398
830,-0.23916514269252623,4.990412382548813,-0.294050677528432,0.3575861325316932,-0.27241118745249654,-0.737686046518128,429
831,-0.09919299828371682,0.5000075104802836,0.14582062200234375,0.33095290335419214,-0.14245298382543106,0.6844822961052549,433
832,0.2674599758095373,0.3102152603261847,,,,,420
833,-0.3397951556284423,0.7707316586231213,,,,,424
834,-0.816355492478133,0.621313602805848,,,,,412
835,-0.38784187753501653,0.3549658499411795,,,,,426
836,0.8930004614200476,0.388315155990689,0.6153186675593555,0.3458923530220296,0.611955606893728,1.3574693922746062,421
837,-0.510264072450634,0.6949501374323714,,,,,413
838,-1.0193491923575388,0.37955012840810304,-1.0030990530577726,0.39212229357985706,-1.2822782263067163,-0.6859721146096918,420
839,-0.15351959091312314,0.32056980552459413,,,,,393
840,-0.30383398907578174,0.4763305572671855,,,,,441
841,-0.3471691490775817,0.535219747125005,,,,,434
842,0.8089657296019729,0.8441886565013551,,,,,389
843,-0.28716175191363236,0.359951202567092,,,,,410
844,0.9703415089118156,1.2919867143123998,1.479443817042971,2.0469623577387805,0.8218223888915089,1.5662787535448195,413
845,0.18305868734229996,0.507551908807864,,,,,409
846,-0.8091406161022353,0.3110533207034933,,,,,394
847,0.20124618725634097,0.4048174948211147,,,,,401
848,-0.2499664407192727,0.7925708732476242,,,,,398
849,-0.38655513673997394,0.2772298803281356,,,,,410
850,0.2374102791469965,0.26698922178522977,,,,,404
851,-0.044624552319099196,0.5291675582846873,-0.5690647923830994,0.5101109072942653,-1.3830516121518988,0.8432064266530759,419
852,-0.1879824028302867,0.49930812267074576,,,,,413
853,-1.1753894747931877,0.5947978107074071,-0.8011946513981879,0.4810443968269591,-0.47235342827714055,-4.097955071528604,419
854,-0.2542689720850573,0.45856432973999295,-0.3394716733900317,0.4561439925940272,-0.4230088309034489,-0.20167564304406393,425
855,-0.9767687811810037,0.4748737405084659,-0.5929500801732617,0.4757535912956649,-0.8482795645473349,-0.12734920136766698,413
856,-0.717097675031268,0.49100200839573194,,,,,416
857,-0.7539597844890978,0.2743659234052301,,,,,398
858,0.254114078727535,0.5843338633831461,0.36804577198843197,0.5480106368950138,0.48073418475171603,-0.6285227353139409,406
859,0.6512484126721504,0.9964346324442954,,,,,397
860,0.23101333688810216,0.3996336715336504,,,,,421
861,-0.708023999275217,0.8191240568190992,,,,,399
862,1.7468910628824608,0.42952156844650197,1.5432082447637934,0.3567051087820405,1.3812704160607225,3.144571709980365,427
863,-0.18075166881508153,0.30353549392386026,0.46056135189174063,0.3949914311289502,0.5468446572604192,-1.28566416330621,418
864,-0.9532612915426597,0.5121116190136688,-0.9844382412723562,0.4242993611668301,-0.9874714646907541,-0.4661562497640907,416
865,0.2224910146242175,0.42150318200501496,,,,,403
866,-0.007198841240302715,0.4337897144203011,-0.42707358577238336,0.4213861271829717,-0.3181383194059855,-0.6412326178649512,421
867,-0.8601992227219022,0.8436304526074792,,,,,401
868,-0.3535776900458468,0.6670724760302488,-0.988854856456562,0.5712171499565314,-1.4037293347555322,0.030126391248413712,430
869,0.05992339429528349,0.32255323380563883,,,,,398
870,-0.1300428452344158,0.644754856479628,,,,,389
871,0.33177588591596374,1.2598318904425982,,,,,400
872,-0.2309658576240133,1.2248533950390874,0.012321403027520305,0.3944759586605936,-0.7843243313775612,0.6855992118850116,434
873,0.5519150109661316,0.4448821003321173,,,,,436
874,-0.08116938947297114,1.0335640959470465,0.3477891389791407,0.7283277840491201,0.3720583765005844,-3.384539659038659,413
875,0.5473009333729243,0.5741186203080979,0.6999418317410363,0.9229083602062887,0.7769508493190265,0.3893637898505822,444
876,-0.023241694388495725,0.5574634515943554,,,,,449
877,0.7793390858857578,0.24764201473039285,0.6597488852399988,0.24882155346223794,0.5455934762840936,1.3118242937083502,420
878,0.8087486912993322,1.3829862617353814,1.4646221923831755,0.5143467316628576,0.16415407035199617,2.0445681979703854,457
879,-0.20363799168457608,0.3813505144128981,,,,,425
880,-0.05395983887234387,0.3071931830461485,,,,,421
881,0.17524135294125964,0.22699807100745853,,,,,406
882,-0.329319040956648,0.43866421359903957,,,,,380
883,0.37379805489304596,0.32345305864752877,,,,,384
884,0.6039247591531445,0.6308691271665917,0.5514179863343254,0.5887047638682775,0.6991267571571295,0.3666826744495894,424
885,0.46939618496912344,0.6534021776617089,-0.08301493948678215,0.8171255934898743,-0.08937420044016782,0.9281998776341858,437
886,0.04158610378502902,0.28770079194052645,,,,,419
887,0.4903072493587873,0.4705903103272574,0.652542450998528,0.39019625443437905,0.38144551799949683,0.94138902805003,419
888,0.892340989951703,0.589096829919127,1.2283147155977143,0.8037684917332638,1.2955069621878497,1.1077616839007183,433
889,0.18398790192934858,0.336319981952419,,,,,409
890,-1.286939676657591,0.5768400460549655,,,,,394
891,-0.9344770125220868,1.544051542948833,-0.8380778890991408,0.6009708797993961,-0.8776110048594796,-0.7516832872710221,416
892,0.4333609801267136,1.0830005388280788,,,,,397
893,0.020810429400038338,0.5002599554884244,,,,,405
894,0.7355166708003184,0.38913810441101443,0.8521412048260616,0.3144118059246236,1.173649066439791,-0.03233377779159307,432
895,0.44668673762320416,0.5702698605682989,0.30285784460827236,0.5085504811143913,0.30189793641117624,0.7937581021326179,407
896,0.42146308452874376,0.5239970061941716,-0.22458668529391956,0.5512905714832034,-0.3228103064593519,2.1511123290985057,426
897,-1.1844003060430468,2.110922363234045,,,,,404
898,-0.2378670930833339,0.6080109682940872,,,,,430
899,0.7404184720043229,0.6403231893685707,,,,,400
900,-0.013143595070369305,0.5023037187076648,0.8660793697521365,0.27554364441390816,1.0366045726818172,-0.3650845645294383,429
901,-0.6054141750836571,2.858659288324232,0.28760183286866425,0.4176116721843102,-1.5634509997554915,2.425511027505861,433
902,-0.37205828672757424,0.41021413459000267,,,,,401
903,-0.7198543455787259,1.036732234595203,-0.6316689457323074,0.44544915869158286,-0.5952158049415787,-0.6649374583505484,444
904,0.10771303048033545,0.45990875526231473,,,,,399
905,-0.37176433115636237,0.36403132920438785,,,,,408
906,0.1582792300819615,1.0016571276237882,,,,,419
907,-0.06582680040149806,0.3978113755440124,,,,,425
908,0.5569048751056337,0.5654125352447559,,,,,385
909,0.22147848786627217,0.5369805917015531,-0.5633916987216376,0.71698984061474,1.30919259391433,-2.946952532808503,435
910,0.47227303120867925,30.70252686696664,0.7358802967910382,0.42229979909619036,0.23296792341622738,1.6337483147651932,427
911,-0.4173570902645529,0.8071586199399662,,,,,417
912,-0.3910950269864412,0.4475796888858667,-1.5549708601904118,0.3588333896862822,-1.8404249176743097,-0.09768694640834875,428
913,0.21799715767733957,1.712307045941558,0.07042266363222376,0.5595898963437096,0.040371190912429834,0.12897325052062883,430
914,0.11501520288297021,0.44190716139855035,0.2430824639314528,0.43486615332776474,0.39426481591566354,-0.37393520079815523,418
915,0.46770652819871544,1.376551024685046,,,,,403
916,-0.9486795825268787,0.5000368397434166,,,,,408
917,-0.24622911050172772,0.793610466855722,,,,,423
918,0.45834444984643397,0.506740012179736,,,,,399
919,0.7181602093127799,0.23183842645466646,0.011969109431156469,0.47133801741044684,1.0611248638015374,-0.6962859608484955,413
920,0.37241059616347694,0.40925971606126693,-0.3234598729722766,0.4623452420642919,0.3436663328411106,-0.43241789739575437,420
921,0.6720793716902225,0.3938378527094881,,,,,414
922,0.46912589779222574,0.8031893404152403,0.6160131586201754,0.6870241141629196,0.7032624417602339,-4.229388732506087,424
923,-1.0180677683505228,0.46103278270699094,,,,,403
924,-0.7392339436428408,0.42421538511964385,,,,,400
925,-2.1780482456142547,0.7302782560284409,-1.1202579864362905,0.6300013809947702,-1.570415520537811,-0.6473611274664971,447
926,0.2140619713979211,0.3422032343822623,,,,,408
927,-1.1058847997320815,0.37463511712601794,,,,,407
928,0.6011373318146375,0.426532935634749,0.059883100603619004,0.3692536383338779,0.7163167894944816,-0.6707199143887357,409
929,1.0213091685596827,0.5498192419260087,,,,,399
930,0.04214657069097746,0.31063350911702986,0.16131856762950694,0.2231798298439572,-0.015263272469816513,0.2723949175313324,430
931,-0.18242044340978616,0.5315203070560781,0.29901985602240827,0.6074624635441999,0.37769310871647255,-0.9458335281875444,418
932,0.2836931011627217,0.3934071635535029,0.33400042475188935,0.33229426179505855,0.48550304462757166,-0.24082183932127071,426
933,0.2180223418367035,0.34648799162272687,,,,,446
934,-0.32537645209419297,1.0003810113012261,-0.09005451325582738,1.1966231012127784,-0.7016777086676447,0.5554239862539782,438
935,-0.908350833552984,0.4372665607025361,,,,,394
936,-0.599016767869655,0.4720818397219283,,,,,412
937,-0.23103138025099143,0.41587589992050195,0.4773723515025294,0.4468970548267022,0.5663671110214917,-0.5239503710282971,409
938,-0.9131529978470692,0.3424555003204066,,,,,416
939,-0.6525678298283635,0.3452205358066074,,,,,424
940,0.14892241027779843,0.6334990126868079,0.4018965377389164,0.4721511790285145,0.2449196543079939,0.532640331468935,422
941,-0.10306059762481633,0.44915716198623307,,,,,404
942,-0.4066319135670279,0.5027540392416834,,,,,399
943,-0.35973183233276607,0.4125705514142395,,,,,410
944,1.324273574092387,18.233058629278933,,,,,411
945,-0.18067220048512977,0.47710929720167317,0.2056817158316818,0.4026153489734847,0.10916058308756209,0.3206369415199801,432
946,0.10603683736288332,0.38557535919530783,0.20754470804465744,1.9881043808467835,0.23693275722802457,-0.3367727841849792,432
947,0.7886841890243926,0.24335258297925896,0.6809171184868943,0.24631758560399875,0.6674771446982122,1.2317833092165793,428
948,0.6622118016448456,0.493943896492251,,,,,400
949,1.3636379188293406,0.2742696697844619,1.6607239821768702,0.27202557931687643,1.4938564342802145,1.8575307017201725,424
950,-0.11996766214997084,0.7410228442520811,0.07760161008254841,0.6982930383394398,0.33425413943838933,-2.0294498282288465,430
951,-0.35027051871538706,0.47061516324714836,-0.3040194540823639,0.5188355071184448,-0.4740988192984141,1.0124994005936787,421
952,-0.1209070583707656,0.5471726995949041,-0.321679246461849,0.4877718184756195,-0.0009025868866071702,-1.0618231285838562,418
953,-0.7809490626202197,0.40172717550502507,,,,,430
954,0.44333110415977023,0.3930929531687388,0.6286390487998265,0.32825669993507234,0.2323445170867835,1.1886521517625743,434
955,-1.749467311329112,0.7317212653856907,-2.243894758881287,0.5492343495920675,-3.3123733473722243,-0.9964410856421245,439
956,0.32714850304071885,0.7985698418976157,1.0996546425548945,0.7114468163155875,-0.5572264423772323,1.8417466584452455,426
957,0.4276938166695448,0.5566715420630776,0.18097293573596596,0.44175443978480544,0.8265273578651796,-0.9050987175580941,422
958,0.8750583667082763,0.2706086859731018,0.7376369780835885,0.26360496964817176,0.9501078054325526,0.4199278263479313,408
959,0.2837668015220169,0.7488520996482343,,,,,398
960,-1.0294500725404045,0.6863862444164411,,,,,419
961,0.12248659531119849,0.5734263613040869,,,,,397
962,-0.17807715018381542,0.3213723725271337,0.04722539629905216,0.3619604665133287,-0.06270402839312264,0.7457737278571408,421
963,0.3155111486851267,0.755877713722777,,,,,413
964,-0.21487302036467437,0.4990265907805618,,,,,425
965,-0.755052769568158,0.3809975690807895,,,,,384
966,-0.9802942619116082,0.6772237776041083,-1.580377268151447,0.703780740858983,-0.03997829210867064,-1.6779469513343384,446
967,1.052986859026039,0.3698545645780181,,,,,410
968,-0.6585447375142136,0.42026933961669705,,,,,402
969,0.2789947101689268,0.3177576592801405,0.33866092903656864,0.3127482054010475,0.569421612679216,0.20502822906224427,407
970,-0.0730587757993936,0.5450112698014391,,,,,381
971,-0.5982463922002369,0.48011742830793774,,,,,428
972,0.368140349205811,0.5855631367973071,,,,,399
973,-1.9046863439893036,0.7827296607494495,-2.9264937023603403,1.2578149886081986,-1.0902768538831882,-3.020759869445215,409
974,-0.5749375649606234,0.845359144859532,,,,,414
975,-1.2445310144035513,0.5604493033737893,,,,,412
976,0.38492725486980406,0.9195555815003205,,,,,398
977,0.9687866695482042,0.5552405867858301,0.9561101386186613,0.4982221676642624,1.1747790946418077,-2.146245418271094,426
978,0.5850413811138323,0.4709373482605841,0.35395902047437716,0.7471001123646304,-0.15970598640917552,0.9431502993683147,443
979,-0.44301267824090684,0.3713129484155049,0.273192980660068,0.4067591792235366,0.190226875105585,0.5017855517120272,425
980,0.3273524304928593,0.5742154337899535,,,,,406
981,0.5562406632904605,0.9508437941618714,-0.17884206284333198,0.7050196003140208,-0.19942207476597265,1.5400612805902778,426
982,-0.5286190790048494,0.4974797586565347,,,,,409
983,-0.2394481906186556,0.6736068394389697,-0.5719189415666807,0.6364790197314639,-0.045158754922056066,-1.4388873624341691,431
984,-0.20157587605985333,0.5286738669140619,,,,,409
985,-0.5075246733418737,0.44806122408849347,-0.5323453280022167,0.5033365975208819,-0.6637715676338178,0.08061666513908039,443
986,-0.45475844518185404,0.6420131462633376,-0.5432632371812085,0.5529680493996173,-0.237544527161857,-0.5547832506988638,421
987,-0.5721347256500876,0.33644793879893653,-0.9492264682630376,0.2929915246635895,-0.36324666978822495,-2.250312134131904,411
988,-0.6196533542243022,0.9437531145746827,-0.6812409349584215,0.8589858339515464,-0.5490306761610814,-0.7543689724652459,417
989,-0.17211562094701285,0.48467700774581646,,,,,414
990,-1.6035469324215006,0.6203836156726587,,,,,412
991,-0.17013202318281792,0.9435599884087422,,,,,416
992,-0.3330150454724331,0.7287651313975919,,,,,439
993,0.3167051643549971,0.27401320878977425,,,,,419
994,0.937095731344998,0.7152435498836599,,,,,428
995,0.1024761094471471,0.4432597216638521,0.13258403460793317,0.47127398631675665,0.9929863889469711,-1.0883874287697197,431
996,-2.0142495259381223,1.792777327406402,0.113522996489458,0.6956453885463921,-1.7230422891395198,0.5182970247537432,433
997,-0.6762089575569942,0.5320437073197735,-0.46539846705444227,0.4791961789648577,-0.44532817757289705,-1.7608005143387702,430
998,-0.47591145260285495,0.4427728886709327,,,,,394
999,-0.39893618790305896,0.5714387524314541,,,,,400
